用户说法,user_data
导航去云浮市,返回|主界面|通知栏|应用列表
就是位于迎宾路的云浮市,返回|主界面|通知栏|云浮市|距离124|地址云浮市广东省云浮市云城区迎宾路
搜索迎宾路的云浮市附近的加油站,返回|主界面|通知栏|云浮市|距离124|地址云浮市广东省云浮市云城区迎宾路
选择距离近的,返回|主界面|通知栏|加油站黄埔大道中|广州市黄埔大道中413号|东圃加油站|广州市中山大道997号|新圃加油站|广州市中山大道中247|东安加油站|广州市中山大道西903|爱德加油站|广州市中山大道中993
开始导航,返回|主界面|通知栏|加油站黄埔大道中|广州市黄埔大道中413号|东圃加油站|广州市中山大道997号|新圃加油站|广州市中山大道中247|东安加油站|广州市中山大道西903|爱德加油站|广州市中山大道中993
带我去乐亭南收费站,返回|主界面|通知栏|缩小图面|放大图面|仅供测试
取消，搜索离乐亭南收费站附近的理发店,返回|主界面|通知栏|乐亭南收费站012沿海高速入口唐海方向|唐山市乐亭县|乐亭南收费站012沿海高速出口乐亭南方向
带我去最近的那家,返回|主界面|通知栏|格式美发造型|唐山市乐亭县|名流造型|多多福美容美体养生馆|敬华美发|炫彩美容美发兴旺路
导航,返回|主界面|通知栏|富安娜家纺飞霞北路|距离19|地址温州市飞霞北路317号
我要去彭州白鹿镇,返回|主界面|通知栏|路线偏好|时间最短|8小时34分钟|742公里|红绿灯13个|收费430元|距离最短|8小时48分钟|732公里|开始导航|设置车牌避开南京市外地车限行|缩小图面|放大图面|仅供测试
那就去村民委员会,返回|主界面|通知栏|白鹿镇|距离193|地址成都市彭州市
是白鹿村村委会，不是回水村的,返回|主界面|通知栏|正源乡辕门村民委员会|广元市旺苍县|茶园乡茶园村民委员会|白水镇卢家坝村村民委员会|剑门关镇剑雄村村民委员会|广元市剑阁县|青川县青溪镇阴平村民委员会|广元市青川县
走最近的路线,返回|主界面|通知栏|正源乡辕门村民委员会|广元市旺苍县|茶园乡茶园村民委员会|白水镇卢家坝村村民委员会|剑门关镇剑雄村村民委员会|广元市剑阁县|青川县青溪镇阴平村民委员会|广元市青川县
导航开始吧,返回|主界面|通知栏|剑门关镇剑雄村村民委员会|距离10|地址广元市剑阁县
帮我导航到江北机场,返回|主界面|通知栏|加载中
搜索江北机场附近的酒店,返回|主界面|通知栏|重庆江北国际机场|重庆城区两路镇机场路|重庆江北国际机场1航站楼|重庆城区两路镇重庆江北国际机场|重庆江北国际机场2航站楼
选择价格最低的,返回|主界面|通知栏|万达酒店昆明长水机场店|官渡区大板桥镇二甲村近长水机场附近距离昆明长水机场仅1015分钟车程|详情下拉图片|昆明长水机场旅居精品酒店|大板桥镇五甲新村内酒店提供24小时免费接送机服务距离机场810分钟车程|昆明长水机场宝利莱酒店|昆明官渡区长水机场商圈内大板桥镇汉正街近长水机场|昆明好在来酒店长水机场|大板桥街道办事320国道与机场高速入口交叉口|昆明金盛度假酒店长水机场店|昆明长水机场花箐村53号提供24小时免费接送机服务距离机场58分钟车程
导航吧,返回|主界面|通知栏|万达酒店昆明长水机场店|官渡区大板桥镇二甲村近长水机场附近距离昆明长水机场仅1015分钟车程|详情下拉图片|昆明长水机场旅居精品酒店|大板桥镇五甲新村内酒店提供24小时免费接送机服务距离机场810分钟车程|昆明长水机场宝利莱酒店|昆明官渡区长水机场商圈内大板桥镇汉正街近长水机场|昆明好在来酒店长水机场|大板桥街道办事320国道与机场高速入口交叉口|昆明金盛度假酒店长水机场店|昆明长水机场花箐村53号提供24小时免费接送机服务距离机场58分钟车程
前往山东省济南市商河县,返回|主界面|通知栏|路线偏好|距离最短|15小时32分钟|1362公里|红绿灯8个|收费715元|收费较少|15小时55分钟|1411公里|开始导航|设置车牌避开十堰市外地车限行|缩小图面|放大图面|仅供测试
就是明辉路的商河县,返回|主界面|通知栏|商河县|距离1619|地址济南市山东省济南市商河县明辉路
搜索商河县附近的景点,返回|主界面|通知栏|商河县|距离1619|地址济南市山东省济南市商河县明辉路
我要去免费的,返回|主界面|通知栏|古城遗址|济南市商河县|汉墓群|清真寺
可以导航了,返回|主界面|通知栏|古城遗址|济南市商河县|汉墓群|清真寺
我想去徐州走高速,返回|主界面|通知栏|路线偏好|距离最短|15小时32分钟|1362公里|红绿灯8个|收费715元|收费较少|15小时55分钟|1411公里|开始导航|设置车牌避开十堰市外地车限行|缩小图面|放大图面|仅供测试
我想去加油站,返回|主界面|通知栏|徐州市|距离760|地址徐州市江苏省徐州市云龙区汉风路
那就去连徐高速议堂加油站,返回|主界面|通知栏|水心加油站过境路辅路|温州市鹿城区|加油站西山东路|温州市瓯海区|广化加油站|吴桥加油站|温州市吴桥路90弄3号|交运石油南站加油站|温州市飞霞南路918弄7
开始导航,返回|主界面|通知栏|永嘉县上塘镇高速办|温州市永嘉县|永嘉收费站26诸永高速出口峙口方向|永嘉收费站26诸永高速入口杭州方向
导航到淮安机场高速路口,返回|主界面|通知栏|路线偏好|距离最短|15小时32分钟|1362公里|红绿灯8个|收费715元|收费较少|15小时55分钟|1411公里|开始导航|设置车牌避开十堰市外地车限行|缩小图面|放大图面|仅供测试
去机场高速和机场路,返回|主界面|通知栏|25长深高速入口淮安机场方向|淮安市涟水县|淮安机场出口25长深高速出口东北向|淮安机场出口25长深高速出口西南向|机场收费站25长深高速出口方向|淮安涟水机场|淮安市空港路1
选择红绿灯最少的路线,返回|主界面|通知栏|25长深高速入口淮安机场方向|淮安市涟水县|淮安机场出口25长深高速出口东北向|淮安机场出口25长深高速出口西南向|机场收费站25长深高速出口方向|淮安涟水机场|淮安市空港路1
导航,返回|主界面|通知栏|25长深高速入口淮安机场方向|淮安市涟水县|淮安机场出口25长深高速出口东北向|淮安机场出口25长深高速出口西南向|机场收费站25长深高速出口方向|淮安涟水机场|淮安市空港路1
带我去四川成都,返回|主界面|通知栏|路线偏好|距离最短|15小时32分钟|1362公里|红绿灯8个|收费715元|收费较少|15小时55分钟|1411公里|开始导航|设置车牌避开十堰市外地车限行|缩小图面|放大图面|仅供测试
位于人民东路86号的成都市,返回|主界面|通知栏|成都市|距离1662|地址成都市四川省成都市青羊区人民东路86号
选择经过加油站的线路,返回|主界面|通知栏|成都市|距离1662|地址成都市四川省成都市青羊区人民东路86号
导航开始吧,返回|主界面|通知栏|成都市|距离1662|地址成都市四川省成都市青羊区人民东路86号
我要去卢集县人民政府,返回|主界面|通知栏|加载中
去安义县乡政府,返回|主界面|通知栏|南昌县人民政府|南昌市澄湖北大道澄碧湖大厦内|进贤县人民政府|南昌市民和路与中山大道交叉口|安义县人民政府|南昌市解放路县政府大院内|溪霞镇人民政府|南昌市溪霞镇|罗亭镇人民政府|南昌市罗亭镇
不是长均乡而是东新乡,返回|主界面|通知栏|乔乐乡政府驻地|南昌市安义县|安义县人民政府|南昌市解放路县政府大院内|安义县政府金融工作办公室|中共安义县委县人民政府信访局|新民乡人民政府|南昌市向坪路1号
走最近的路线,返回|主界面|通知栏|乔乐乡政府驻地|南昌市安义县|安义县人民政府|南昌市解放路县政府大院内|安义县政府金融工作办公室|中共安义县委县人民政府信访局|新民乡人民政府|南昌市向坪路1号
可以导航了,返回|主界面|通知栏|长均乡人民政府|距离25|地址南昌市长均乡
帮我导航到明光市,返回|主界面|通知栏|缩小图面|放大图面|仅供测试
位于广场路68的明光市,返回|主界面|通知栏|明光市|距离1167|地址滁州市安徽省滁州市明光市广场路68
优先走高速,返回|主界面|通知栏|明光市|距离1167|地址滁州市安徽省滁州市明光市广场路68
开始导航,返回|主界面|通知栏|明光市|距离1167|地址滁州市安徽省滁州市明光市广场路68
前往衡山路五三三号,返回|主界面|通知栏|缩小图面|放大图面|仅供测试
去迎宾路一号停车场,返回|主界面|通知栏|路线偏好|距离最短|2小时14分钟|197公里|红绿灯10个|收费90元|方案2|2小时37分钟|226公里|开始导航|缩小图面|放大图面|仅供测试
选择红绿灯最少的路线,返回|主界面|通知栏|停车场一号路|上海城区闵行区|古北壹号停车场|香港丽园一号停车场|上海城区虹口区|停车场十钢一号路|上海城区长宁区|上海城区淮海西路570号
导航,返回|主界面|通知栏|停车场一号路|上海城区闵行区|古北壹号停车场|香港丽园一号停车场|上海城区虹口区|停车场十钢一号路|上海城区长宁区|上海城区淮海西路570号
我想去滨州火车站,返回|主界面|通知栏|路线偏好|距离最短|2小时14分钟|197公里|红绿灯10个|收费90元|方案2|2小时37分钟|226公里|开始导航|缩小图面|放大图面|仅供测试
那就去兴福镇火车站,返回|主界面|通知栏|滨州站|距离844|地址滨州市黄河二十路附近
搜索兴福镇火车站附近的酒店,返回|主界面|通知栏|北郊站|上海城区寿阳路1500|杨浦站|上海城区周家嘴路4041号|庄桥站|宁波市江北区|宁波站|宁波市海曙区|汉川站|孝感市汉川市
选择价格最低的,返回|主界面|通知栏|汉庭海友酒店武昌火车站店|武昌区津水路6号起义门方向|详情下拉图片|武汉福缘百合连锁酒店武昌火车站店|中山路424号万金国际广场1号楼4紫阳东路与中山路交汇处地铁4号线武昌火车站出口|武汉德莫快捷酒店武昌火车站店|武昌区白沙洲大道405号近烽火村公交站|莫泰168武汉汉口火车站发展大道复兴一村店|江汉区发展大道421号发展大道常码头加油站斜对面|武汉尚客优骏怡连锁酒店汉口火车站店|江汉区发展大道汉口火车站金墩街13号城市便捷酒店旁
导航开始吧,返回|主界面|通知栏|汉庭海友酒店武昌火车站店|武昌区津水路6号起义门方向|详情下拉图片|武汉福缘百合连锁酒店武昌火车站店|中山路424号万金国际广场1号楼4紫阳东路与中山路交汇处地铁4号线武昌火车站出口|武汉德莫快捷酒店武昌火车站店|武昌区白沙洲大道405号近烽火村公交站|莫泰168武汉汉口火车站发展大道复兴一村店|江汉区发展大道421号发展大道常码头加油站斜对面|武汉尚客优骏怡连锁酒店汉口火车站店|江汉区发展大道汉口火车站金墩街13号城市便捷酒店旁
导航去南岳,返回|主界面|通知栏|路线偏好|距离最短|2小时14分钟|197公里|红绿灯10个|收费90元|方案2|2小时37分钟|226公里|开始导航|缩小图面|放大图面|仅供测试
就是祝融路69号的南岳区,返回|主界面|通知栏|南岳区|距离1029|地址衡阳市湖南省衡阳市南岳区祝融路69号
选择经过加油站的线路,返回|主界面|通知栏|南岳区|距离1029|地址衡阳市湖南省衡阳市南岳区祝融路69号
可以导航了,返回|主界面|通知栏|南岳区|距离1029|地址衡阳市湖南省衡阳市南岳区祝融路69号
带我去新郑郑王陵博物馆,返回|主界面|通知栏|加载中
位于文化路1的郑王陵博物馆,返回|主界面|通知栏|郑王陵博物馆|距离967|地址郑州市新郑市
走耗时最短的路线,返回|主界面|通知栏|郑王陵博物馆|距离967|地址郑州市新郑市
开始导航,返回|主界面|通知栏|郑王陵博物馆|距离967|地址郑州市新郑市
我要去西南城角,返回|主界面|通知栏|加载中
是城南桥不是城南一桥,返回|主界面|通知栏|路线偏好|时间最短|5小时28分钟|519公里|红绿灯15个|收费255元|方案2|6小时2分钟|564公里|方案3|6小时39分钟|622公里|开始导航|缩小图面|放大图面|仅供测试
搜索城南桥附近的加油站,返回|主界面|通知栏|路线偏好|时间最短|5小时28分钟|519公里|红绿灯15个|收费255元|方案2|6小时2分钟|564公里|方案3|6小时39分钟|622公里|开始导航|缩小图面|放大图面|仅供测试
选择距离近的,返回|主界面|通知栏|巴曹加油站自助站|温州市苍南县|加油站埭金线|加油站龙金大道|金乡旅顺加油站|宜山加油站埭金线|温州市东河路215
导航,返回|主界面|通知栏|巴曹加油站自助站|温州市苍南县|加油站埭金线|加油站龙金大道|金乡旅顺加油站|宜山加油站埭金线|温州市东河路215
帮我导航到凤城,返回|主界面|通知栏|路线偏好|时间最短|5小时28分钟|519公里|红绿灯15个|收费255元|方案2|6小时2分钟|564公里|方案3|6小时39分钟|622公里|开始导航|缩小图面|放大图面|仅供测试
那就去湘西州凤凰古城景区,返回|主界面|通知栏|凤城市|距离1420|地址丹东市辽宁省丹东市凤城市邓铁梅路18号
选择吉首市凤凰古城，不是文化路,返回|主界面|通知栏|湘西州凤凰古城景区|湘西土家族苗族自治州文化路|湘西土家族苗族自治州凤凰县
导航开始吧,返回|主界面|通知栏|湘西州凤凰古城景区|湘西土家族苗族自治州文化路|湘西土家族苗族自治州凤凰县
前往大华公路的康源足浴,返回|主界面|通知栏|路线偏好|时间最短|5小时28分钟|519公里|红绿灯15个|收费255元|方案2|6小时2分钟|564公里|方案3|6小时39分钟|622公里|开始导航|缩小图面|放大图面|仅供测试
位于西城一路的康源足浴城,返回|主界面|通知栏|康源足浴崮山路|上海城区浦东新区|康源足浴红松路|上海城区红松路587
我要走路况好的线路,返回|主界面|通知栏|康源足浴城|距离22|地址上海城区闵行区
可以导航了,返回|主界面|通知栏|康源足浴城|距离22|地址上海城区闵行区
我想去响水汽车站,返回|主界面|通知栏|缩小图面|放大图面|仅供测试
去响水客运站,返回|主界面|通知栏|响水汽车客运站|盐城市双园东路1号|响水县汽车运输有限公司客运站|盐城市黄海路131|响水县捐赠站|盐城市响水县|响水县防疫站|响水昌宇汽车城
那就去城北客运站吧,返回|主界面|通知栏|响水汽车客运站|盐城市双园东路1号|响水县汽车运输有限公司客运站|盐城市黄海路131|响水县捐赠站|盐城市响水县|响水县防疫站|响水汽配供应站
选择红绿灯最少的路线,返回|主界面|通知栏|城北酒楼|温州市昆阳镇人民路九州大厦|永嘉城北加油站|温州市向阳北街|城北口腔科锦湖路|温州市锦湖路108|乐清市城北乡预防保健站|温州市双贤路8
开始导航,返回|主界面|通知栏|城北酒楼|温州市昆阳镇人民路九州大厦|永嘉城北加油站|温州市向阳北街|城北口腔科锦湖路|温州市锦湖路108|乐清市城北乡预防保健站|温州市双贤路8
导航到汶上县第二人民医院全和预防接种门诊,返回|主界面|通知栏|路线偏好|躲避拥堵|5小时51分钟|501公里|红绿灯25个|收费245元|收费较少|5小时59分钟|506公里|开始导航|设置车牌避开上海市外地车限行|缩小图面|放大图面|仅供测试
就是龙翔路238号的龙翔路238号,返回|主界面|通知栏|汶上县第二人民医院泉河预防接种门诊|距离944|地址济宁市汶上县
是体检中心不是急救中心,返回|主界面|通知栏|汶上县第二人民医院泉河预防接种门诊|距离944|地址济宁市汶上县
走最近的路线,返回|主界面|通知栏|汶上县第二人民医院泉河预防接种门诊|距离944|地址济宁市汶上县
导航,返回|主界面|通知栏|汶上县第二人民医院泉河预防接种门诊|距离944|地址济宁市汶上县
带我去襄阳机场,返回|主界面|通知栏|缩小图面|放大图面|仅供测试
去机场路的机场,返回|主界面|通知栏|襄阳刘集机场|距离413|地址襄阳市刘集
那就去襄阳刘集机场,返回|主界面|通知栏|西安咸阳国际机场|咸阳市底张镇|西安咸阳国际机场1航站楼|咸阳市底张街道西安咸阳国际机场|西安咸阳国际机场2航站楼|咸阳市空港大道|西安咸阳国际机场3航站楼|西安咸阳国际机场2航站楼商务贵宾厅|咸阳市底张街道
导航开始吧,返回|主界面|通知栏|襄阳刘集机场|距离413|地址襄阳市刘集
我要去江都区政府,返回|主界面|通知栏|缩小图面|放大图面|仅供测试
选择扬州市江都区大桥镇政府,返回|主界面|通知栏|扬州市江都区人民政府|扬州市江淮路388号|扬州市江都区人民政府教育督导室|扬州市江都区|宜陵镇人民政府|扬州市文星路|浦头镇人民政府|扬州市浦头镇|武坚镇人民政府|扬州市武坚镇振兴路1号
搜索大桥镇政府附近的酒店,返回|主界面|通知栏|大桥镇人民政府东园路|扬州市大桥镇白沙中路1号|大桥镇|扬州市江都区|中国移动大桥镇南指定专营店|扬州市大桥镇
选择价格最低的,返回|主界面|通知栏|锐思特汽车酒店温州瑞安万松店|温州市安阳街道岭下路3034号|锐思特汽车酒店温州瑞安中通店|温州市万松东路625631
可以导航了,返回|主界面|通知栏|锐思特汽车酒店温州瑞安万松店|温州市安阳街道岭下路3034号|锐思特汽车酒店温州瑞安中通店|温州市万松东路625631
帮我导航到福宝文化城,返回|主界面|通知栏|路线偏好|距离最短|6小时31分钟|606公里|红绿灯11个|收费310元|方案2|6小时54分钟|661公里|方案3|8小时2分钟|746公里|开始导航|缩小图面|放大图面|仅供测试
岛依旁附近的渔文化广场,返回|主界面|通知栏|南诏文化城|大理白族自治州玉局路34号|文化西路|大理白族自治州祥云县|文化村公路|大理白族自治州剑川县|大众文化服务部|大理白族自治州漾濞彝族自治县|翰墨林文化服务|大理白族自治州巍山彝族回族自治县
选择红绿灯最少的路线,返回|主界面|通知栏|南诏文化城|大理白族自治州玉局路34号|文化西路|大理白族自治州祥云县|文化村公路|大理白族自治州剑川县|大众文化服务部|大理白族自治州漾濞彝族自治县|翰墨林文化服务|大理白族自治州巍山彝族回族自治县
开始导航,返回|主界面|通知栏|南诏文化城|大理白族自治州玉局路34号|文化西路|大理白族自治州祥云县|文化村公路|大理白族自治州剑川县|大众文化服务部|大理白族自治州漾濞彝族自治县|翰墨林文化服务|大理白族自治州巍山彝族回族自治县
前往栾城县,返回|主界面|通知栏|路线偏好|距离最短|6小时31分钟|606公里|红绿灯11个|收费310元|方案2|6小时54分钟|661公里|方案3|8小时2分钟|746公里|开始导航|缩小图面|放大图面|仅供测试
位于裕泰路的栾城县,返回|主界面|通知栏|栾城县|距离33|地址石家庄市河北省石家庄市栾城县裕泰路
搜索栾城县附近的景点,返回|主界面|通知栏|栾城县|距离33|地址石家庄市河北省石家庄市栾城县裕泰路
选择免费的,返回|主界面|通知栏|老母祠|石家庄市栾城区|汉府西南门|汉府|汉府东门|宸皈寺
导航,返回|主界面|通知栏|老母祠|石家庄市栾城区|汉府西南门|汉府|汉府东门|宸皈寺
我想去华清园,返回|主界面|通知栏|路线偏好|距离最短|6小时31分钟|606公里|红绿灯11个|收费310元|方案2|6小时54分钟|661公里|方案3|8小时2分钟|746公里|开始导航|缩小图面|放大图面|仅供测试
就是凯旋北路1555弄的大华清水湾花园,返回|主界面|通知栏|兰花清苑|上海城区泽悦路211弄117|兰花清苑东门|乾清园|上海城区沪太路2588弄|华清企业|上海城区昌平路710号静安科技馆|华清名苑|上海城区青云路260
是北门不是南门,返回|主界面|通知栏|大华清水湾花园|上海城区凯旋北路1555弄258号|大华清水湾花园西2门|大华清水湾花园西1门|大华清水湾花园西3门
走最近的线路,返回|主界面|通知栏|大华清水湾花园|上海城区凯旋北路1555弄258号|大华清水湾花园西2门|大华清水湾花园西1门|大华清水湾花园西3门
导航开始吧,返回|主界面|通知栏|大华清水湾花园|距离63|地址上海城区凯旋北路1555弄258号
导航到宣城市江洋港湾假日酒店,返回|主界面|通知栏|缩小图面|放大图面|仅供测试
就是佟公路263的洋江港湾假日酒店,返回|主界面|通知栏|温州锐思特汽车连锁酒店西站店|鹿城区鹿城路139号旅游集散中心对面|详情下拉图片|温州伯特利商务宾馆|鹿城区鹿城路229号|温州众豪连锁酒店水心店|马鞍池西路308号|速8酒店温州将军桥店|鹿城区将军桥路19号|温州皇都宾馆|雪山路勤奋小区3号楼
搜索洋江港湾假日酒店附近的小吃街,返回|主界面|通知栏|温州温商假日酒店一汽店|过境路将军工业区15幢座|详情下拉图片|温州罗玛假日酒店|双屿工业区迪索路9号|温州瑞天假日酒店|龙湾区耐宝路18号近瓯海大道|温州龙港水星假日酒店|温州苍南县龙港镇龙湖路95
选择距离近的,返回|主界面|通知栏|婷婷小吃|温州市新城大道345号6栋104|宏达小吃店|温州市洞头区|瑞祥小吃店|东屏叶记小吃|温州市东屏街道城南路118号|滋味轩成都小吃|温州市中心街202
可以导航了,返回|主界面|通知栏|婷婷小吃|温州市新城大道345号6栋104|宏达小吃店|温州市洞头区|瑞祥小吃店|东屏叶记小吃|温州市东屏街道城南路118号|滋味轩成都小吃|温州市中心街202
带我去国电聊城发电厂,返回|主界面|通知栏|路线偏好|时间最短|5小时10分钟|469公里|红绿灯16个|收费245元|收费较少|5小时23分钟|474公里|开始导航|设置车牌避开上海市外地车限行|缩小图面|放大图面|仅供测试
去沿兴路附近的电镀厂,返回|主界面|通知栏|虹光机电厂|温州市永嘉县|通达有线电厂|温州市乐清市|中国电信|温州市塘下镇陈宅村广场西路126号|乐清欧阳通用机电厂|固力发电气
是鹿城正园电镀厂而不是明云电镀厂,返回|主界面|通知栏|丰财电镀厂|温州市兴瑞路888|方圆金属电镀厂|温州市永嘉县|鹿城国强电镀厂|温州市沿发路18|乐成新源电镀厂|温州市招贤路22号|鹿城兴业电镀厂|温州市鹿城区
开始导航,返回|主界面|通知栏|丰财电镀厂|温州市兴瑞路888|方圆金属电镀厂|温州市永嘉县|鹿城国强电镀厂|温州市沿发路18|乐成新源电镀厂|温州市招贤路22号|鹿城兴业电镀厂|温州市鹿城区
我要去徐州东站,返回|主界面|通知栏|路线偏好|时间最短|5小时10分钟|469公里|红绿灯16个|收费245元|收费较少|5小时23分钟|474公里|开始导航|设置车牌避开上海市外地车限行|缩小图面|放大图面|仅供测试
去徐州火车东站,返回|主界面|通知栏|徐州东站|徐州市京台高速与206交叉口|徐州东站西进站口|徐州市京台高速与206交叉口徐州东站
选择西出站口,返回|主界面|通知栏|徐州东站|徐州市京台高速与206交叉口|徐州东站西进站口|徐州市京台高速与206交叉口徐州东站
优先走高速,返回|主界面|通知栏|徐州东站|徐州市京台高速与206交叉口|徐州东站西进站口|徐州市京台高速与206交叉口徐州东站
导航,返回|主界面|通知栏|徐州东站|徐州市京台高速与206交叉口|徐州东站西进站口|徐州市京台高速与206交叉口徐州东站
帮我导航到神州租车斜土路,返回|主界面|通知栏|路线偏好|时间最短|5小时10分钟|469公里|红绿灯16个|收费245元|收费较少|5小时23分钟|474公里|开始导航|设置车牌避开上海市外地车限行|缩小图面|放大图面|仅供测试
去巨峰路239号的神州租车,返回|主界面|通知栏|神州租车|上海城区浦东新区|神州租车紫阳路|上海城区紫阳路801|神州租车凯进路|上海城区徐汇区|神州租车春晓路|神州租车上大路|上海城区上大路1
我想走走红绿灯最少的线路,返回|主界面|通知栏|神州租车|上海城区浦东新区|神州租车紫阳路|上海城区紫阳路801|神州租车凯进路|上海城区徐汇区|神州租车春晓路|神州租车上大路|上海城区上大路1
导航开始吧,返回|主界面|通知栏|神州租车|上海城区浦东新区|神州租车紫阳路|上海城区紫阳路801|神州租车凯进路|上海城区徐汇区|神州租车春晓路|神州租车上大路|上海城区上大路1
前往川杨新苑涓,返回|主界面|通知栏|路线偏好|时间最短|5小时10分钟|469公里|红绿灯16个|收费245元|收费较少|5小时23分钟|474公里|开始导航|设置车牌避开上海市外地车限行|缩小图面|放大图面|仅供测试
去中科路的川杨新苑,返回|主界面|通知栏|川杨新苑北区|上海城区中科路2195弄153号|川杨新苑二期|上海城区顺和路60弄123|川杨新苑三期|上海城区中科路2635弄|川杨新苑四期|上海城区浦东新区|曹杨新苑|上海城区曹杨路2288弄128号
不是南区，是北区,返回|主界面|通知栏|川杨新苑北区|上海城区中科路2195弄153号|川杨新苑二期|上海城区顺和路60弄123|川杨新苑三期|上海城区中科路2635弄|川杨新苑四期|上海城区浦东新区|曹杨新苑|上海城区曹杨路2288弄128号
不要这条，换条线路吧,返回|主界面|通知栏|川杨新苑北区|上海城区中科路2195弄153号|川杨新苑二期|上海城区顺和路60弄123|川杨新苑三期|上海城区中科路2635弄|川杨新苑四期|上海城区浦东新区|曹杨新苑|上海城区曹杨路2288弄128号
可以导航了,返回|主界面|通知栏|川杨新苑北区|上海城区中科路2195弄153号|川杨新苑二期|上海城区顺和路60弄123|川杨新苑三期|上海城区中科路2635弄|川杨新苑四期|上海城区浦东新区|曹杨新苑|上海城区曹杨路2288弄128号
我想去南门西安市南门,返回|主界面|通知栏|路线偏好|时间最短|5小时10分钟|469公里|红绿灯16个|收费245元|收费较少|5小时23分钟|474公里|开始导航|设置车牌避开上海市外地车限行|缩小图面|放大图面|仅供测试
选择福兴小区西南门,返回|主界面|通知栏|南门小学|昆明市晋宁县|鑫苑南门|昆明市五华区|金禧园南门|昆明市万华路金禧园|顶秀东南门|昆明市香海路顶秀|白龙寺南门
搜索福兴小区西南门附近的加油站,返回|主界面|通知栏|福兴小区西南门|昆明市官渡区|福兴安置小区西南门|昆明市安宁市|宏兴小区西南门|昆明市金汁路933|丰登小区西南门|昆明市丰登路206|升华小区西南门
选择离我最近的那个,返回|主界面|通知栏|国宾加油站|昆明市官南大道|中坤加油站|昆明市南坝路118号|加油站南坝段|昆明市官渡区|官宝加油站|昆明市宝海路150|腾云加油站|昆明市日新路1165号
开始导航,返回|主界面|通知栏|双龙桥加油站|距离20|地址昆明市环城南路419号
导航到天安门,返回|主界面|通知栏|加载中
位于长安街的天安门广场,返回|主界面|通知栏|天安门|北京城区东长安街|天安门西站西南地铁1号线|北京城区西城区|天安门西站东北口地铁1号线|天安门西站西北口地铁1号线|天安门西站4路37路52路728路10路205路
我要走红绿灯最少的路线,返回|主界面|通知栏|天安门|北京城区东长安街|天安门西站西南地铁1号线|北京城区西城区|天安门西站东北口地铁1号线|天安门西站西北口地铁1号线|天安门西站4路37路52路728路10路205路
导航,返回|主界面|通知栏|天安门|北京城区东长安街|天安门西站西南地铁1号线|北京城区西城区|天安门西站东北口地铁1号线|天安门西站西北口地铁1号线|天安门西站4路37路52路728路10路205路
带我去市立四院,返回|主界面|通知栏|路线偏好|距离最短|22小时30分钟|1922公里|红绿灯12个|收费1140元|方案2|23小时40分钟|2013公里|方案3|1天|2071公里|开始导航|设置车牌避开武汉市外地车限行|缩小图面|放大图面|仅供测试
那就去四海益佳超市,返回|主界面|通知栏|屈臣氏力子园路|广州市中山大道1116号乐都汇1层|中铁四院集团广州地区铁路建设指挥部|广州市共和西路6|中铁四院集团广东省城际轨道交通建设指挥部|中铁四院集团广州设计院有限公司南方铁建大厦西南
搜索四海益佳超市附近的酒店,返回|主界面|通知栏|四海益佳超市|距离73|地址广州市白云区
选择价格最低的,返回|主界面|通知栏|7天酒店广州石井金碧新城店|广州市石井石槎路口金碧西路28号|7天酒店广州石井城市广场店|广州市石井石槎路3号石井城市广场栋|城市便捷酒店广州博大店|广州市石井镇石槎路88号|格林豪泰酒店黄石西路店|广州市黄石西路222号|宜必思酒店顺兴路|广州市黄石西路457459号
导航开始吧,返回|主界面|通知栏|7天酒店广州石井金碧新城店|广州市石井石槎路口金碧西路28号|7天酒店广州石井城市广场店|广州市石井石槎路3号石井城市广场栋|城市便捷酒店广州博大店|广州市石井镇石槎路88号|格林豪泰酒店黄石西路店|广州市黄石西路222号|宜必思酒店顺兴路|广州市黄石西路457459号
我要去永平水泄乡,返回|主界面|通知栏|路线偏好|距离最短|22小时30分钟|1922公里|红绿灯12个|收费1140元|方案2|23小时40分钟|2013公里|方案3|1天|2071公里|开始导航|设置车牌避开武汉市外地车限行|缩小图面|放大图面|仅供测试
是去为民服务中心,返回|主界面|通知栏|水泄乡国土所|大理白族自治州永平县|水泄乡卫生院|水泄乡派出所|水泄乡客运站|中国信合水泄乡信用社
走最近的线路吧,返回|主界面|通知栏|光辉村为民服务中心|上海城区光辉村5566|城南村文体为民服务中心|上海城区青浦区|高桥村为民综合服务中心|上海城区松江区|叙南村为民综合服务中心|市场服务中心|上海城区嘉定区
可以导航了,返回|主界面|通知栏|诺亚尊服务中心|距离14|地址上海城区福州路550
帮我导航到恩施,返回|主界面|通知栏|路线偏好|时间最短|5小时27分钟|477公里|红绿灯29个|收费245元|拥堵较少|5小时43分钟|481公里|开始导航|设置车牌避开上海市外地车限行|缩小图面|放大图面|仅供测试
去许家坪路的机场,返回|主界面|通知栏|恩施市|恩施土家族苗族自治州湖北省恩施土家族苗族自治州恩施市施州大道115号|恩施土家族苗族自治州|恩施土家族苗族自治州湖北省恩施土家族苗族自治州恩施市
选择恩施机场,返回|主界面|通知栏|温州龙湾国际机场|距离22|地址温州市机场大道1号
开始导航,返回|主界面|通知栏|恩施许家坪机场|距离1114|地址恩施土家族苗族自治州许家坪
前往重庆路二百八十七号,返回|主界面|通知栏|路线偏好|推荐|10小时8分钟|875公里|红绿灯14个|收费680元|开始导航|设置车牌避开武汉市外地车限行|缩小图面|放大图面|仅供测试
那就去衡山路12号的衡山路十二号豪华精选酒店,返回|主界面|通知栏|十七号机口桥|上海郊县崇明县|十七号香吧岛龙虾馆|上海城区寿宁路17|浦东运河二十七号桥|上海城区奉贤区|八十弄|上海城区青浦区|七号桥|上海城区浦东新区
去商务中心不去健身中心,返回|主界面|通知栏|上海窝家青年旅舍|宝庆路18弄3号|详情下拉图片|汉庭海友酒店上海淮海中路店|徐汇区乌鲁木齐中路247号2楼靠近五原路近乌中小区|上海雅诗阁衡山服务公寓|徐汇区衡山路99号近乌鲁木齐南路|如家快捷酒店上海徐家汇宛平南路店|徐汇区宛平南路65号近肇家浜路|格林豪泰上海宝山一二八纪念路通河路贝壳酒店|宝山区一二八纪念路788弄1号与通河路交叉口
优先走高速,返回|主界面|通知栏|老西门新苑会所|上海城区西藏南路688弄15号|金仕堡健身马当路店|上海城区马当路616|一兆韦德健身城市会所|上海城区河南中路1号|康乐健身中心|上海城区九江路595古象大酒店|锦乐健身会所|上海城区长乐路161号新锦江大酒店6层
导航,返回|主界面|通知栏|老西门新苑会所|上海城区西藏南路688弄15号|金仕堡健身马当路店|上海城区马当路616|一兆韦德健身城市会所|上海城区河南中路1号|康乐健身中心|上海城区九江路595古象大酒店|锦乐健身会所|上海城区长乐路161号新锦江大酒店6层
我想去七天连锁酒店世贸滨江花园店,返回|主界面|通知栏|路线偏好|推荐|10小时8分钟|875公里|红绿灯14个|收费680元|开始导航|设置车牌避开武汉市外地车限行|缩小图面|放大图面|仅供测试
就是新圩7-1桥,返回|主界面|通知栏|维也纳酒店金桥花园店|上海城区平度路258|世茂滨江花园停车场|上海城区浦东新区|世茂滨江花园南区|上海城区潍坊西路2弄118号|世茂滨江花园西门
选择红绿灯最少的路线,返回|主界面|通知栏|维也纳酒店金桥花园店|上海城区平度路258|世茂滨江花园停车场|上海城区浦东新区|世茂滨江花园南区|上海城区潍坊西路2弄118号|世茂滨江花园西门
导航开始吧,返回|主界面|通知栏|维也纳酒店金桥花园店|上海城区平度路258|世茂滨江花园停车场|上海城区浦东新区|世茂滨江花园南区|上海城区潍坊西路2弄118号|世茂滨江花园西门
导航到ktv,返回|主界面|通知栏|路线偏好|推荐|10小时8分钟|875公里|红绿灯14个|收费680元|开始导航|设置车牌避开武汉市外地车限行|缩小图面|放大图面|仅供测试
位于十里铺的巢歌KTV,返回|主界面|通知栏|止园音乐城|西安市青年路111号1号楼1层|尚德娱乐城|西安市尚德路155号西安尚德大厦|量贩|西安市新城区|玖玖酒业|西安市尚德路红十字会巷4号|欢乐迪北关店|西安市开元北方大厦23层开元北方大厦北关正街
搜索十里铺巢歌KTV附近的加油站,返回|主界面|通知栏|止园音乐城|西安市青年路111号1号楼1层|尚德娱乐城|西安市尚德路155号西安尚德大厦|量贩|西安市新城区|玖玖酒业|西安市尚德路红十字会巷4号|欢乐迪北关店|西安市开元北方大厦23层开元北方大厦北关正街
选择距离近的,返回|主界面|通知栏|加油站华清东路|西安市华清东路58号|普光加油站|西安市新城区|服务区加油站|西安市灞桥区|西铁陇海加油站|加油站长缨东路|西安市长缨东路107号
可以导航了,返回|主界面|通知栏|加油站华清东路|西安市华清东路58号|普光加油站|西安市新城区|服务区加油站|西安市灞桥区|西铁陇海加油站|加油站长缨东路|西安市长缨东路107号
带我去珠海国际广场,返回|主界面|通知栏|路线偏好|推荐|10小时8分钟|875公里|红绿灯14个|收费680元|开始导航|设置车牌避开武汉市外地车限行|缩小图面|放大图面|仅供测试
就是珠光国际大厦商业广场迎宾南路,返回|主界面|通知栏|珠都国际广场|珠海市华海路152号|名扬国际广场|珠海市斗门区|世邦国际装饰广场|珠海市前山路78|珠海国际学校|珠海市香洲区|珠海国际赛车场|珠海市金鼎镇
不是北一门，是东一门,返回|主界面|通知栏|珠都国际广场|珠海市华海路152号|名扬国际广场|珠海市斗门区|世邦国际装饰广场|珠海市前山路78|珠海国际学校|珠海市香洲区|珠海国际赛车场|珠海市金鼎镇
选择经过加油站的线路,返回|主界面|通知栏|珠都国际广场|珠海市华海路152号|名扬国际广场|珠海市斗门区|世邦国际装饰广场|珠海市前山路78|珠海国际学校|珠海市香洲区|珠海国际赛车场|珠海市金鼎镇
开始导航,返回|主界面|通知栏|珠都国际广场|珠海市华海路152号|名扬国际广场|珠海市斗门区|世邦国际装饰广场|珠海市前山路78|珠海国际学校|珠海市香洲区|珠海国际赛车场|珠海市金鼎镇
我要去长江,返回|主界面|通知栏|路线偏好|推荐|10小时8分钟|875公里|红绿灯14个|收费680元|开始导航|设置车牌避开武汉市外地车限行|缩小图面|放大图面|仅供测试
选择浙江长江能源发展有限公司,返回|主界面|通知栏|长江路|温州市乐清市|长江塑化|温州市瑞安市|长江电镀|温州市永嘉县|长江摩配|温州市塘下下林罗山大道|长江面店
走路况好的线路,返回|主界面|通知栏|长江路|温州市乐清市|长江塑化|温州市瑞安市|长江电镀|温州市永嘉县|长江摩配|温州市塘下下林罗山大道|长江面店
导航,返回|主界面|通知栏|长江路|温州市乐清市|长江塑化|温州市瑞安市|长江电镀|温州市永嘉县|长江摩配|温州市塘下下林罗山大道|长江面店
帮我导航到大竹县双马车站,返回|主界面|通知栏|路线偏好|推荐|10小时8分钟|875公里|红绿灯14个|收费680元|开始导航|设置车牌避开武汉市外地车限行|缩小图面|放大图面|仅供测试
那就去明月汽车站,返回|主界面|通知栏|大竹县汽车站|达州市沙桥路9号|达州市三鑫汽车销售服务有限公司|达州市双马车站底楼|大竹县汽车站售票处|达州运输集团有限公司大竹车站|达州市大竹县|大竹县双马新旧车交易市场
选择红绿灯最少的路线,返回|主界面|通知栏|明悦胜名车|深圳市宝安区|茗月轩棋牌|名约雅洁汽车服务中心|深圳市龙岗区
导航开始吧,返回|主界面|通知栏|明悦胜名车|深圳市宝安区|茗月轩棋牌|名约雅洁汽车服务中心|深圳市龙岗区
前往山西省晋中市平遥县,返回|主界面|通知栏|路线偏好|推荐|10小时8分钟|875公里|红绿灯14个|收费680元|开始导航|设置车牌避开武汉市外地车限行|缩小图面|放大图面|仅供测试
就是位于曙光路5号的平遥县,返回|主界面|通知栏|平遥县|距离436|地址晋中市山西省晋中市平遥县曙光路5号
搜索平遥县附近的酒店,返回|主界面|通知栏|平遥县|距离436|地址晋中市山西省晋中市平遥县曙光路5号
选择价格最低的,返回|主界面|通知栏|平遥县|距离436|地址晋中市山西省晋中市平遥县曙光路5号
可以导航了,返回|主界面|通知栏|平遥县|距离436|地址晋中市山西省晋中市平遥县曙光路5号
我想去海埂公园,返回|主界面|通知栏|加载中
去滇池路1318的滇池海埂公园,返回|主界面|通知栏|加载中
走最便宜的路线,返回|主界面|通知栏|加载中
开始导航,返回|主界面|通知栏|加载中
导航到新城,返回|主界面|通知栏|加载中
去新城控股,返回|主界面|通知栏|新城区|距离1387|地址呼和浩特市内蒙古自治区呼和浩特市新城区成吉思汗大街
我要走路况好的线路,返回|主界面|通知栏|陕西新华源控股有限公司|西安市新城区|陕西新华源控股有限公司南门
导航,返回|主界面|通知栏|陕西新华源控股有限公司|西安市新城区|陕西新华源控股有限公司南门
带我去青白江千盛,返回|主界面|通知栏|缩小图面|放大图面|仅供测试
那就去温州千盛鞋业,返回|主界面|通知栏|乡村基青白江千盛餐厅|成都市华金大道二段551号千盛百货购物广场1层|宏图三胞成都千盛青白江店|成都市华金大道二段551
选择红绿灯最少的路线,返回|主界面|通知栏|温州盛达鞋业|温州市盛达路3号|温州飞煌鞋业|温州市瑞安市|温州坤羽鞋业|温州市经二路21号5层|温州帝高鞋业|温州市双屿镇戴宅中路|温州荷桥鞋业|温州市嵇师新街15号附近
导航开始吧,返回|主界面|通知栏|温州盛达鞋业|温州市盛达路3号|温州飞煌鞋业|温州市瑞安市|温州坤羽鞋业|温州市经二路21号5层|温州帝高鞋业|温州市双屿镇戴宅中路|温州荷桥鞋业|温州市嵇师新街15号附近
我要去巨鹿路七零九,返回|主界面|通知栏|缩小图面|放大图面|仅供测试
选择七拾九号院南门,返回|主界面|通知栏|缩小图面|放大图面|仅供测试
走附近有加油站的路线,返回|主界面|通知栏|缩小图面|放大图面|仅供测试
选择距离近的,返回|主界面|通知栏|景芳加油站|杭州市秋涛北路86|加油站采荷支路|杭州市采荷支路7|新塘路加油站|杭州市新塘路119号|近江加油站|杭州市秋涛路314号|东恒石油加油站绍兴支路|杭州市绍兴支路1
可以导航了,返回|主界面|通知栏|景芳加油站|杭州市秋涛北路86|加油站采荷支路|杭州市采荷支路7|新塘路加油站|杭州市新塘路119号|近江加油站|杭州市秋涛路314号|东恒石油加油站绍兴支路|杭州市绍兴支路1
帮我导航到安徽阜南县人民医院,返回|主界面|通知栏|缩小图面|放大图面|仅供测试
去阜南县人民医院,返回|主界面|通知栏|阜南县人民医院|阜阳市三塔路18号|阜南县人民医院东门|阜阳市阜南县|阜南县人民医院东2门|阜南县人民法院|阜阳市地城北路55号|阜南县人民政府
是门诊楼，不是外科大楼,返回|主界面|通知栏|阜南县人民医院|阜阳市三塔路18号|阜南县人民医院东门|阜阳市阜南县|阜南县人民医院东2门|阜南县人民法院|阜阳市地城北路55号
优先走高速,返回|主界面|通知栏|阜南县人民医院|阜阳市三塔路18号|阜南县人民医院东门|阜阳市阜南县|阜南县人民医院东2门|阜南县人民法院|阜阳市地城北路55号
开始导航,返回|主界面|通知栏|阜南县人民医院|阜阳市三塔路18号|阜南县人民医院东门|阜阳市阜南县|阜南县人民医院东2门|阜南县人民法院|阜阳市地城北路55号
前往巴东旭东商务酒店,返回|主界面|通知栏|缩小图面|放大图面|仅供测试
去瑞心东旭商务酒店,返回|主界面|通知栏|温州锐思特汽车连锁酒店西站店|鹿城区鹿城路139号旅游集散中心对面|详情下拉图片|温州伯特利商务宾馆|鹿城区鹿城路229号|温州众豪连锁酒店水心店|马鞍池西路308号|速8酒店温州将军桥店|鹿城区将军桥路19号|温州皇都宾馆|雪山路勤奋小区3号楼
走最近的路线,返回|主界面|通知栏|温州锐思特汽车连锁酒店西站店|鹿城区鹿城路139号旅游集散中心对面|详情下拉图片|温州伯特利商务宾馆|鹿城区鹿城路229号|温州众豪连锁酒店水心店|马鞍池西路308号|速8酒店温州将军桥店|鹿城区将军桥路19号|温州皇都宾馆|雪山路勤奋小区3号楼
导航,返回|主界面|通知栏|温州锐思特汽车连锁酒店西站店|距离450|地址鹿城区鹿城路139号旅游集散中心对面
我想去虹桥火车站,返回|主界面|通知栏|加载中
那就去上海虹桥火车站-西广场,返回|主界面|通知栏|上海虹桥站|上海城区申昆路1500号|上海虹桥站北9出发|上海城区闵行区|上海虹桥站南6出发|上海虹桥站北7出发|上海虹桥站北1出发
搜索西广场附近的酒店,返回|主界面|通知栏|赛百味上海虹桥火车站店|上海城区虹桥站129|东方既白上海虹桥火车站店|上海城区虹桥站11516|99旅馆上海虹桥火车站店|上海城区北翟路1551号|7天酒店阳光上海虹桥火车站店|上海城区申长北路186号爱博六村东门对面天地城边|易佰连锁旅店上海虹桥火车站店|上海城区梅富路358号
导航去价格最低的那家,返回|主界面|通知栏|莫泰168旅店中春路店|上海城区沪星路399号|锦江之星旅馆沪青平公路二店|上海城区沪星路289弄32号顺恒广场|如家快捷酒店上海虹桥机场国家会展中心七宝店|上海城区吴中路2708号|8酒店上海七宝店|上海城区吴宝路7号|海友酒店沪亭北路|上海城区沪亭北路598
导航开始吧,返回|主界面|通知栏|那家铺子|上海城区成山路1528号2层|那家宠物店|上海城区西营路129|那家店精品屋|上海城区康桥镇川周公路2908号|那家灶咖腾冲路|上海城区普洱路128弄6365|那家灶咖罗锦路|上海城区罗锦路695
导航到盘锦市火车站,返回|主界面|通知栏|路线偏好|拥堵较少|8小时42分钟|730公里|红绿灯18个|收费390元|时间最短|8小时38分钟|744公里|开始导航|缩小图面|放大图面|仅供测试
选择盘锦市环境保护监测站,返回|主界面|通知栏|盘锦站|盘锦市双兴北路|盘锦北站|盘锦市孙家村379号|盘锦北站出站口|盘锦市甜水乡孙家村盘锦北站
走最近的路线,返回|主界面|通知栏|盘锦站|盘锦市双兴北路|盘锦北站|盘锦市孙家村379号|盘锦北站出站口|盘锦市甜水乡孙家村盘锦北站
可以导航了,返回|主界面|通知栏|盘锦站|距离1111|地址盘锦市双兴北路
带我去乳山市幸福小区,返回|主界面|通知栏|缩小图面|放大图面|仅供测试
就是幸福花园小区,返回|主界面|通知栏|路线偏好|时间最短|16小时17分钟|1449公里|红绿灯13个|收费675元|收费较少|18小时6分钟|1364公里|方案3|16小时48分钟|1499公里|开始导航|设置车牌避开徐州市外地车限行|缩小图面|放大图面|仅供测试
搜索幸福花园小区附近的景点,返回|主界面|通知栏|路线偏好|时间最短|16小时17分钟|1449公里|红绿灯13个|收费675元|收费较少|18小时6分钟|1364公里|方案3|16小时48分钟|1499公里|开始导航|设置车牌避开徐州市外地车限行|缩小图面|放大图面|仅供测试
到不要门票的,返回|主界面|通知栏|从化市革命烈士纪念碑|广州市从化区|基督教从化堂|广州市东城路|圆通寺东北门|圆通寺七星路|官福吴公祠
开始导航,返回|主界面|通知栏|从化市革命烈士纪念碑|广州市从化区|基督教从化堂|广州市东城路|圆通寺东北门|圆通寺七星路|官福吴公祠
我要去江浦路,返回|主界面|通知栏|路线偏好|时间最短|16小时17分钟|1449公里|红绿灯13个|收费675元|收费较少|18小时6分钟|1364公里|方案3|16小时48分钟|1499公里|开始导航|设置车牌避开徐州市外地车限行|缩小图面|放大图面|仅供测试
就是江浦路1108的星洲湾足道,返回|主界面|通知栏|路线偏好|时间最短|16小时17分钟|1449公里|红绿灯13个|收费675元|收费较少|18小时6分钟|1364公里|方案3|16小时48分钟|1499公里|开始导航|设置车牌避开徐州市外地车限行|缩小图面|放大图面|仅供测试
走最近的线路呀,返回|主界面|通知栏|星洲湾足道|距离66|地址上海城区江浦路1106
导航,返回|主界面|通知栏|星洲湾足道|距离66|地址上海城区江浦路1106
帮我导航到山西大学,返回|主界面|通知栏|缩小图面|放大图面|仅供测试
去山西大学-艺术研究所,返回|主界面|通知栏|山西大学|距离511|地址太原市坞城路
搜索山西大学附近的小吃街,返回|主界面|通知栏|陕西师范大学国际汉学研究所|西安市雁塔区|西安交通大学形容艺术研究所|西安市碑林区|西北大学教育技术研究所|西北工业大学电力电子技术研究所|西安市友谊西路127号|西北大学地球探测与信息技术研究所
选择评价最高的,返回|主界面|通知栏|小吃街钟楼街|距离515|地址太原市汾酒购物中心东侧
导航开始吧,返回|主界面|通知栏|小吃街钟楼街|距离515|地址太原市汾酒购物中心东侧
前往南宁万象城,返回|主界面|通知栏|加载中
就是民族大道136号的万象城,返回|主界面|通知栏|万象城青秀路|距离1360|地址南宁市民族大道136
是2号门，不是8号门,返回|主界面|通知栏|亿象城泰国餐厅|温州市鹿城区|万象居委会老人协会|温州市永嘉县|万象社区卫生服务站|桥头派出所万象联防队|永嘉县桥头镇万象居民委员会
可以导航了,返回|主界面|通知栏|亿象城泰国餐厅|温州市鹿城区|万象居委会老人协会|温州市永嘉县|万象社区卫生服务站|桥头派出所万象联防队|永嘉县桥头镇万象居民委员会
我想去突泉汽车站,返回|主界面|通知栏|路线偏好|距离最短|11小时9分钟|992公里|红绿灯13个|收费440元|方案2|11小时43分钟|1039公里|拥堵较少|12小时42分钟|1147公里|开始导航|缩小图面|放大图面|仅供测试
去太和汽车站,返回|主界面|通知栏|突泉客运站|兴安盟突泉县|突泉汽车站售票厅|永安汽车站突泉县永安镇中心卫生院南|突泉收费站
查找太和汽车站附近的酒店,返回|主界面|通知栏|太和汽车站|阜阳市细阳中路181号|太和双星汽车站|阜阳市太和县|太和县汽车总站|太和县桑营客运站|太和县倪邱客运站
选择价格最低的,返回|主界面|通知栏|温州锐思特汽车连锁酒店新城汽车站店|鹿城区新城旺增新村7栋1号新城汽车站后门左面300米|详情下拉图片|温州侣威澌酒店连锁龙港泰安店|温州市龙港镇龙港大道人民路路口百一超市二楼|温州高林商务宾馆|温州市苍南县龙港镇站前路544546号|温州龙港水星假日酒店|温州苍南县龙港镇龙湖路95|锐思特平阳水头汽车站店|温州市平阳县水头镇径川东路226号车站右150米
开始导航,返回|主界面|通知栏|温州锐思特汽车连锁酒店新城汽车站店|鹿城区新城旺增新村7栋1号新城汽车站后门左面300米|详情下拉图片|温州侣威澌酒店连锁龙港泰安店|温州市龙港镇龙港大道人民路路口百一超市二楼|温州高林商务宾馆|温州市苍南县龙港镇站前路544546号|温州龙港水星假日酒店|温州苍南县龙港镇龙湖路95|锐思特平阳水头汽车站店|温州市平阳县水头镇径川东路226号车站右150米
导航去美亚光电,返回|主界面|通知栏|路线偏好|距离最短|11小时9分钟|992公里|红绿灯13个|收费440元|方案2|11小时43分钟|1039公里|拥堵较少|12小时42分钟|1147公里|开始导航|缩小图面|放大图面|仅供测试
位于天湖路4号美亚光电,返回|主界面|通知栏|美亚光电|距离12|地址合肥市蜀山区
走最近的线路,返回|主界面|通知栏|美亚光电|距离12|地址合肥市蜀山区
导航,返回|主界面|通知栏|美亚光电|距离12|地址合肥市蜀山区
带我去浦东第三考验场,返回|主界面|通知栏|缩小图面|放大图面|仅供测试
那就去周浦第三小学,返回|主界面|通知栏|浦东机场第三加油站|上海城区东远航路155|浦东新区教育局第三教育署|上海城区东建路680弄60|浦东第三加油站浦东大道|上海城区浦东大道2629号|浦东第三房屋征收服务事务所|上海城区苗圃路368|浦东新区第三青少年体育学校|上海城区惠南镇拱北路51号
搜索周浦第三小学附近的小吃街,返回|主界面|通知栏|海城第三小学|温州市龙湾区|龙港第三小学|温州市苍南县|淡溪第三小学|温州市乐清市|石帆第三小学|温州市石帆街道竹屿村|黄龙第三小学|温州市瓯浦
选择距离近的,返回|主界面|通知栏|沙县小吃|温州市瑞安市|莘塍小吃|温州市莘塍镇镇府路112|云尚小吃|温州市莘塍街道市场南路7号|温州市莘塍民莘西路279号|豪客特色小吃|温州市龙湾区
导航开始吧,返回|主界面|通知栏|沙县小吃|温州市瑞安市|莘塍小吃|温州市莘塍镇镇府路112|云尚小吃|温州市莘塍街道市场南路7号|温州市莘塍民莘西路279号|豪客特色小吃|温州市龙湾区
我要去正定小商品市场,返回|主界面|通知栏|路线偏好|推荐|1分钟|408米|红绿灯1个|开始导航|缩小图面|放大图面|仅供测试
选择正定国际小商品市场停车场,返回|主界面|通知栏|石家庄正定国际小商品市场|石家庄市107国道|正定小商品市场诊所|石家庄市精品步行街8111|石家庄正定国际小商品市场华安西路|石家庄市正定县|石家庄正定国际小商品市场停车场|小商品市场邮政支局|石家庄市华安西路37号
我要走红路灯最少的路线,返回|主界面|通知栏|石家庄正定国际小商品市场停车场|石家庄市正定县|石家庄正定国际小商品市场停车场出入口
可以导航了,返回|主界面|通知栏|石家庄正定国际小商品市场停车场|石家庄市正定县|石家庄正定国际小商品市场停车场出入口
帮我导航到尚海湾豪庭,返回|主界面|通知栏|路线偏好|推荐|1分钟|408米|红绿灯1个|开始导航|缩小图面|放大图面|仅供测试
那就去贺田尚城・富汇豪庭北门,返回|主界面|通知栏|锦上豪庭|杭州市余杭区|彩虹豪庭|杭州市滨江伟业路与文涛路交叉路口|望江豪庭|杭州市建德市|华冠豪庭|杭州市锦墅街8号|夜尚海|杭州市西湖区
搜索北门附近的网吧,返回|主界面|通知栏|贺田尚城富汇豪庭北门|杭州市滨江区|贺田尚城富汇豪庭|贺田尚城富汇豪庭西门|贺田尚城北门|贺田尚城东北门|杭州市六和路365号
选择距离最近的,返回|主界面|通知栏|贺田尚城富汇豪庭北门|杭州市滨江区|贺田尚城富汇豪庭|贺田尚城富汇豪庭西门|贺田尚城北门|贺田尚城东北门|杭州市六和路365号
开始导航,返回|主界面|通知栏|贺田尚城北门|距离98|地址杭州市滨江区
前往黄冈华,返回|主界面|通知栏|缩小图面|放大图面|仅供测试
去黄冈市高华广告有限公司,返回|主界面|通知栏|黄冈华恒建筑材料公司|黄冈市赤壁大道91|黄冈华恒建筑材料公司东南门|黄冈站|黄冈市黄州区|黄冈大道|黄冈西站
走最近的路线,返回|主界面|通知栏|黄冈市高华广告有限公司|距离83|地址黄冈市黄州区
导航,返回|主界面|通知栏|黄冈市高华广告有限公司|距离83|地址黄冈市黄州区
我想去九百购物中心,返回|主界面|通知栏|缩小图面|放大图面|仅供测试
选择家家购物中心,返回|主界面|通知栏|置信购物中心|温州市泰安路1821号|仰义购物中心|温州市仰义乡仰兴大街1号|国嘉购物中心|温州市永嘉县|鹿城购物中心|温州市鹿城区|罗浮购物中心|温州市罗浮村罗中北路1号
走耗时最短的路线,返回|主界面|通知栏|国光名购中心|温州市鹿城区|鹿城购物中心|温州城市广场南门|温州市第一桥128号|城市广场柴桥巷|温州国际大酒店名牌商城|温州市人民中路1号温州国际大酒店
导航开始吧,返回|主界面|通知栏|国光名购中心|温州市鹿城区|鹿城购物中心|温州城市广场南门|温州市第一桥128号|城市广场柴桥巷|温州国际大酒店名牌商城|温州市人民中路1号温州国际大酒店
导航到天津市武清区大黄堡乡,返回|主界面|通知栏|路线偏好|距离最短|3小时58分钟|345公里|红绿灯18个|收费200元|收费较少|4小时28分钟|380公里|方案3|4小时37分钟|400公里|开始导航|缩小图面|放大图面|仅供测试
我想去卫生室,返回|主界面|通知栏|大黄堡乡|距离1309|地址天津城区武清区
那就去四高庄村卫生室吧,返回|主界面|通知栏|马北卫生室|温州市三马中路28号|横街卫生室|温州市镇前街102号|东风卫生室|温州市大桥东路100102号|江南卫生室|温州市远东路129号|星火卫生室|温州市青年路安善大厦
走最近的路线,返回|主界面|通知栏|四村卫生室|温州市虹桥镇新市街267号|中村卫生室|温州市莘塍民莘中路395397号|雅村卫生室|温州市永嘉县|河尾庄村卫生室|温州市站前路143149号|金家庄村卫生室|温州市苍南县
可以导航了,返回|主界面|通知栏|雅村卫生室|距离90|地址温州市永嘉县
带我去安徽省定远县,返回|主界面|通知栏|缩小图面|放大图面|仅供测试
想去定远县,返回|主界面|通知栏|定远县|距离577|地址滁州市安徽省滁州市定远县101
选择最便宜的路线,返回|主界面|通知栏|定远县|距离577|地址滁州市安徽省滁州市定远县101
开始导航,返回|主界面|通知栏|定远县|距离577|地址滁州市安徽省滁州市定远县101
我要去花嫁丽舍浦东店,返回|主界面|通知栏|缩小图面|放大图面|仅供测试
位于府东路781的拉芳舍府东店,返回|主界面|通知栏|东店|温州市苍南县|花嫁|温州市鹿城区|浦东山|温州市永嘉县|浦东宾馆|温州市泰兴路146号|东店包村
选择红路灯最少的路线,返回|主界面|通知栏|东店|温州市苍南县|花嫁|温州市鹿城区|浦东山|温州市永嘉县|浦东宾馆|温州市泰兴路146号|东店包村
导航,返回|主界面|通知栏|东店|温州市苍南县|花嫁|温州市鹿城区|浦东山|温州市永嘉县|浦东宾馆|温州市泰兴路146号|东店包村
帮我导航到生产资料公司,返回|主界面|通知栏|路线偏好|距离最短|2小时12分钟|133公里|红绿灯22个|收费40元|时间最短|2小时3分钟|151公里|方案3|2小时10分钟|168公里|开始导航|缩小图面|放大图面|仅供测试
选择平阳县供合农业生产资料有限公司,返回|主界面|通知栏|晨业生产资料商店|温州市西街32号|虹桥生产资料市场建强路|温州市虹桥镇生资市场8幢13号|虹桥生产资料市场虹桥路|温州市乐清市|永嘉县岩头镇供销生产资料门市部|温州市永嘉县|农业生产资料有限公司朝阳新村经营部|温州市文成县
选择距离最近的,返回|主界面|通知栏|平阳县华锋农业机械服务有限公司|温州市兴良路8号|温州浙龙农业科技有限公司|温州市平阳县|温州金亮电子有限公司生产车间|温州金亮电子有限公司生产车间东南门
换条线路,返回|主界面|通知栏|平阳县华锋农业机械服务有限公司|距离37|地址温州市兴良路8号
导航开始吧,返回|主界面|通知栏|平阳县华锋农业机械服务有限公司|距离37|地址温州市兴良路8号
前往永基花园,返回|主界面|通知栏|加载中
就是永宏科技孵化园,返回|主界面|通知栏|永吉发缘工作室|温州市望河路55|花园|温州市泰顺县|温州市瑞安市|康欣花园|温州市塘下镇邵宅村|临河花园
选择距离最近的,返回|主界面|通知栏|永吉发缘工作室|温州市望河路55|花园|温州市泰顺县|温州市瑞安市|康欣花园|温州市塘下镇邵宅村|临河花园
下一条,返回|主界面|通知栏|得月花园|距离700|地址温州市坦前1
可以导航了,返回|主界面|通知栏|得月花园|距离700|地址温州市坦前1
我想去连云港市东海县平明镇,返回|主界面|通知栏|缩小图面|放大图面|仅供测试
去平明镇条河卫生室,返回|主界面|通知栏|平明镇|距离1883|地址连云港市东海县
选择最便宜的路线,返回|主界面|通知栏|昆明镇兴旺村卫生室|昆明市晋宁县|昆明度假区大河卫生室|昆明市呈贡区|昆明度假区大河卫生室东南门|金星卫生室|昆明市盘龙区|云山卫生室
开始导航,返回|主界面|通知栏|昆明镇兴旺村卫生室|昆明市晋宁县|昆明度假区大河卫生室|昆明市呈贡区|昆明度假区大河卫生室东南门|金星卫生室|昆明市盘龙区|云山卫生室
导航到剑川,返回|主界面|通知栏|路线偏好|时间最短|8小时37分钟|743公里|红绿灯13个|收费430元|拥堵较少|8小时48分钟|732公里|开始导航|设置车牌避开南京市外地车限行|缩小图面|放大图面|仅供测试
就是景德路1号的剑川宾馆,返回|主界面|通知栏|剑川县|距离98|地址大理白族自治州云南省大理白族自治州剑川县214
帮我搜索剑川宾馆附近的如家酒店,返回|主界面|通知栏|剑川县|距离98|地址大理白族自治州云南省大理白族自治州剑川县214
选择价格最低的,返回|主界面|通知栏|剑川县|距离98|地址大理白族自治州云南省大理白族自治州剑川县214
导航,返回|主界面|通知栏|剑川县|距离98|地址大理白族自治州云南省大理白族自治州剑川县214
带我去唐家乡,返回|主界面|通知栏|加载中
去唐家乡客运站,返回|主界面|通知栏|恩施家乡菜|温州市瑞安市|修水家乡菜|温州市城东市场路28|家乡韵茶业|温州市丽景花苑8幢3334号|家乡平价超市|美人琼温州家乡酒|温州市乐清市
走路况好的线路,返回|主界面|通知栏|家乡韵茶业|温州市丽景花苑8幢3334号|家乡客江滨西路|温州市鹿城区
导航开始吧,返回|主界面|通知栏|家乡韵茶业|温州市丽景花苑8幢3334号|家乡客江滨西路|温州市鹿城区
我要去恩施市半湾酒店,返回|主界面|通知栏|路线偏好|距离最短|1天4小时|2369公里|红绿灯9个|收费1350元|方案2|1天5小时|2460公里|方案3|1天9小时|2770公里|开始导航|设置车牌避开武汉市外地车限行|缩小图面|放大图面|仅供测试
位于航空大道60号的恩施半湾酒店,返回|主界面|通知栏|温州锐思特汽车连锁酒店西站店|鹿城区鹿城路139号旅游集散中心对面|详情下拉图片|温州伯特利商务宾馆|鹿城区鹿城路229号|温州众豪连锁酒店水心店|马鞍池西路308号|速8酒店温州将军桥店|鹿城区将军桥路19号|温州皇都宾馆|雪山路勤奋小区3号楼
搜索恩施半湾酒店附近的加油站,返回|主界面|通知栏|温州锐思特汽车连锁酒店西站店|鹿城区鹿城路139号旅游集散中心对面|详情下拉图片|温州伯特利商务宾馆|鹿城区鹿城路229号|温州众豪连锁酒店水心店|马鞍池西路308号|速8酒店温州将军桥店|鹿城区将军桥路19号|温州皇都宾馆|雪山路勤奋小区3号楼
选择距离最近的,返回|主界面|通知栏|加油站航空大道|恩施土家族苗族自治州恩施市|中心加油站凤天路|一碗水加油站|恩施土家族苗族自治州土司路55号|土桥加油站|恩施土家族苗族自治州舞阳大道352号|加油站舞阳大道
可以导航了,返回|主界面|通知栏|土桥坝加油站|距离1112|地址恩施土家族苗族自治州土桥大道144号
帮我导航到大梅沙,返回|主界面|通知栏|缩小图面|放大图面|仅供测试
位于盐葵路大梅沙段148号的大梅沙海滨公园,返回|主界面|通知栏|大梅沙海滨公园|距离127|地址深圳市盐田区
我要走绕过高速的,返回|主界面|通知栏|大梅沙海滨公园|距离127|地址深圳市盐田区
不要这条，换,返回|主界面|通知栏|大梅沙海滨公园|距离127|地址深圳市盐田区
开始导航,返回|主界面|通知栏|大梅沙海滨公园|距离127|地址深圳市盐田区
前往西藏,返回|主界面|通知栏|缩小图面|放大图面|仅供测试
就是小昭寺路20号的西藏风景区,返回|主界面|通知栏|西藏自治区|拉萨市西藏自治区拉萨市城关区太阳岛一路10|西藏风景区|拉萨市小昭寺路
搜素西藏风景区附近的酒店,返回|主界面|通知栏|西藏风景区|距离2876|地址拉萨市小昭寺路
选择价格最低的,返回|主界面|通知栏|西藏风景区|距离2876|地址拉萨市小昭寺路
导航,返回|主界面|通知栏|西藏风景区|距离2876|地址拉萨市小昭寺路
我想去火车站西站,返回|主界面|通知栏|加载中
去醪桥火车站,返回|主界面|通知栏|开通宾馆火车站店|吉安市铁建路1号|绝味鸭脖火车站店|吉安市青原区|火车票代售点恩江镇塘仔角社区卫生服务站西|吉安市永丰县|开通宾馆火车站店停车场|99旅馆吉安火车站店|吉安市文天祥大道17
选择红绿灯最少的路线,返回|主界面|通知栏|醪桥站|距离25|地址吉安市吉水县
导航开始吧,返回|主界面|通知栏|醪桥站|距离25|地址吉安市吉水县
导航到东桥乡,返回|主界面|通知栏|加载中
我想去东岩乡学校,返回|主界面|通知栏|黄桥乡|温州市泰顺县|联东桥|温州市平阳县|旭东桥|东桥|温州市苍南县|兴东桥
搜索东岩乡学校附近的加油站,返回|主界面|通知栏|东岩乡中心学校|温州市瑞安市|瑞安市东岩乡学校|东岩乡|东岩乡卫生院|东岩乡人民政府|温州市东岩乡东坑村
选择距离近的,返回|主界面|通知栏|玉壶加油站|温州市文成县|文成城关加油站|加油站龙翔街|温州市瑞安市
可以导航了,返回|主界面|通知栏|玉壶加油站|温州市文成县|文成城关加油站|加油站龙翔街|温州市瑞安市
带我去清风联通公司,返回|主界面|通知栏|路线偏好|推荐|7小时16分钟|649公里|红绿灯9个|收费325元|开始导航|设置车牌避开南昌市外地车限行|缩小图面|放大图面|仅供测试
位于胜利东路532的中国联通,返回|主界面|通知栏|中国联通濮阳县分公司|濮阳市濮阳县|中国联通濮阳市分公司人民路|濮阳市人民路239|中国联通濮阳市分公司开州中路|濮阳市开州中路6|鑫联通讯|濮阳市福润大道90|中国联通|濮阳市清丰县
我要走最近的路线,返回|主界面|通知栏|中国联通濮阳县分公司|濮阳市濮阳县|中国联通濮阳市分公司人民路|濮阳市人民路239|中国联通濮阳市分公司开州中路|濮阳市开州中路6|中国联通|濮阳市清丰县|中国联通清丰县古城乡委员会北
开始导航,返回|主界面|通知栏|中国联通濮阳县分公司|濮阳市濮阳县|中国联通濮阳市分公司人民路|濮阳市人民路239|中国联通濮阳市分公司开州中路|濮阳市开州中路6|中国联通|濮阳市清丰县|中国联通清丰县古城乡委员会北
我要去成都市,返回|主界面|通知栏|路线偏好|推荐|7小时16分钟|649公里|红绿灯9个|收费325元|开始导航|设置车牌避开南昌市外地车限行|缩小图面|放大图面|仅供测试
就是成都市\人民东路86号的成都市,返回|主界面|通知栏|成都市|距离1634|地址成都市四川省成都市青羊区人民东路86号
搜索沿途有加油站的路线,返回|主界面|通知栏|成都市|成都市四川省成都市青羊区人民东路86号|成都市体工队|成都市御风二路16|成都市华龙汽配|成都市双流区|成都市安靖针织厂|成都市民靖巷32号
导航,返回|主界面|通知栏|水心加油站过境路辅路|温州市鹿城区|加油站西山东路|温州市瓯海区|广化加油站|吴桥加油站|温州市吴桥路90弄3号|交运石油南站加油站|温州市飞霞南路918弄7
帮我导航到岚皋县政府,返回|主界面|通知栏|路线偏好|推荐|7小时16分钟|649公里|红绿灯9个|收费325元|开始导航|设置车牌避开南昌市外地车限行|缩小图面|放大图面|仅供测试
地点在老东街附近的岚皋县政府,返回|主界面|通知栏|岚皋县人民政府|安康市老东街1|岚皋县人民政府教育督导室|安康市岚皋县|堰门镇人民政府|安康市堰门乡人民政府|佐龙镇人民政府|安康市佐龙镇北正街155|蔺河镇人民政府
走耗时最短的路线,返回|主界面|通知栏|岚皋县人民政府|安康市老东街1|岚皋县人民政府教育督导室|安康市岚皋县|堰门镇人民政府|安康市堰门乡人民政府|佐龙镇人民政府|安康市佐龙镇北正街155|蔺河镇人民政府
导航开始吧,返回|主界面|通知栏|岚皋县人民政府|安康市老东街1|岚皋县人民政府教育督导室|安康市岚皋县|堰门镇人民政府|安康市堰门乡人民政府|佐龙镇人民政府|安康市佐龙镇北正街155|蔺河镇人民政府
前往重庆沙坪坝,返回|主界面|通知栏|路线偏好|推荐|7小时16分钟|649公里|红绿灯9个|收费325元|开始导航|设置车牌避开南昌市外地车限行|缩小图面|放大图面|仅供测试
就是凤天大道8号2楼的沙坪坝区,返回|主界面|通知栏|沙坪坝区|距离1453|地址重庆市重庆市沙坪坝区凤天大道8号2楼
搜索沙坪坝区附近的酒店,返回|主界面|通知栏|沙坪坝区|距离1453|地址重庆市重庆市沙坪坝区凤天大道8号2楼
选择价格最低的,返回|主界面|通知栏|沙坪坝区|距离1453|地址重庆市重庆市沙坪坝区凤天大道8号2楼
可以导航了,返回|主界面|通知栏|沙坪坝区|距离1453|地址重庆市重庆市沙坪坝区凤天大道8号2楼
我想去广汇新天地,返回|主界面|通知栏|缩小图面|放大图面|仅供测试
去宝山路105的创想天地,返回|主界面|通知栏|瑶溪新天地|温州市南洋大道|新天地毛绒|温州市商贸城51326|新天地酒行|温州市苍南县|欧洲城生活新天地|温州市欧洲城区一楼前台|新天地鲜花行|温州市景山花木市场67号
搜索沿途有加油站的路线,返回|主界面|通知栏|瑶溪新天地|温州市南洋大道|新天地毛绒|温州市商贸城51326|新天地酒行|温州市苍南县|欧洲城生活新天地|温州市欧洲城区一楼前台|新天地鲜花行|温州市景山花木市场67号
开始导航,返回|主界面|通知栏|水心加油站过境路辅路|温州市鹿城区|加油站西山东路|温州市瓯海区|广化加油站|吴桥加油站|温州市吴桥路90弄3号|交运石油南站加油站|温州市飞霞南路918弄7
帮我导航到西湖,返回|主界面|通知栏|路线偏好|时间最短|14小时29分钟|1239公里|红绿灯18个|收费870元|拥堵较少|14小时36分钟|1278公里|收费较少|16小时14分钟|1416公里|开始导航|设置车牌避开重庆市外地车限行|缩小图面|放大图面|仅供测试
那就去西湖电子集团有限公司,返回|主界面|通知栏|西湖区|距离611|地址南昌市江西省南昌市西湖区抚生路369号7号楼
走路况好的线路,返回|主界面|通知栏|西湖电子集团有限公司|距离166|地址杭州市天目山路170176西湖数源软件园4层
导航,返回|主界面|通知栏|西湖电子集团有限公司|距离166|地址杭州市天目山路170176西湖数源软件园4层
我要去成都日月大道,返回|主界面|通知栏|缩小图面|放大图面|仅供测试
妇女儿童中心医院,返回|主界面|通知栏|路线偏好|距离最短|5小时2分钟|414公里|红绿灯24个|收费225元|方案2|5小时4分钟|434公里|方案3|5小时13分钟|439公里|开始导航|设置车牌避开杭州市外地车限行|缩小图面|放大图面|仅供测试
不是急诊，是南门,返回|主界面|通知栏|路线偏好|距离最短|5小时2分钟|414公里|红绿灯24个|收费225元|方案2|5小时4分钟|434公里|方案3|5小时13分钟|439公里|开始导航|设置车牌避开杭州市外地车限行|缩小图面|放大图面|仅供测试
走耗时最短的路线,返回|主界面|通知栏|路线偏好|距离最短|5小时2分钟|414公里|红绿灯24个|收费225元|方案2|5小时4分钟|434公里|方案3|5小时13分钟|439公里|开始导航|设置车牌避开杭州市外地车限行|缩小图面|放大图面|仅供测试
导航吧,返回|主界面|通知栏|路线偏好|距离最短|5小时2分钟|414公里|红绿灯24个|收费225元|方案2|5小时4分钟|434公里|方案3|5小时13分钟|439公里|开始导航|设置车牌避开杭州市外地车限行|缩小图面|放大图面|仅供测试
我要去昌北经济开发区,返回|主界面|通知栏|路线偏好|距离最短|5小时2分钟|414公里|红绿灯24个|收费225元|方案2|5小时4分钟|434公里|方案3|5小时13分钟|439公里|开始导航|设置车牌避开杭州市外地车限行|缩小图面|放大图面|仅供测试
第三个,返回|主界面|通知栏|樟树市城北经济技术开发区|宜春市樟树市|冯田经济开发区派出所|宜春市奉新县|中共樟树市城北经济技术开发区委员会|宜春经济开发区宝利卫生所|宜春市袁州区|冯田经济开发区管理委员会
要路况好的路线,返回|主界面|通知栏|中共樟树市城北经济技术开发区委员会|距离40|地址宜春市樟树市
导航吧,返回|主界面|通知栏|中共樟树市城北经济技术开发区委员会|距离40|地址宜春市樟树市
我想去莘庄,返回|主界面|通知栏|缩小图面|放大图面|仅供测试
庙泾路68号,返回|主界面|通知栏|翻身庄|西安市高陵区|博森装饰|西安市阎良区|联森装饰|陕西鸿森装饰有限公司|西安市高新路50号南洋国际7层|深装总装饰工程工业有限公司|西安市西华门1凯爱大厦座93室
就是莘庄水利大楼,返回|主界面|通知栏|翻身庄|西安市高陵区|博森装饰|西安市阎良区|联森装饰|陕西鸿森装饰有限公司|西安市高新路50号南洋国际7层|深装总装饰工程工业有限公司|西安市西华门1凯爱大厦座93室
开始导航,返回|主界面|通知栏|翻身庄|西安市高陵区|博森装饰|西安市阎良区|联森装饰|陕西鸿森装饰有限公司|西安市高新路50号南洋国际7层|深装总装饰工程工业有限公司|西安市西华门1凯爱大厦座93室
帮我导航到天波杨府,返回|主界面|通知栏|路线偏好|时间最短|5小时51分钟|530公里|红绿灯9个|收费275元|方案2|6小时47分钟|601公里|拥堵较少|7小时13分钟|651公里|开始导航|设置车牌避开南昌市外地车限行|缩小图面|放大图面|仅供测试
去龙亭北路,返回|主界面|通知栏|天波杨府|距离965|地址开封市开封市市辖区
选择天波杨府景区,返回|主界面|通知栏|龙亭北路|距离964|地址开封市龙亭区
导航吧,返回|主界面|通知栏|龙亭北路|距离964|地址开封市龙亭区
你帮我导航到金港中路,返回|主界面|通知栏|缩小图面|放大图面|仅供测试
就在金港中路98,返回|主界面|通知栏|路线偏好|时间最短|5小时33分钟|510公里|红绿灯17个|收费250元|方案2|6小时24分钟|611公里|开始导航|连霍高速因施工封路已为您避开|缩小图面|放大图面|仅供测试
金港中路98附近有什么酒店,返回|主界面|通知栏|路线偏好|时间最短|5小时33分钟|510公里|红绿灯17个|收费250元|方案2|6小时24分钟|611公里|开始导航|连霍高速因施工封路已为您避开|缩小图面|放大图面|仅供测试
选择价位最高,返回|主界面|通知栏|路线偏好|时间最短|5小时33分钟|510公里|红绿灯17个|收费250元|方案2|6小时24分钟|611公里|开始导航|连霍高速因施工封路已为您避开|缩小图面|放大图面|仅供测试
导航,返回|主界面|通知栏|路线偏好|时间最短|5小时33分钟|510公里|红绿灯17个|收费250元|方案2|6小时24分钟|611公里|开始导航|连霍高速因施工封路已为您避开|缩小图面|放大图面|仅供测试
我要到武夷路涓,返回|主界面|通知栏|路线偏好|时间最短|5小时33分钟|510公里|红绿灯17个|收费250元|方案2|6小时24分钟|611公里|开始导航|连霍高速因施工封路已为您避开|缩小图面|放大图面|仅供测试
选择堡镇中路249号108室,返回|主界面|通知栏|路线偏好|时间最短|5小时33分钟|510公里|红绿灯17个|收费250元|方案2|6小时24分钟|611公里|开始导航|连霍高速因施工封路已为您避开|缩小图面|放大图面|仅供测试
走最短的路线,返回|主界面|通知栏|路线偏好|时间最短|5小时33分钟|510公里|红绿灯17个|收费250元|方案2|6小时24分钟|611公里|开始导航|连霍高速因施工封路已为您避开|缩小图面|放大图面|仅供测试
开始导航,返回|主界面|通知栏|路线偏好|时间最短|5小时33分钟|510公里|红绿灯17个|收费250元|方案2|6小时24分钟|611公里|开始导航|连霍高速因施工封路已为您避开|缩小图面|放大图面|仅供测试
我要到咸阳卓越汽车营,返回|主界面|通知栏|路线偏好|时间最短|5小时33分钟|510公里|红绿灯17个|收费250元|方案2|6小时24分钟|611公里|开始导航|连霍高速因施工封路已为您避开|缩小图面|放大图面|仅供测试
就在汽车站附近,返回|主界面|通知栏|咸阳卓越汽车销售服务有限公司|咸阳市北上召汽车产业园上召路一排二号|华越汽车美容装潢|咸阳市彬县|鸿越汽车销售中心|咸阳市三原县|超越汽车轮胎销售中心|咸阳市杨陵区
选择走高速,返回|主界面|通知栏|咸阳卓越汽车销售服务有限公司|咸阳市北上召汽车产业园上召路一排二号|华越汽车美容装潢|咸阳市彬县|鸿越汽车销售中心|咸阳市三原县|超越汽车轮胎销售中心|咸阳市杨陵区
导航,返回|主界面|通知栏|咸阳卓越汽车销售服务有限公司|咸阳市北上召汽车产业园上召路一排二号|华越汽车美容装潢|咸阳市彬县|鸿越汽车销售中心|咸阳市三原县|超越汽车轮胎销售中心|咸阳市杨陵区
我要去北翟路华江路,返回|主界面|通知栏|定位中|请行驶至开阔地带|永和路|仅供测试
就是北虹路和北翟路,返回|主界面|通知栏|大兜路和仁和仓北弄|杭州市拱墅区|丽水路和仁和仓北弄|仁和仓北弄和大兜路|仁和仓北弄和丽水路|仁和仓北弄和沙河弄
不是北渔路，是北虹路,返回|主界面|通知栏|大兜路和仁和仓北弄|杭州市拱墅区|丽水路和仁和仓北弄|仁和仓北弄和大兜路|仁和仓北弄和丽水路|仁和仓北弄和沙河弄
导航,返回|主界面|通知栏|大兜路和仁和仓北弄|杭州市拱墅区|丽水路和仁和仓北弄|仁和仓北弄和大兜路|仁和仓北弄和丽水路|仁和仓北弄和沙河弄
我要前往康定东路三号三弄,返回|主界面|通知栏|定位中|请行驶至开阔地带|永和路|仅供测试
去东大街85,返回|主界面|通知栏|康定东路|上海城区静安区|环山东路|甘孜藏族自治州康定市|阿迪达斯沿河东路|甘孜藏族自治州沿河东路71号|顺风肥牛沿河东路|甘孜藏族自治州沿河东路5号|雅琳火锅串串沿河东路|甘孜藏族自治州沿河东路66号
搜索东大街附近的停车场,返回|主界面|通知栏|东大街|上海城区松江区|永东大街|上海城区嘉定区|嘉定东大街|汇丰东大街|上海城区金山区|张堰东大街
走最近的路线,返回|主界面|通知栏|停车场和静路|上海城区嘉定区|停车场秦安路|停车场昌吉路|停车场新源路
开始导航,返回|主界面|通知栏|停车场昌吉路|距离31|地址上海城区嘉定区
我想去三家店,返回|主界面|通知栏|缩小图面|放大图面|仅供测试
甘霖电动三轮车幸福人家直营店,返回|主界面|通知栏|凤山家电|温州市建兴东路468号|屿山家电|温州市永建路129号|茗山家电|温州市楠江西路6365号|江山家电超市|温州市江山东路951号5|西山家电制冷维修|温州市瓯海区
走红路灯最少的路线,返回|主界面|通知栏|利友轮胎直营店|温州市莘塍104国道边仙甲段800号|北汽威旺瑞安直营店|温州市瑞安市|风行汽车瑞安直营店|温州市塘下镇岑头村岑头东路92102号|观致汽车瑞安天隆直营店|温州市莘塍镇仙桥北路1号|广汽传祺奔城瑞安直营店|温州市莘塍瑞温公路999号
导航,返回|主界面|通知栏|利友轮胎直营店|温州市莘塍104国道边仙甲段800号|北汽威旺瑞安直营店|温州市瑞安市|风行汽车瑞安直营店|温州市塘下镇岑头村岑头东路92102号|观致汽车瑞安天隆直营店|温州市莘塍镇仙桥北路1号|广汽传祺奔城瑞安直营店|温州市莘塍瑞温公路999号
我要去城东中学,返回|主界面|通知栏|路线偏好|距离最短|4小时48分钟|443公里|红绿灯13个|收费235元|收费较少|5小时|448公里|方案3|5小时30分钟|493公里|开始导航|设置车牌避开上海市外地车限行|缩小图面|放大图面|仅供测试
选择乐清市城东第一中学,返回|主界面|通知栏|城东第一中学|温州市乐清市|城东第二中学|温州市金凤路1号|乐清市城东第一中学|温州市城东街道|城东路|温州市洞头区|温州市文成县
走高速路线,返回|主界面|通知栏|乐清市城东第一中学|距离39|地址温州市城东街道
导航吧,返回|主界面|通知栏|乐清市城东第一中学|距离39|地址温州市城东街道
我想去北洋度假村,返回|主界面|通知栏|加载中
选择第一个,返回|主界面|通知栏|北洋度假村|距离45|地址上海郊县合五公路4077
不是，选第二个,返回|主界面|通知栏|北洋度假村|距离45|地址上海郊县合五公路4077
去距离最近的,返回|主界面|通知栏|北洋度假村|距离45|地址上海郊县合五公路4077
开始导航,返回|主界面|通知栏|北洋度假村|距离45|地址上海郊县合五公路4077
我要去贵阳龙洞堡机场,返回|主界面|通知栏|北洋度假村|距离45|地址上海郊县合五公路4077
去南明区机场路1号,返回|主界面|通知栏|贵阳龙洞堡国际机场|贵阳市机场路1号|贵阳龙洞堡国际机场2号航站楼|贵阳市龙洞堡附近贵阳龙洞堡国际机场|贵阳龙洞堡国际机场1号航站楼
搜索附近的如家酒店,返回|主界面|通知栏|贵阳龙洞堡国际机场|贵阳市机场路1号|贵阳龙洞堡国际机场2号航站楼|贵阳市龙洞堡附近贵阳龙洞堡国际机场|贵阳龙洞堡国际机场1号航站楼
导航,返回|主界面|通知栏|荆门广鑫宾馆|荆门掇刀区象山大道129号|详情下拉图片|荆门文峰宾馆|塔影路12号|荆门家欣宾馆|天鹅路仁爱医院东侧|荆门富都宾馆|荆门东宝区天鹅广场北面|荆门尚客优骏怡连锁酒店|荆门东宝区白云大道105号
动身去星河时代,返回|主界面|通知栏|路线偏好|时间最短|5小时54分钟|551公里|红绿灯11个|收费320元|方案2|6小时6分钟|557公里|距离最短|6小时8分钟|539公里|开始导航|设置车牌避开上海市外地车限行|缩小图面|放大图面|仅供测试
那就去星河蓝湾时代广场,返回|主界面|通知栏|路线偏好|时间最短|5小时54分钟|551公里|红绿灯11个|收费320元|方案2|6小时6分钟|557公里|距离最短|6小时8分钟|539公里|开始导航|设置车牌避开上海市外地车限行|缩小图面|放大图面|仅供测试
我要走耗时少的路线,返回|主界面|通知栏|时代广场|广州市天河区|星河广场|广州市从化区|永泰时代广场|广州市同泰路91|同发时代广场|广州市新造镇|喜来时代广场|广州市龙归长虹村
导航吧,返回|主界面|通知栏|时代广场|广州市天河区|星河广场|广州市从化区|永泰时代广场|广州市同泰路91|同发时代广场|广州市新造镇|喜来时代广场|广州市龙归长虹村
帮我导航到宝胜电缆厂,返回|主界面|通知栏|路线偏好|时间最短|5小时54分钟|551公里|红绿灯11个|收费320元|方案2|6小时6分钟|557公里|距离最短|6小时8分钟|539公里|开始导航|设置车牌避开上海市外地车限行|缩小图面|放大图面|仅供测试
去扬州市凤鸣电缆厂,返回|主界面|通知栏|宝应县宝升电缆厂工会|扬州市宝应县|宝胜电缆城|宝胜电气|扬州市电缆厂|扬州市湾头镇迎宾路8号|宝胜电缆科技城
要走最近的路线,返回|主界面|通知栏|扬州市电缆厂|扬州市湾头镇迎宾路8号|扬州常安电缆厂|扬州市邗江区|扬州东方电缆厂|扬州市东方路27|扬州市华光电缆厂|扬州市高邮市|扬州市斯拜秀电缆厂|扬州市宝应县
开始导航,返回|主界面|通知栏|扬州东方电缆厂|距离55|地址扬州市东方路27
导航到洞口县,返回|主界面|通知栏|加载中
在桔诚西路,返回|主界面|通知栏|洞口县|距离999|地址邵阳市湖南省邵阳市洞口县桔诚西路
搜索桔诚西路附近有名的景点,返回|主界面|通知栏|洞口县|距离999|地址邵阳市湖南省邵阳市洞口县桔诚西路
选择最近,返回|主界面|通知栏|石门景点|温州市乐清市|雁湖景点|红军楼景点|温州市平阳县|仙人硐景点|仙游硐景点
导航开始,返回|主界面|通知栏|石门景点|温州市乐清市|雁湖景点|红军楼景点|温州市平阳县|仙人硐景点|仙游硐景点
我要去六盘山镇,返回|主界面|通知栏|路线偏好|距离最短|2小时54分钟|257公里|红绿灯13个|收费105元|方案2|3小时36分钟|310公里|开始导航|设置车牌避开南京市外地车限行|缩小图面|放大图面|仅供测试
去六盘山镇第一小学,返回|主界面|通知栏|广州市番禺区灵山镇商会|广州市南沙区|番禺区灵山镇中心幼儿园|广州市环城西路48|番禺市莲花山镇水陆运输站|广州市莲花东路75|番禺区灵山镇雁沙村卫生站|广州市番禺区灵山镇国土所
选择一条人少的路线,返回|主界面|通知栏|广州市番禺区灵山镇商会|广州市南沙区|番禺区灵山镇中心幼儿园|广州市环城西路48|番禺市莲花山镇水陆运输站|广州市莲花东路75|番禺区灵山镇雁沙村卫生站|广州市番禺区灵山镇国土所
导航开始吧,返回|主界面|通知栏|广州市番禺区灵山镇商会|距离43|地址广州市南沙区
我要到太极岛水上乐园,返回|主界面|通知栏|加载中
到开心岛儿童水上主题俱乐部,返回|主界面|通知栏|长隆水上乐园|广州市长隆欢乐世界内|黄金海岸水上乐园|广州市滨江东路29|长隆水上乐园正门|水上乐园鹤亭西路|广州市白云区|黄金海岸水上乐园西南门|广州市滨江东路29号
就在工业大道中400-28,返回|主界面|通知栏|开心城堡儿童主题乐园|广州市天河区|开心哈乐室内儿童主题亲子乐园贝贝乐店|广州市番禺区|开心哈乐室内儿童主题亲子乐园西华北直街|广州市宝业路518号醒目仔育才中心2层|国泰俱乐部|广州市海员路119121|东英俱乐部|广州市棠东东南路7号
导航,返回|主界面|通知栏|开心城堡儿童主题乐园|广州市天河区|开心哈乐室内儿童主题亲子乐园贝贝乐店|广州市番禺区|开心哈乐室内儿童主题亲子乐园西华北直街|广州市宝业路518号醒目仔育才中心2层|国泰俱乐部|广州市海员路119121|东英俱乐部|广州市棠东东南路7号
我想去大郎寨,返回|主界面|通知栏|路线偏好|时间最短|14小时14分钟|1259公里|红绿灯16个|收费620元|方案2|16小时35分钟|1422公里|开始导航|设置车牌避开南昌市外地车限行|缩小图面|放大图面|仅供测试
利郎,返回|主界面|通知栏|路线偏好|时间最短|14小时14分钟|1259公里|红绿灯16个|收费620元|方案2|16小时35分钟|1422公里|开始导航|设置车牌避开南昌市外地车限行|缩小图面|放大图面|仅供测试
在鸿坤广场2层-19,返回|主界面|通知栏|路线偏好|时间最短|14小时14分钟|1259公里|红绿灯16个|收费620元|方案2|16小时35分钟|1422公里|开始导航|设置车牌避开南昌市外地车限行|缩小图面|放大图面|仅供测试
导航开始,返回|主界面|通知栏|路线偏好|时间最短|14小时14分钟|1259公里|红绿灯16个|收费620元|方案2|16小时35分钟|1422公里|开始导航|设置车牌避开南昌市外地车限行|缩小图面|放大图面|仅供测试
动身去五河县,返回|主界面|通知栏|路线偏好|时间最短|14小时14分钟|1259公里|红绿灯16个|收费620元|方案2|16小时35分钟|1422公里|开始导航|设置车牌避开南昌市外地车限行|缩小图面|放大图面|仅供测试
淮河路1018号上的,返回|主界面|通知栏|五河县|距离764|地址蚌埠市安徽省蚌埠市五河县淮河路1018号
走高速路线,返回|主界面|通知栏|五河县|距离764|地址蚌埠市安徽省蚌埠市五河县淮河路1018号
开始导航吧,返回|主界面|通知栏|五河县|距离764|地址蚌埠市安徽省蚌埠市五河县淮河路1018号
我要去合肥市警官学院,返回|主界面|通知栏|加载中
就是清溪路78号,返回|主界面|通知栏|安徽警官职业学院南门|合肥市清溪路78号|安徽警官职业学院清溪路|景观庭院|合肥市长江西路960号|安徽警官职业学院东校区|合肥市清溪路13号|安徽警官学院学术交流中心
选择安徽警官学院学术交流中心,返回|主界面|通知栏|安徽警官职业学院南门|合肥市清溪路78号|安徽警官职业学院清溪路|景观庭院|合肥市长江西路960号|安徽警官职业学院东校区|合肥市清溪路13号|安徽警官学院学术交流中心
导航,返回|主界面|通知栏|广外国际学术交流中心|广州市白云大道北2|广州大学学术交流中心|广州市桂花路23|广东省医学学术交流中心|广州市惠福西路123号|广州大学国际学术交流中心|广州市中环西路230号|华南理工大学学术交流中心|广州市天河区
我要前往中邮物流,返回|主界面|通知栏|路线偏好|时间最短|2小时40分钟|223公里|红绿灯12个|收费90元|距离最短|2小时44分钟|217公里|开始导航|缩小图面|放大图面|仅供测试
我要去中国邮政速递物流,返回|主界面|通知栏|山东中邮物流有限责任公司胶南分公司|青岛市黄岛区|增益物流|青岛市即墨市|华晟物流|唐勇物流|复兴物流
在滨海大道中国海洋大学崂山校区,返回|主界面|通知栏|中国邮政速递物流|青岛市崂山区|中国邮政速递物流南流路|青岛市城阳区|中国邮政速递物流永吉路|青岛市永吉路65号|中国邮政速递物流乐环路|青岛市市北区|中国邮政速递物流珠峰街|青岛市黄岛区
导航开始,返回|主界面|通知栏|滨海大道|天津城区滨海新区|滨海县海洋局|盐城市中市中路18|天津市团校滨海校区|中国海洋档案馆|天津城区庐山道2135|北京大学滨海医院|天津城区浙江路63附近
我想去咸阳市武功县,返回|主界面|通知栏|路线偏好|时间最短|2小时40分钟|223公里|红绿灯12个|收费90元|距离最短|2小时44分钟|217公里|开始导航|缩小图面|放大图面|仅供测试
在人民路,返回|主界面|通知栏|武功县|距离1373|地址咸阳市陕西省咸阳市武功县人民路
选择红路灯少的路线,返回|主界面|通知栏|武功县|距离1373|地址咸阳市陕西省咸阳市武功县人民路
导航,返回|主界面|通知栏|周红路|距离25|地址温州市瑞安市
导航到遵义湄潭,返回|主界面|通知栏|缩小图面|放大图面|仅供测试
在文昌巷,返回|主界面|通知栏|湄潭县|距离875|地址遵义市贵州省遵义市湄潭县文昌巷
不走高速,返回|主界面|通知栏|广昌巷|深圳市龙岗区|吉昌巷|文昌路|深圳市宝安区|文昌街|深圳市南山区|文昌商行|深圳市水贝一路73
开始导航,返回|主界面|通知栏|广昌巷|深圳市龙岗区|吉昌巷|文昌路|深圳市宝安区|文昌街|深圳市南山区|文昌商行|深圳市水贝一路73
帮我导航到迎宾大街长安路口,返回|主界面|通知栏|路线偏好|距离最短|9小时6分钟|763公里|红绿灯16个|收费405元|方案2|9小时7分钟|783公里|方案3|9小时43分钟|821公里|开始导航|缩小图面|放大图面|仅供测试
到迎宾宾馆,返回|主界面|通知栏|迎宾旅馆江北大街|温州市永嘉县|长安汽车超市罗浮大街|中大街|温州市乐清市|新大街|长安桥
就在站前二街16号,返回|主界面|通知栏|迎宾宾馆站前二街|温州市站前二街16号|迎宾宾馆广场路|温州市广场路19
导航吧,返回|主界面|通知栏|迎宾宾馆站前二街|距离60|地址温州市站前二街16号
我要去建湖宾馆,返回|主界面|通知栏|缩小图面|放大图面|仅供测试
去向阳西路88号,返回|主界面|通知栏|温州锐思特汽车连锁酒店西站店|鹿城区鹿城路139号旅游集散中心对面|详情下拉图片|温州伯特利商务宾馆|鹿城区鹿城路229号|温州众豪连锁酒店水心店|马鞍池西路308号|速8酒店温州将军桥店|鹿城区将军桥路19号|温州皇都宾馆|雪山路勤奋小区3号楼
到建湖宾馆-健身房,返回|主界面|通知栏|温州锐思特汽车连锁酒店西站店|鹿城区鹿城路139号旅游集散中心对面|详情下拉图片|温州伯特利商务宾馆|鹿城区鹿城路229号|温州众豪连锁酒店水心店|马鞍池西路308号|速8酒店温州将军桥店|鹿城区将军桥路19号|温州皇都宾馆|雪山路勤奋小区3号楼
开始导航,返回|主界面|通知栏|建湖宾馆停车场|盐城市向阳西路88号|建湖宾馆南1门|盐城市建湖县|建湖宾馆南2门|建湖宾馆湖中路店|增益宾馆
导航到平遥古城,返回|主界面|通知栏|路线偏好|距离最短|9小时34分钟|800公里|红绿灯19个|收费415元|方案2|9小时36分钟|820公里|方案3|10小时12分钟|857公里|开始导航|缩小图面|放大图面|仅供测试
去停车场,返回|主界面|通知栏|路线偏好|距离最短|9小时34分钟|800公里|红绿灯19个|收费415元|方案2|9小时36分钟|820公里|方案3|10小时12分钟|857公里|开始导航|缩小图面|放大图面|仅供测试
搜索平遥古城周围的小吃街,返回|主界面|通知栏|古矿物业洗浴停车场|晋城市城区|停车场科教路|停车场|停车场古阎路
开始导航吧,返回|主界面|通知栏|小吃点|晋中市照壁南街58号平遥古城内|古城小吃|晋中市西大街8|民间小吃
前往澳门,返回|主界面|通知栏|路线偏好|距离最短|9小时34分钟|800公里|红绿灯19个|收费415元|方案2|9小时36分钟|820公里|方案3|10小时12分钟|857公里|开始导航|缩小图面|放大图面|仅供测试
去澳门塔,返回|主界面|通知栏|路线偏好|距离最短|9小时34分钟|800公里|红绿灯19个|收费415元|方案2|9小时36分钟|820公里|方案3|10小时12分钟|857公里|开始导航|缩小图面|放大图面|仅供测试
选择不走高架的路线,返回|主界面|通知栏|澳门塔|距离406|地址澳门特别行政区澳门半岛
导航,返回|主界面|通知栏|澳门塔|距离406|地址澳门特别行政区澳门半岛
我想去广场,返回|主界面|通知栏|加载中
那就去石龙文化广场,返回|主界面|通知栏|天成广场|广元市利州区|永康广场|广元市青川县|世纪广场|利州广场|天剑广场
选择最快的路线,返回|主界面|通知栏|周易文化研究会石龙区联络处|平顶山市和谐路18|平顶山市石龙区文化广播电视局|平顶山市人民路南13号院
开始导航,返回|主界面|通知栏|周易文化研究会石龙区联络处|平顶山市和谐路18|平顶山市石龙区文化广播电视局|平顶山市人民路南13号院
帮我导航到实验小学,返回|主界面|通知栏|路线偏好|时间最短|15小时32分钟|1361公里|红绿灯28个|收费690元|距离最短|15小时34分钟|1353公里|方案3|17小时53分钟|1516公里|开始导航|设置车牌避开澳门特别行政区外地车限行|缩小图面|放大图面|仅供测试
到北京市第二实验小学,返回|主界面|通知栏|爱乐实验小学|北京城区石景山区|怀柔实验小学|北京城区小中富乐一区196|星河实验小学|北京城区四季星河路1|昌平实验小学|北京城区风雅园三区13|花家地实验小学|北京城区花家地小区18号楼
位于新文化街,返回|主界面|通知栏|北京第二实验小学|北京城区新文化街111|北京市昌平第二实验小学|北京城区回龙观龙泽苑东区|北京第二实验小学东门|北京城区安德路142|北京第二实验小学南门|北京第二实验小学北门|北京城区西城区
选择距离最近的,返回|主界面|通知栏|北京第二实验小学|北京城区新文化街111|北京市昌平第二实验小学|北京城区回龙观龙泽苑东区|北京第二实验小学东门|北京城区安德路142|北京第二实验小学南门|北京第二实验小学北门|北京城区西城区
导航开始,返回|主界面|通知栏|北京第二实验小学南门|距离65|地址北京城区东绒线胡同41
前往赣州市赣县茅店镇,返回|主界面|通知栏|加载中
就在茅店圩,返回|主界面|通知栏|茅店镇|距离603|地址赣州市赣县
要走最近的路线,返回|主界面|通知栏|茅店镇|距离603|地址赣州市赣县
导航,返回|主界面|通知栏|茅店镇|距离603|地址赣州市赣县
我要去驼山,返回|主界面|通知栏|加载中
去驮山桥,返回|主界面|通知栏|驮山|距离65|地址温州市文成县
搜索沿途有加油站的路线,返回|主界面|通知栏|驮山桥|距离94|地址温州市泰顺县
导航,返回|主界面|通知栏|路线偏好|时间最短|9小时24分钟|849公里|红绿灯8个|收费425元|方案2|9小时52分钟|865公里|开始导航|设置车牌避开南昌市外地车限行|缩小图面|放大图面|仅供测试
导航到吴中路五十二号,返回|主界面|通知栏|路线偏好|时间最短|9小时24分钟|849公里|红绿灯8个|收费425元|方案2|9小时52分钟|865公里|开始导航|设置车牌避开南昌市外地车限行|缩小图面|放大图面|仅供测试
就是北京路二号桥,返回|主界面|通知栏|十二图|苏州市吴中区|十二生肖石
选择不走高速,返回|主界面|通知栏|十二图|苏州市吴中区|十二生肖石
开始导航,返回|主界面|通知栏|4机场高速|杭州市滨江区|杭州市萧山区|2杭甬高速|杭州市江干区|9苏绍高速|杭州市余杭区
我想去王桥路五十五号,返回|主界面|通知栏|路线偏好|时间最短|9小时24分钟|849公里|红绿灯8个|收费425元|方案2|9小时52分钟|865公里|开始导航|设置车牌避开南昌市外地车限行|缩小图面|放大图面|仅供测试
就是艮山支三路5,返回|主界面|通知栏|飞云江路五十五号自行车租赁点|杭州市上城区|上塘路四百五十五号自行车租赁点|杭州市拱墅区|五号路|杭州市下城区|五号门|杭州市萧山区|杭州市富阳区
去聚落五号创意产业园停车场,返回|主界面|通知栏|飞云江路五十五号自行车租赁点|杭州市上城区|上塘路四百五十五号自行车租赁点|杭州市拱墅区|五号路|杭州市下城区|五号门|杭州市萧山区|杭州市富阳区
走高速路线,返回|主界面|通知栏|聚落五号创意产业园|杭州市艮山支三路5|聚落五号创意产业园西门|杭州市艮山支三路5号|6号创意产业园停车场|杭州市秋涛北路373|紫荆城创意产业园停车场|杭州市西湖区|西溪乐谷创意产业园停车场
开始导航,返回|主界面|通知栏|聚落五号创意产业园|杭州市艮山支三路5|聚落五号创意产业园西门|杭州市艮山支三路5号|6号创意产业园停车场|杭州市秋涛北路373|紫荆城创意产业园停车场|杭州市西湖区|西溪乐谷创意产业园停车场
帮我导航到洋山港客运码头,返回|主界面|通知栏|路线偏好|时间最短|9小时24分钟|849公里|红绿灯8个|收费425元|方案2|9小时52分钟|865公里|开始导航|设置车牌避开南昌市外地车限行|缩小图面|放大图面|仅供测试
位于三里洋路10,返回|主界面|通知栏|客运码头|杭州市千岛湖镇排岭南路177号|阳光客运码头|杭州市阳光线|千岛湖客运码头|杭州市滨湖支路与滨湖景观大道交叉口|御码头|杭州市龙井路1号杭州西湖风景名胜区内|俞赵货运码头|杭州市桐庐县
是杭州三里洋码头二港区，不是二港区,返回|主界面|通知栏|客运码头|杭州市千岛湖镇排岭南路177号|阳光客运码头|杭州市阳光线|千岛湖客运码头|杭州市滨湖支路与滨湖景观大道交叉口|御码头|杭州市龙井路1号杭州西湖风景名胜区内|俞赵货运码头|杭州市桐庐县
导航吧,返回|主界面|通知栏|客运码头|杭州市千岛湖镇排岭南路177号|阳光客运码头|杭州市阳光线|千岛湖客运码头|杭州市滨湖支路与滨湖景观大道交叉口|御码头|杭州市龙井路1号杭州西湖风景名胜区内|俞赵货运码头|杭州市桐庐县
前往吴中路中山西路口,返回|主界面|通知栏|路线偏好|时间最短|9小时24分钟|849公里|红绿灯8个|收费425元|方案2|9小时52分钟|865公里|开始导航|设置车牌避开南昌市外地车限行|缩小图面|放大图面|仅供测试
去中山北路和中山西路,返回|主界面|通知栏|路线偏好|时间最短|9小时24分钟|849公里|红绿灯8个|收费425元|方案2|9小时52分钟|865公里|开始导航|设置车牌避开南昌市外地车限行|缩小图面|放大图面|仅供测试
不是中山东路，是北路,返回|主界面|通知栏|中山北路|距离24|地址杭州市下城区
导航,返回|主界面|通知栏|中山北路|距离24|地址杭州市下城区
我要去海角七号,返回|主界面|通知栏|加载中
深圳海角七号精品酒店,返回|主界面|通知栏|顺城七号|西安市碑林区|汇通七号|西安市未央区|梦焕七号|西安市户县|七号馆|西安市雁塔区|七号桥|西安市莲湖区
选择最快的路线,返回|主界面|通知栏|西安大唐丽都公寓酒店|莲湖区北大街1号宏府嘉会广场座八楼8032室|详情下拉图片|西安楼北楼客栈|西安莲湖区北院门131号|西安回民街家庭宾馆|陕西省西安市莲湖区回民美食街中段北院门111号|西安巷声青年客栈钟楼回民街店|回民街西羊市35号|西安撒哈拉青年客栈回民街店|西安市莲湖区北院门180号
开始导航,返回|主界面|通知栏|西安大唐丽都公寓酒店|莲湖区北大街1号宏府嘉会广场座八楼8032室|详情下拉图片|西安楼北楼客栈|西安莲湖区北院门131号|西安回民街家庭宾馆|陕西省西安市莲湖区回民美食街中段北院门111号|西安巷声青年客栈钟楼回民街店|回民街西羊市35号|西安撒哈拉青年客栈回民街店|西安市莲湖区北院门180号
导航到萍乡步行街,返回|主界面|通知栏|路线偏好|距离最短|4小时59分钟|419公里|红绿灯11个|收费225元|时间最短|4小时58分钟|435公里|方案3|5小时7分钟|440公里|开始导航|设置车牌避开杭州市外地车限行|缩小图面|放大图面|仅供测试
在文化路步行街,返回|主界面|通知栏|步行街|萍乡市莲花县|萍乡市安源区
法西诺萍乡步行街旗舰店,返回|主界面|通知栏|铜鼓步行街|宜春市铜鼓县|金马步行街|宜春市丰城市|重桂路步行街|宜春市袁州区|朝阳路步行街|锦绣共和步行街|宜春市共和西路
导航开始,返回|主界面|通知栏|铜鼓步行街|宜春市铜鼓县|金马步行街|宜春市丰城市|重桂路步行街|宜春市袁州区|朝阳路步行街|锦绣共和步行街|宜春市共和西路
我想去武汉,返回|主界面|通知栏|路线偏好|距离最短|4小时59分钟|419公里|红绿灯11个|收费225元|时间最短|4小时58分钟|435公里|方案3|5小时7分钟|440公里|开始导航|设置车牌避开杭州市外地车限行|缩小图面|放大图面|仅供测试
就是沿江大道188号,返回|主界面|通知栏|武汉市|距离648|地址武汉市湖北省武汉市江岸区沿江大道188号
选择收费站少的,返回|主界面|通知栏|武汉市|距离648|地址武汉市湖北省武汉市江岸区沿江大道188号
导航,返回|主界面|通知栏|武汉市|距离648|地址武汉市湖北省武汉市江岸区沿江大道188号
前往广西柳州,返回|主界面|通知栏|加载中
去三中路66号,返回|主界面|通知栏|柳州市|距离426|地址柳州市广西壮族自治区柳州市柳北区三中路66号
选择沿途有加油站的路线,返回|主界面|通知栏|柳州市|距离426|地址柳州市广西壮族自治区柳州市柳北区三中路66号
导航吧,返回|主界面|通知栏|路线偏好|距离最短|4小时26分钟|363公里|红绿灯30个|收费240元|方案2|5小时6分钟|429公里|红绿灯少|5小时11分钟|451公里|开始导航|设置车牌避开武汉市外地车限行|缩小图面|放大图面|仅供测试
我要去武城县托修场,返回|主界面|通知栏|路线偏好|距离最短|4小时26分钟|363公里|红绿灯30个|收费240元|方案2|5小时6分钟|429公里|红绿灯少|5小时11分钟|451公里|开始导航|设置车牌避开武汉市外地车限行|缩小图面|放大图面|仅供测试
去棉厂,返回|主界面|通知栏|路线偏好|距离最短|4小时26分钟|363公里|红绿灯30个|收费240元|方案2|5小时6分钟|429公里|红绿灯少|5小时11分钟|451公里|开始导航|设置车牌避开武汉市外地车限行|缩小图面|放大图面|仅供测试
选择武城县银山棉厂,返回|主界面|通知栏|兰州拉面沧台路|青岛市李沧区|兰州拉面长春路|青岛市市北区|兰州拉面长沙路|兰州牛肉拉面长江二路|青岛市即墨市|青岛市烟青路2729
选择距离最近的,返回|主界面|通知栏|武城县银山棉厂|德州市武城县|武城县银山棉厂南1门|武城县银山棉厂南2门
开始导航,返回|主界面|通知栏|武城县银山棉厂南1门|距离407|地址德州市武城县
帮我导航到赣州市幺零五国道旁边的黄金家园,返回|主界面|通知栏|缩小图面|放大图面|仅供测试
去中国黄金,返回|主界面|通知栏|黄金|赣州市章贡区|大家园|赣州市信丰县|刘家园|赣州市宁都县|中家园|赣州市兴国县|自己家园|赣州市八境路1012号
在西街32号上,返回|主界面|通知栏|中国黄金|温州市梧慈路381|中国黄金安阳店|温州市拱瑞山路198|中国黄金梧慈路|温州市瓯海区|中国黄金罗东街|温州市永中罗东街331号|中国黄金公园路|温州市公园路15
导航,返回|主界面|通知栏|中国黄金|温州市梧慈路381|中国黄金安阳店|温州市拱瑞山路198|中国黄金梧慈路|温州市瓯海区|中国黄金罗东街|温州市永中罗东街331号|中国黄金公园路|温州市公园路15
我想去欧风街,返回|主界面|通知栏|路线偏好|时间最短|7小时28分钟|704公里|红绿灯8个|收费330元|方案2|8小时1分钟|737公里|开始导航|设置车牌避开聊城市外地车限行|缩小图面|放大图面|仅供测试
那就欧风街教堂,返回|主界面|通知栏|欧陆风情酒吧街|深圳市深南大道9037号世界之窗欧风街广场|欧风金箔行|深圳市龙岗区
搜索欧风街教堂附近的加油站,返回|主界面|通知栏|欧陆风情酒吧街|深圳市深南大道9037号世界之窗欧风街广场|欧风金箔行|深圳市龙岗区
选择距离最近的,返回|主界面|通知栏|建业冠德加油站|深圳市布心路2033|东湖加油站|深圳市布心路2033号|广东深圳布吉加油站龙岗大道|深圳市龙岗区|鹏吉源加油站|深圳市布吉路1022|布心加油站|深圳市布心路10101018号
导航,返回|主界面|通知栏|广东深圳布吉加油站龙岗大道|距离56|地址深圳市龙岗区
前往宁乡灰汤,返回|主界面|通知栏|缩小图面|放大图面|仅供测试
去加油站,返回|主界面|通知栏|宁乡农商银行灰汤支行|长沙市宁乡县|灰汤村|灰汤镇|宁乡县灰汤供水有限责任公司|宁乡县国土资源局灰汤镇管理所
走最近的路线,返回|主界面|通知栏|加油站云南南路|上海城区车站东路193号|三电加油站|上海城区重庆南路273|成都路加油站|上海城区成都北路118|国货路加油站|上海城区国货路398|海绿中加油站|上海城区蒙自路278
导航,返回|主界面|通知栏|加油站云南南路|距离550|地址上海城区车站东路193号
我要去黄山,返回|主界面|通知栏|缩小图面|放大图面|仅供测试
到黄山风景区,返回|主界面|通知栏|黄山市|黄山市安徽省黄山市屯溪区天都大道1|黄山区|黄山市安徽省黄山市黄山区036|黄山风景区|黄山市036|黄山市黄山区
就是x036的黄山风景区,返回|主界面|通知栏|黄山风景区|黄山市黄山区|黄山风景区法庭|黄山风景区售票处|黄山风景区博物馆|黄山风景区新国线
选择走高速,返回|主界面|通知栏|黄山风景区|黄山市黄山区|黄山风景区法庭|黄山风景区售票处|黄山风景区博物馆|黄山风景区新国线
开始导航,返回|主界面|通知栏|黄山风景区|黄山市黄山区|黄山风景区法庭|黄山风景区售票处|黄山风景区博物馆|黄山风景区新国线
导航到桐城,返回|主界面|通知栏|路线偏好|时间最短|5小时33分钟|476公里|红绿灯34个|收费245元|收费较少|5小时48分钟|481公里|开始导航|设置车牌避开上海市外地车限行|缩小图面|放大图面|仅供测试
位于公园路2号,返回|主界面|通知栏|桐城市|距离492|地址安庆市安徽省安庆市桐城市公园路2号
搜索桐城附近的酒店,返回|主界面|通知栏|桐城市|距离492|地址安庆市安徽省安庆市桐城市公园路2号
选择好评高的,返回|主界面|通知栏|桐城市|距离492|地址安庆市安徽省安庆市桐城市公园路2号
导航,返回|主界面|通知栏|桐城市|距离492|地址安庆市安徽省安庆市桐城市公园路2号
我想去定西市临洮县,返回|主界面|通知栏|路线偏好|时间最短|1小时33分钟|122公里|红绿灯14个|收费60元|距离最短|1小时52分钟|110公里|开始导航|缩小图面|放大图面|仅供测试
去东大街4号,返回|主界面|通知栏|临洮县|距离306|地址定西市甘肃省定西市临洮县东大街4号
走红路灯最少的路线,返回|主界面|通知栏|东大街|武威市民勤县|武威市凉州区|东大街街道|龙泰东大街|康奈东大街
导航吧,返回|主界面|通知栏|东大街|武威市民勤县|武威市凉州区|东大街街道|龙泰东大街|康奈东大街
帮我导航到嘉定区黄渡镇,返回|主界面|通知栏|路线偏好|时间最短|1小时33分钟|122公里|红绿灯14个|收费60元|距离最短|1小时52分钟|110公里|开始导航|缩小图面|放大图面|仅供测试
就在博园路,返回|主界面|通知栏|黄渡镇|距离332|地址上海城区嘉定区
就是黄渡镇汽车服务中心,返回|主界面|通知栏|黄渡镇|距离332|地址上海城区嘉定区
选择距离最近的,返回|主界面|通知栏|合众汽车服务中心|淮安市涟水县|乐行汽车服务中心|博奥汽车服务中心|美驹汽车服务中心|淮安市淮海西路26814|广远汽车服务中心|淮安市淮安经济开发区威海路5号
开始导航,返回|主界面|通知栏|佳盛汽车服务中心|距离24|地址淮安市清河区
前往开封市禹王台风景区,返回|主界面|通知栏|缩小图面|放大图面|仅供测试
位于三里堡街45号,返回|主界面|通知栏|路线偏好|时间最短|4小时1分钟|347公里|红绿灯30个|收费155元|收费较少|4小时54分钟|361公里|开始导航|设置车牌避开南京市外地车限行|缩小图面|放大图面|仅供测试
去开封市禹王台区监察局,返回|主界面|通知栏|路线偏好|时间最短|4小时1分钟|347公里|红绿灯30个|收费155元|收费较少|4小时54分钟|361公里|开始导航|设置车牌避开南京市外地车限行|缩小图面|放大图面|仅供测试
导航,返回|主界面|通知栏|路线偏好|时间最短|4小时1分钟|347公里|红绿灯30个|收费155元|收费较少|4小时54分钟|361公里|开始导航|设置车牌避开南京市外地车限行|缩小图面|放大图面|仅供测试
我要去西安火车站,返回|主界面|通知栏|路线偏好|时间最短|4小时1分钟|347公里|红绿灯30个|收费155元|收费较少|4小时54分钟|361公里|开始导航|设置车牌避开南京市外地车限行|缩小图面|放大图面|仅供测试
就是去临潼火车站,返回|主界面|通知栏|西安站|西安市环城北路44号|西安站南进站口|西安站南出站口|西安市环城北路|西安西站|西安市建中巷32|西安东站|西安市新城区
搜索最快的路线,返回|主界面|通知栏|临潼站|距离45|地址西安市临潼区
开始导航,返回|主界面|通知栏|临潼站|距离45|地址西安市临潼区
导航到桂林,返回|主界面|通知栏|加载中
选择桂林市,返回|主界面|通知栏|桂林市|距离1009|地址桂林市广西壮族自治区桂林市秀峰区五美路16号
搜索桂林附近的酒店,返回|主界面|通知栏|桂林市|距离1009|地址桂林市广西壮族自治区桂林市秀峰区五美路16号
选择价格最低的,返回|主界面|通知栏|西安蓝田桂林宾馆|距离37|地址陕西省西安市蓝田县汤峪镇塘子村
导航吧,返回|主界面|通知栏|西安蓝田桂林宾馆|距离37|地址陕西省西安市蓝田县汤峪镇塘子村
我要去武汉汉正街,返回|主界面|通知栏|加载中
去汉正街控股集团公司,返回|主界面|通知栏|汉正街|武汉市~口区|武汉市江汉区
在洞庭街139，不在公园环路2,返回|主界面|通知栏|宏达集团轮渡公司|黄冈市黄州区|东方集团全顺公司|黄冈市英山县|湖北武穴百园集团公司|黄冈市武穴市|嘉禾装饰集团黄冈公司|黄冈市八一路|上海上丰集团有限公司|黄冈市红安县
导航,返回|主界面|通知栏|宏达集团轮渡公司|黄冈市黄州区|东方集团全顺公司|黄冈市英山县|湖北武穴百园集团公司|黄冈市武穴市|嘉禾装饰集团黄冈公司|黄冈市八一路|上海上丰集团有限公司|黄冈市红安县
我要到新闻中心,返回|主界面|通知栏|加载中
广州市南沙区新闻中心,返回|主界面|通知栏|花都新闻中心|广州市聚贤街20号|广州市新闻中心|广州市华利路61|广州市黄埔区新闻中心|广州市港湾路596号|南方医科大学新闻中心|广州市同和镇|广州市南沙区新闻中心|广州市南沙区
选择最近路线,返回|主界面|通知栏|广州市黄埔区新闻中心|广州市港湾路596号|广州市南沙区新闻中心|广州市南沙区
导航,返回|主界面|通知栏|广州市黄埔区新闻中心|广州市港湾路596号|广州市南沙区新闻中心|广州市南沙区
我要导航去凉城,返回|主界面|通知栏|缩小图面|放大图面|仅供测试
高凉郡古城,返回|主界面|通知栏|凉城县|距离78|地址乌兰察布市内蒙古自治区乌兰察布市凉城县青林街
搜索高凉郡古城附近的旅游景点,返回|主界面|通知栏|凉城县|距离78|地址乌兰察布市内蒙古自治区乌兰察布市凉城县青林街
选择门票便宜的,返回|主界面|通知栏|高凉郡古城|茂名市高州市|西城门|西村庙|中华第一冼太庙|电白郡遗址
导航吧,返回|主界面|通知栏|高凉郡古城|茂名市高州市|西城门|西村庙|中华第一冼太庙|电白郡遗址
导航到上海金山廊下生态园,返回|主界面|通知栏|缩小图面|放大图面|仅供测试
在廊下生态园,返回|主界面|通知栏|廊下生态园|上海城区金山廊下镇漕廊公路9133号|廊下生态园北门|上海城区漕廊公路9133号附近
走收费最少的线路,返回|主界面|通知栏|廊下生态园|上海城区金山廊下镇漕廊公路9133号|廊下生态园北门|上海城区漕廊公路9133号附近
导航吧,返回|主界面|通知栏|廊下生态园|上海城区金山廊下镇漕廊公路9133号|廊下生态园北门|上海城区漕廊公路9133号附近
导航去乌鲁木齐,返回|主界面|通知栏|缩小图面|放大图面|仅供测试
我要到射击场路,返回|主界面|通知栏|乌鲁木齐市|乌鲁木齐市新疆维吾尔自治区乌鲁木齐市天山区|乌鲁木齐县|乌鲁木齐市新疆维吾尔自治区乌鲁木齐市乌鲁木齐县
距离最近,返回|主界面|通知栏|乌鲁木齐市|乌鲁木齐市新疆维吾尔自治区乌鲁木齐市天山区|乌鲁木齐县|乌鲁木齐市新疆维吾尔自治区乌鲁木齐市乌鲁木齐县
开始导航,返回|主界面|通知栏|乌鲁木齐市|距离3304|地址乌鲁木齐市新疆维吾尔自治区乌鲁木齐市天山区
我现在要去汪清县,返回|主界面|通知栏|加载中
就在汪清街392号,返回|主界面|通知栏|路线偏好|推荐|1天17小时|3484公里|红绿灯23个|收费1195元|开始导航|设置车牌避开乌鲁木齐市外地车限行|缩小图面|放大图面|仅供测试
搜索沿途有饭店的路线,返回|主界面|通知栏|路线偏好|推荐|1天17小时|3484公里|红绿灯23个|收费1195元|开始导航|设置车牌避开乌鲁木齐市外地车限行|缩小图面|放大图面|仅供测试
导航开始吧,返回|主界面|通知栏|路线偏好|推荐|1天17小时|3484公里|红绿灯23个|收费1195元|开始导航|设置车牌避开乌鲁木齐市外地车限行|缩小图面|放大图面|仅供测试
我要去易通路,返回|主界面|通知栏|路线偏好|推荐|1天17小时|3484公里|红绿灯23个|收费1195元|开始导航|设置车牌避开乌鲁木齐市外地车限行|缩小图面|放大图面|仅供测试
到易通路87号,返回|主界面|通知栏|路线偏好|推荐|1天17小时|3484公里|红绿灯23个|收费1195元|开始导航|设置车牌避开乌鲁木齐市外地车限行|缩小图面|放大图面|仅供测试
选择不走高架的,返回|主界面|通知栏|路线偏好|推荐|1天17小时|3484公里|红绿灯23个|收费1195元|开始导航|设置车牌避开乌鲁木齐市外地车限行|缩小图面|放大图面|仅供测试
导航,返回|主界面|通知栏|路线偏好|推荐|1天17小时|3484公里|红绿灯23个|收费1195元|开始导航|设置车牌避开乌鲁木齐市外地车限行|缩小图面|放大图面|仅供测试
我要到宝远宝马四s店,返回|主界面|通知栏|路线偏好|推荐|1天17小时|3484公里|红绿灯23个|收费1195元|开始导航|设置车牌避开乌鲁木齐市外地车限行|缩小图面|放大图面|仅供测试
就在人民北路附近,返回|主界面|通知栏|大理宝远汽车销售服务有限公司|大理白族自治州凤仪镇千户营村丰赢汽车城内|大理白族自治州凤仪镇千户营村丰赢汽车城
走高速路线,返回|主界面|通知栏|大理宝远汽车销售服务有限公司|大理白族自治州凤仪镇千户营村丰赢汽车城内|大理白族自治州凤仪镇千户营村丰赢汽车城
导航吧,返回|主界面|通知栏|大理宝远汽车销售服务有限公司|大理白族自治州凤仪镇千户营村丰赢汽车城内|大理白族自治州凤仪镇千户营村丰赢汽车城
我准备去七里乡政府,返回|主界面|通知栏|路线偏好|推荐|1天17小时|3484公里|红绿灯23个|收费1195元|开始导航|设置车牌避开乌鲁木齐市外地车限行|缩小图面|放大图面|仅供测试
就在滨河北路044,返回|主界面|通知栏|驾车乡政府|曲靖市会泽县|七里牌|七里店|曲靖市宣威市|普立乡人民政府|龙海乡人民政府|曲靖市陆良县
搜索滨河北路附近便宜的酒店,返回|主界面|通知栏|驾车乡政府|曲靖市会泽县|七里牌|七里店|曲靖市宣威市|普立乡人民政府|龙海乡人民政府|曲靖市陆良县
选择速8,返回|主界面|通知栏|驾车乡政府|曲靖市会泽县|七里牌|七里店|曲靖市宣威市|普立乡人民政府|龙海乡人民政府|曲靖市陆良县
导航开始,返回|主界面|通知栏|驾车乡政府|曲靖市会泽县|七里牌|七里店|曲靖市宣威市|普立乡人民政府|龙海乡人民政府|曲靖市陆良县
我要去雷家店镇,返回|主界面|通知栏|路线偏好|推荐|1天17小时|3484公里|红绿灯23个|收费1195元|开始导航|设置车牌避开乌鲁木齐市外地车限行|缩小图面|放大图面|仅供测试
雷家店镇,返回|主界面|通知栏|雷家|上海城区金山区|罗店镇|上海城区宝山区|雷家宅|雷家桥
选择路况好点的路线,返回|主界面|通知栏|雷家|上海城区金山区|罗店镇|上海城区宝山区|雷家宅|雷家桥
导航,返回|主界面|通知栏|雷家|上海城区金山区|罗店镇|上海城区宝山区|雷家宅|雷家桥
帮我导航公明汽车站,返回|主界面|通知栏|应用列表
在松白路5015,返回|主界面|通知栏|公明汽车站港兴创业大厦东南|距离25|地址深圳市松白路5015号
现在红绿灯最少的路线,返回|主界面|通知栏|公明汽车站港兴创业大厦东南|距离25|地址深圳市松白路5015号
开始导航吧,返回|主界面|通知栏|公明汽车站港兴创业大厦东南|距离25|地址深圳市松白路5015号
我要去嵩山路新会路,返回|主界面|通知栏|仅供测试
嵩山南路和新世纪大街,返回|主界面|通知栏|汉水路和嵩山路南岗区|哈尔滨市南岗区|黄河路和嵩山路南岗区|闽江路和嵩山路南岗区|浦江路和嵩山路南岗区|嵩山路南岗区和轩辕路
走红路灯少的路线,返回|主界面|通知栏|新世纪眼镜牌路大街|哈尔滨市解放大街93|新世纪网吧尚志大街|哈尔滨市西大直街151号|新世纪超市建设大街|哈尔滨市五常市|新世纪鞋行顺天府大街|新世纪家政|哈尔滨市第二方圆里19
导航,返回|主界面|通知栏|新世纪眼镜牌路大街|哈尔滨市解放大街93|新世纪网吧尚志大街|哈尔滨市西大直街151号|新世纪超市建设大街|哈尔滨市五常市|新世纪鞋行顺天府大街|新世纪家政|哈尔滨市第二方圆里19
我要去孝感杨店镇,返回|主界面|通知栏|路线偏好|距离最短|14小时25分钟|1234公里|红绿灯28个|收费585元|红绿灯少|17小时17分钟|1458公里|开始导航|设置车牌避开深圳市外地车限行|缩小图面|放大图面|仅供测试
去杨店镇,返回|主界面|通知栏|杨店镇|距离717|地址孝感市孝南区
选择孝感市杨店镇政府,返回|主界面|通知栏|杨店镇|距离717|地址孝感市孝南区
开始导航吧,返回|主界面|通知栏|杨店镇人民政府|孝感市杨店镇|杨店镇|孝感市孝南区|孝感市杨店镇法庭|孝感市杨店镇国土所|孝感市杨店镇司法所
我要去粥家庄小区,返回|主界面|通知栏|路线偏好|距离最短|14小时25分钟|1234公里|红绿灯28个|收费585元|红绿灯少|17小时17分钟|1458公里|开始导航|设置车牌避开深圳市外地车限行|缩小图面|放大图面|仅供测试
华联小区,返回|主界面|通知栏|路线偏好|距离最短|14小时25分钟|1234公里|红绿灯28个|收费585元|红绿灯少|17小时17分钟|1458公里|开始导航|设置车牌避开深圳市外地车限行|缩小图面|放大图面|仅供测试
走高架,返回|主界面|通知栏|路线偏好|距离最短|14小时25分钟|1234公里|红绿灯28个|收费585元|红绿灯少|17小时17分钟|1458公里|开始导航|设置车牌避开深圳市外地车限行|缩小图面|放大图面|仅供测试
导航,返回|主界面|通知栏|路线偏好|距离最短|14小时25分钟|1234公里|红绿灯28个|收费585元|红绿灯少|17小时17分钟|1458公里|开始导航|设置车牌避开深圳市外地车限行|缩小图面|放大图面|仅供测试
我要去铜仁市妇女儿童医院,返回|主界面|通知栏|路线偏好|距离最短|14小时25分钟|1234公里|红绿灯28个|收费585元|红绿灯少|17小时17分钟|1458公里|开始导航|设置车牌避开深圳市外地车限行|缩小图面|放大图面|仅供测试
就是铜仁妇女儿童医院,返回|主界面|通知栏|铜仁妇女儿童医院|铜仁市铜江路9号|铜仁市儿童福利院|铜仁市新华中路108号|铜仁市万山区妇女联合会|铜仁市万山区|铜仁市儿童福利院江口康复中心|铜仁市江口县
选择最近的,返回|主界面|通知栏|铜仁妇女儿童医院|铜仁市铜江路9号|铜仁市儿童福利院|铜仁市新华中路108号|铜仁市万山区妇女联合会|铜仁市万山区|铜仁市儿童福利院江口康复中心|铜仁市江口县
还是换条线路吧,返回|主界面|通知栏|铜仁市万山区妇女联合会|距离1127|地址铜仁市万山区
可以，导航,返回|主界面|通知栏|铜仁市万山区妇女联合会|距离1127|地址铜仁市万山区
我要到广州荔湾区,返回|主界面|通知栏|缩小图面|放大图面|仅供测试
位于中山七路330,返回|主界面|通知栏|荔湾区|距离1132|地址广州市广东省广州市荔湾区中山七路330
不上高架,返回|主界面|通知栏|荔湾区|距离1132|地址广州市广东省广州市荔湾区中山七路330
导航吧,返回|主界面|通知栏|荔湾区|距离1132|地址广州市广东省广州市荔湾区中山七路330
我要导航崇礼县政府,返回|主界面|通知栏|缩小图面|放大图面|仅供测试
我要去崇礼县政府,返回|主界面|通知栏|崇礼县人民政府|张家口市长青路30|崇礼县人民政府信访局|崇礼县石窑子乡人民政府|张家口市崇礼县|崇礼县人民政府教育督导室|崇礼县人民政府残疾人工作委员会办公室
崇礼区石咀子乡政府,返回|主界面|通知栏|崇礼县人民政府|张家口市长青路30|崇礼县人民政府信访局|崇礼县石窑子乡人民政府|张家口市崇礼县|崇礼县人民政府教育督导室|崇礼县人民政府残疾人工作委员会办公室
导航吧,返回|主界面|通知栏|崇礼县人民政府|张家口市长青路30|崇礼县人民政府信访局|崇礼县石窑子乡人民政府|张家口市崇礼县|崇礼县人民政府教育督导室|崇礼县人民政府残疾人工作委员会办公室
我要去十八月潭,返回|主界面|通知栏|路线偏好|距离最短|13小时55分钟|1223公里|红绿灯14个|收费630元|拥堵较少|16小时18分钟|1374公里|开始导航|设置车牌避开南昌市外地车限行|缩小图面|放大图面|仅供测试
就在米仓山国家森林公园西南部,返回|主界面|通知栏|十八月潭景区|距离1292|地址巴中市南江县
走高速路线,返回|主界面|通知栏|十八月潭景区|距离1292|地址巴中市南江县
导航,返回|主界面|通知栏|十八月潭景区|距离1292|地址巴中市南江县
导航去株洲,返回|主界面|通知栏|加载中
就在学堂路1号,返回|主界面|通知栏|株洲市|株洲市湖南省株洲市天元区天台路60|株洲县|株洲市湖南省株洲市株洲县学堂路1号
搜索学堂路附近的加油站,返回|主界面|通知栏|株洲市|株洲市湖南省株洲市天元区天台路60|株洲县|株洲市湖南省株洲市株洲县学堂路1号
选择中国石油,返回|主界面|通知栏|株洲市|株洲市湖南省株洲市天元区天台路60|株洲县|株洲市湖南省株洲市株洲县学堂路1号
开始导航吧,返回|主界面|通知栏|株洲市|株洲市湖南省株洲市天元区天台路60|株洲县|株洲市湖南省株洲市株洲县学堂路1号
我要去青岛飞机场,返回|主界面|通知栏|路线偏好|距离最短|13小时48分钟|1186公里|红绿灯7个|收费620元|收费较少|14小时13分钟|1235公里|方案3|14小时23分钟|1242公里|开始导航|设置车牌避开十堰市外地车限行|缩小图面|放大图面|仅供测试
在民航路99号,返回|主界面|通知栏|青岛流亭国际机场|青岛市民航路99号|青岛流亭国际机场1航站楼|青岛市流亭街道民航路青岛流亭国际机场|青岛流亭国际机场2航站楼
是流亭镇民航路99号,返回|主界面|通知栏|青岛流亭国际机场|距离22|地址青岛市民航路99号
导航吧,返回|主界面|通知栏|青岛流亭国际机场|距离22|地址青岛市民航路99号
我要去江阴市暨阳路,返回|主界面|通知栏|缩小图面|放大图面|仅供测试
在暨阳路,返回|主界面|通知栏|路线偏好|距离最短|7小时56分钟|727公里|红绿灯13个|收费355元|方案2|7小时59分钟|746公里|开始导航|设置车牌避开南京市外地车限行|缩小图面|放大图面|仅供测试
就是华润酒行,返回|主界面|通知栏|路线偏好|距离最短|7小时56分钟|727公里|红绿灯13个|收费355元|方案2|7小时59分钟|746公里|开始导航|设置车牌避开南京市外地车限行|缩小图面|放大图面|仅供测试
导航,返回|主界面|通知栏|路线偏好|距离最短|7小时56分钟|727公里|红绿灯13个|收费355元|方案2|7小时59分钟|746公里|开始导航|设置车牌避开南京市外地车限行|缩小图面|放大图面|仅供测试
我要去湖康,返回|主界面|通知栏|路线偏好|距离最短|7小时56分钟|727公里|红绿灯13个|收费355元|方案2|7小时59分钟|746公里|开始导航|设置车牌避开南京市外地车限行|缩小图面|放大图面|仅供测试
慈湖康乐中心,返回|主界面|通知栏|慈湖康乐中心|温州市慈湖街198弄2|慈湖康乐中心东门|金虎康发|温州市鳌江镇104国道130号|金虎康发西北门|护康药店上陡门路|温州市黎明东路196
选择走最快的路线,返回|主界面|通知栏|缩小图面|放大图面|仅供测试
导航吧,返回|主界面|通知栏|路线偏好|距离最短|9小时3分钟|738公里|红绿灯12个|收费390元|方案2|9小时8分钟|749公里|方案3|9小时49分钟|806公里|开始导航|缩小图面|放大图面|仅供测试
帮我导航到东兴科贸,返回|主界面|通知栏|路线偏好|距离最短|9小时3分钟|738公里|红绿灯12个|收费390元|方案2|9小时8分钟|749公里|方案3|9小时49分钟|806公里|开始导航|缩小图面|放大图面|仅供测试
港运科技贸易,返回|主界面|通知栏|宇通科贸联想专卖店|距离1245|地址防城港市东兴市
走路况好的线路,返回|主界面|通知栏|宇通科贸联想专卖店|距离1245|地址防城港市东兴市
导航吧,返回|主界面|通知栏|宇通科贸联想专卖店|距离1245|地址防城港市东兴市
我想去穿金路,返回|主界面|通知栏|加载中
在穿金路上,返回|主界面|通知栏|路线偏好|距离最短|21小时8分钟|1762公里|红绿灯12个|收费870元|方案2|22小时12分钟|1908公里|方案3|1天|2024公里|开始导航|设置车牌避开武汉市外地车限行|缩小图面|放大图面|仅供测试
选择中国农业银行云南省分行,返回|主界面|通知栏|路线偏好|距离最短|21小时8分钟|1762公里|红绿灯12个|收费870元|方案2|22小时12分钟|1908公里|方案3|1天|2024公里|开始导航|设置车牌避开武汉市外地车限行|缩小图面|放大图面|仅供测试
导航开始吧,返回|主界面|通知栏|中国农业银行云南省分行干部培训中心|昆明市永安路59号|中国农业发展银行云南省分行东2门|昆明市护国路66|中国农业银行云南省分行营业部安宁培训中心|昆明市温泉街道潮溪路2号|中国农业发展银行云南省分行|中国农业银行云南省分行营业部|昆明市人民西路1号
我要去香格里拉,返回|主界面|通知栏|路线偏好|距离最短|21小时8分钟|1762公里|红绿灯12个|收费870元|方案2|22小时12分钟|1908公里|方案3|1天|2024公里|开始导航|设置车牌避开武汉市外地车限行|缩小图面|放大图面|仅供测试
到富城路33号浦东香格里拉大酒店,返回|主界面|通知栏|香格里拉县|距离2139|地址迪庆藏族自治州云南省迪庆藏族自治州香格里拉县金沙路22号
我要找游泳池,返回|主界面|通知栏|吉泰连锁酒店上海新天地店|黄浦区合肥路199号近黄陂南路|详情下拉图片|99旅馆连锁上海永年路店|上海黄浦区永年路54号新天地地区近肇周路|之宿老洋房艺术民宿人民广场店|上海市黄浦区南昌路24弄9号|上海礼遇二更呆住|黄浦区建国中路3号|福地大酒店上海徐家汇路店|黄浦区徐家汇路396号近重庆南路
导航吧,返回|主界面|通知栏|吉泰连锁酒店上海新天地店|黄浦区合肥路199号近黄陂南路|详情下拉图片|99旅馆连锁上海永年路店|上海黄浦区永年路54号新天地地区近肇周路|之宿老洋房艺术民宿人民广场店|上海市黄浦区南昌路24弄9号|上海礼遇二更呆住|黄浦区建国中路3号|福地大酒店上海徐家汇路店|黄浦区徐家汇路396号近重庆南路
我要到化稍营,返回|主界面|通知栏|路线偏好|距离最短|21小时8分钟|1762公里|红绿灯12个|收费870元|方案2|22小时12分钟|1908公里|方案3|1天|2024公里|开始导航|设置车牌避开武汉市外地车限行|缩小图面|放大图面|仅供测试
化稍营镇,返回|主界面|通知栏|路线偏好|距离最短|21小时8分钟|1762公里|红绿灯12个|收费870元|方案2|22小时12分钟|1908公里|方案3|1天|2024公里|开始导航|设置车牌避开武汉市外地车限行|缩小图面|放大图面|仅供测试
去化稍营中学,返回|主界面|通知栏|路线偏好|距离最短|21小时8分钟|1762公里|红绿灯12个|收费870元|方案2|22小时12分钟|1908公里|方案3|1天|2024公里|开始导航|设置车牌避开武汉市外地车限行|缩小图面|放大图面|仅供测试
导航,返回|主界面|通知栏|路线偏好|距离最短|21小时8分钟|1762公里|红绿灯12个|收费870元|方案2|22小时12分钟|1908公里|方案3|1天|2024公里|开始导航|设置车牌避开武汉市外地车限行|缩小图面|放大图面|仅供测试
我要到长阳区华山小区,返回|主界面|通知栏|路线偏好|距离最短|21小时8分钟|1762公里|红绿灯12个|收费870元|方案2|22小时12分钟|1908公里|方案3|1天|2024公里|开始导航|设置车牌避开武汉市外地车限行|缩小图面|放大图面|仅供测试
城阳村社区西樱花小区,返回|主界面|通知栏|路线偏好|距离最短|21小时8分钟|1762公里|红绿灯12个|收费870元|方案2|22小时12分钟|1908公里|方案3|1天|2024公里|开始导航|设置车牌避开武汉市外地车限行|缩小图面|放大图面|仅供测试
不是东樱花小区，是在华城路2号的西樱花小区,返回|主界面|通知栏|西樱花小区|青岛市华城路|西樱花小区东门|青岛市华城路2号西樱花小区
搜索西樱花小区附近最近的停车场,返回|主界面|通知栏|西樱花小区|青岛市华城路|西樱花小区东门|青岛市华城路2号西樱花小区
开始导航 ,返回|主界面|通知栏|停车场|距离25|地址青岛市城阳区
我要到嵩明县,返回|主界面|通知栏|缩小图面|放大图面|仅供测试
我要去位于云南省北街14号的嵩明县,返回|主界面|通知栏|嵩明县|距离1775|地址昆明市云南省昆明市嵩明县云南省北街14号
走最近的路线,返回|主界面|通知栏|嵩明县|距离1775|地址昆明市云南省昆明市嵩明县云南省北街14号
导航开始吧,返回|主界面|通知栏|嵩明县|距离1775|地址昆明市云南省昆明市嵩明县云南省北街14号
帮我导航龙华客运站,返回|主界面|通知栏|加载中
我要去客运站,返回|主界面|通知栏|龙华府|海口市龙华区|龙华科技园|深圳市龙华镇油松二路2号|龙华雅苑|海口市龙华路392号|龙华琴行|海口市龙华路|龙华商城|海口市龙华路29号
那就滨海大道上的海口港客运站吧,返回|主界面|通知栏|坂田车站|深圳市五和大道|坂田汽车站|深圳市坂雪岗大道40135号|布吉客货运输站|深圳市吉华路|深圳北汽车客运站|深圳市致远中路18
导航,返回|主界面|通知栏|深圳蛇口港公安局客运派出所|距离22|地址深圳市工业大道2
我要去马市,返回|主界面|通知栏|缩小图面|放大图面|仅供测试
到菜市场去,返回|主界面|通知栏|侯马市香邑湖风景区|距离1213|地址临汾市侯马市
去马桥村菜市场,返回|主界面|通知栏|松台农贸市场|温州市信河街|道前农贸市场城西街|温州市城西街126号|水心农贸市场|温州市松柏路16号附近|马鞍池农贸市场|温州市鹿城区|大南门农贸市场|温州市虞师里81
选时间最短的线路,返回|主界面|通知栏|孙桥村菜市场|温州市瑞安市|西村菜市场|温州市高楼镇龙湖中路62号|马桥村|温州市瓯海区|倪村菜市场|温州市万全镇|龙山村菜市场|温州市平阳县
开始导航,返回|主界面|通知栏|孙桥村菜市场|温州市瑞安市|西村菜市场|温州市高楼镇龙湖中路62号|马桥村|温州市瓯海区|倪村菜市场|温州市万全镇|龙山村菜市场|温州市平阳县
我要去全季酒店,返回|主界面|通知栏|路线偏好|时间最短|14小时49分钟|1269公里|红绿灯26个|收费605元|红绿灯少|17小时27分钟|1486公里|开始导航|设置车牌避开深圳市外地车限行|缩小图面|放大图面|仅供测试
去文二西路710那家,返回|主界面|通知栏|南苑家精选酒店杭州西湖庆春店|上城区大学路158号庆春路25号民生银行后面近浙一医院|详情下拉图片|杭州翔瑞假日酒店|大学路130号|如家快捷酒店杭州解放路庆春门大学路店|上城区大学路116号距浙一医院500米|杭州启程假日酒店|建国中路143号|杭州汉森精品酒店西湖城站店|建国中路104号近浙一医院
要时间最短的线路,返回|主界面|通知栏|那家黑店|杭州市景园小区157|那家小院|杭州市工人路52号|那家小卖部|杭州市甘长西苑36号
导航,返回|主界面|通知栏|那家黑店|杭州市景园小区157|那家小院|杭州市工人路52号|那家小卖部|杭州市甘长西苑36号
去安徽仙寓山吧,返回|主界面|通知栏|路线偏好|时间最短|14小时49分钟|1269公里|红绿灯26个|收费605元|红绿灯少|17小时27分钟|1486公里|开始导航|设置车牌避开深圳市外地车限行|缩小图面|放大图面|仅供测试
搜索仙寓山附近的大排档,返回|主界面|通知栏|东至仙寓山南溪古寨旅游有限公司|距离24|地址南京市集庆路123永丰大厦4层401
去庆缘路大排档,返回|主界面|通知栏|东至仙寓山南溪古寨旅游有限公司|距离24|地址南京市集庆路123永丰大厦4层401
可以导航了,返回|主界面|通知栏|嘉宾大排档|南京市六合区|大兵大排档|南京市浦口区|南钢大排档|南京市凤南街176|阿飞大排档|葛塘大排档
给我导航到高塘池,返回|主界面|通知栏|路线偏好|时间最短|14小时49分钟|1269公里|红绿灯26个|收费605元|红绿灯少|17小时27分钟|1486公里|开始导航|设置车牌避开深圳市外地车限行|缩小图面|放大图面|仅供测试
我要去小池塘,返回|主界面|通知栏|志高陶瓷|深圳市金地五路12|高塘街|深圳市宝安区|竹高塘路|深圳市龙岗区
南海大道南山书城2楼b10号的那个,返回|主界面|通知栏|小池塘中心五路|深圳市福田区|小池塘建安一路|深圳市建安一路99号海雅缤纷城
走收费最少的线路,返回|主界面|通知栏|小池塘中心五路|深圳市福田区|小池塘建安一路|深圳市建安一路99号海雅缤纷城
开始导航,返回|主界面|通知栏|小池塘中心五路|深圳市福田区|小池塘建安一路|深圳市建安一路99号海雅缤纷城
我想去沪太公路,返回|主界面|通知栏|路线偏好|时间最短|14小时49分钟|1269公里|红绿灯26个|收费605元|红绿灯少|17小时27分钟|1486公里|开始导航|设置车牌避开深圳市外地车限行|缩小图面|放大图面|仅供测试
不是，是沪太公路8225号,返回|主界面|通知栏|路线偏好|时间最短|14小时49分钟|1269公里|红绿灯26个|收费605元|红绿灯少|17小时27分钟|1486公里|开始导航|设置车牌避开深圳市外地车限行|缩小图面|放大图面|仅供测试
选择桌鑫机械设备公司,返回|主界面|通知栏|路线偏好|时间最短|14小时49分钟|1269公里|红绿灯26个|收费605元|红绿灯少|17小时27分钟|1486公里|开始导航|设置车牌避开深圳市外地车限行|缩小图面|放大图面|仅供测试
走红绿灯最少的路线,返回|主界面|通知栏|富阳江丰机械设备公司|杭州市富阳区|杭州利昊机械设备有限公司|杭州市丽水路331|杭州中电机械设备有限公司|杭州市建国北路658号海华广场12层|杭州邦尼机械设备有限公司|杭州市上塘路182|杭州纵电机械设备有限公司|杭州市艮山东路132号
导航,返回|主界面|通知栏|富阳江丰机械设备公司|杭州市富阳区|杭州利昊机械设备有限公司|杭州市丽水路331|杭州中电机械设备有限公司|杭州市建国北路658号海华广场12层|杭州邦尼机械设备有限公司|杭州市上塘路182|杭州纵电机械设备有限公司|杭州市艮山东路132号
导航到香梅花园可以么,返回|主界面|通知栏|路线偏好|时间最短|14小时49分钟|1269公里|红绿灯26个|收费605元|红绿灯少|17小时27分钟|1486公里|开始导航|设置车牌避开深圳市外地车限行|缩小图面|放大图面|仅供测试
到花园游泳池,返回|主界面|通知栏|路线偏好|时间最短|14小时49分钟|1269公里|红绿灯26个|收费605元|红绿灯少|17小时27分钟|1486公里|开始导航|设置车牌避开深圳市外地车限行|缩小图面|放大图面|仅供测试
走最近的路线,返回|主界面|通知栏|金成花园游泳池|杭州市西湖区|泰和花园游泳池|杭州市萧山区|湖畔花园游泳池|月桂花园游泳池|江滨游泳池|杭州市上城区
可以导航了,返回|主界面|通知栏|江滨游泳池|距离47|地址杭州市上城区
我要去白桥路,返回|主界面|通知栏|加载中
我要去的是白桥路115,返回|主界面|通知栏|加载中
不是这个，是旭日机械制造公司,返回|主界面|通知栏|加载中
选择默认推荐,返回|主界面|通知栏|加载中
导航,返回|主界面|通知栏|缩小图面|放大图面|仅供测试
帮我导航到六里坪,返回|主界面|通知栏|缩小图面|放大图面|仅供测试
去国家森林公园,返回|主界面|通知栏|六里坪国家森林公园|距离1999|地址承德市兴隆县
不走高速,返回|主界面|通知栏|梧桐山国家森林公园|深圳市30|广东梧桐山国家森林公园|深圳市海山路|森林体育公园|深圳市宝安区|羊台山森林公园|深圳市石岩镇龙腾路龙眼山村|龙岗国家级森林病虫害中心测报点|深圳市龙岗区
出发吧,返回|主界面|通知栏|梧桐山国家森林公园|深圳市30|广东梧桐山国家森林公园|深圳市海山路|森林体育公园|深圳市宝安区|羊台山森林公园|深圳市石岩镇龙腾路龙眼山村|龙岗国家级森林病虫害中心测报点|深圳市龙岗区
导航去赤峰吧,返回|主界面|通知栏|梧桐山国家森林公园|深圳市30|广东梧桐山国家森林公园|深圳市海山路|森林体育公园|深圳市宝安区|羊台山森林公园|深圳市石岩镇龙腾路龙眼山村|龙岗国家级森林病虫害中心测报点|深圳市龙岗区
我要去机场,返回|主界面|通知栏|梧桐山国家森林公园|深圳市30|广东梧桐山国家森林公园|深圳市海山路|森林体育公园|深圳市宝安区|羊台山森林公园|深圳市石岩镇龙腾路龙眼山村|龙岗国家级森林病虫害中心测报点|深圳市龙岗区
去玉龙村玉龙机场,返回|主界面|通知栏|温州龙湾国际机场|距离22|地址温州市机场大道1号
走路况最好的线路,返回|主界面|通知栏|赤峰玉龙机场|距离1583|地址赤峰市牛营子镇玉龙村
开始导航,返回|主界面|通知栏|赤峰玉龙机场|距离1583|地址赤峰市牛营子镇玉龙村
可以帮我导航到迎宾三路二百八十八号么,返回|主界面|通知栏|加载中
我要去自行车租赁点,返回|主界面|通知栏|路线偏好|时间最短|16小时25分钟|1406公里|红绿灯14个|收费670元|收费较少|16小时40分钟|1447公里|方案3|18小时42分钟|1621公里|开始导航|设置车牌避开徐州市外地车限行|缩小图面|放大图面|仅供测试
选择位于中山南路的,返回|主界面|通知栏|自行车租赁点|杭州市下城区|杭州市江干区
不是一八七号，是八十一号,返回|主界面|通知栏|自行车租赁点|杭州市下城区|杭州市江干区
导航吧,返回|主界面|通知栏|自行车租赁点|杭州市下城区|杭州市江干区
给我导航到闸北洲际,返回|主界面|通知栏|路线偏好|时间最短|16小时25分钟|1406公里|红绿灯14个|收费670元|收费较少|16小时40分钟|1447公里|方案3|18小时42分钟|1621公里|开始导航|设置车牌避开徐州市外地车限行|缩小图面|放大图面|仅供测试
我要去恒丰路500号,返回|主界面|通知栏|路线偏好|时间最短|16小时25分钟|1406公里|红绿灯14个|收费670元|收费较少|16小时40分钟|1447公里|方案3|18小时42分钟|1621公里|开始导航|设置车牌避开徐州市外地车限行|缩小图面|放大图面|仅供测试
去洲际俱乐部,返回|主界面|通知栏|路线偏好|时间最短|16小时25分钟|1406公里|红绿灯14个|收费670元|收费较少|16小时40分钟|1447公里|方案3|18小时42分钟|1621公里|开始导航|设置车牌避开徐州市外地车限行|缩小图面|放大图面|仅供测试
走经过银行的线路,返回|主界面|通知栏|路线偏好|时间最短|16小时25分钟|1406公里|红绿灯14个|收费670元|收费较少|16小时40分钟|1447公里|方案3|18小时42分钟|1621公里|开始导航|设置车牌避开徐州市外地车限行|缩小图面|放大图面|仅供测试
可以导航了,返回|主界面|通知栏|路线偏好|时间最短|16小时25分钟|1406公里|红绿灯14个|收费670元|收费较少|16小时40分钟|1447公里|方案3|18小时42分钟|1621公里|开始导航|设置车牌避开徐州市外地车限行|缩小图面|放大图面|仅供测试
我想去绍兴诸绍兴市诸暨,返回|主界面|通知栏|路线偏好|时间最短|16小时25分钟|1406公里|红绿灯14个|收费670元|收费较少|16小时40分钟|1447公里|方案3|18小时42分钟|1621公里|开始导航|设置车牌避开徐州市外地车限行|缩小图面|放大图面|仅供测试
选择第三个,返回|主界面|通知栏|绍兴市|绍兴市公墓|绍兴市越城区|绍兴海关诸暨办事处|绍兴市艮塔西路128|绍兴市烟草公司诸暨分公司|绍兴市暨东路5|绍兴市科普摄影研究会诸暨创委会|绍兴市诸暨市
走收费做少的线路,返回|主界面|通知栏|绍兴海关诸暨办事处|距离196|地址绍兴市艮塔西路128
这条可以，导航吧,返回|主界面|通知栏|绍兴海关诸暨办事处|距离196|地址绍兴市艮塔西路128
我要到橘园洲工业园,返回|主界面|通知栏|加载中
去宏达北路8,返回|主界面|通知栏|远望工业园|北京城区石槽260号|仁和工业园|北京城区顺义区|方仕工业园|北京城区丰台区|新城工业园|北京城区科创二街9|西京工业园|北京城区大兴区
不是宏达工业园，是永昌工业园,返回|主界面|通知栏|宏达北路|北京城区大兴区|北京绒典服装有限公司|北京城区宏达北路8|北京铂莱科技有限公司|北京市交通委员会运输管理局朝阳管理处亦庄开发区运输管理科|博大经开物业|北京城区宏达北路8号宏大工业园
走路况最好的线路,返回|主界面|通知栏|宏达北路|北京城区大兴区|北京绒典服装有限公司|北京城区宏达北路8|北京铂莱科技有限公司|北京市交通委员会运输管理局朝阳管理处亦庄开发区运输管理科|博大经开物业|北京城区宏达北路8号宏大工业园
导航,返回|主界面|通知栏|宏达北路|北京城区大兴区|北京绒典服装有限公司|北京城区宏达北路8|北京铂莱科技有限公司|北京市交通委员会运输管理局朝阳管理处亦庄开发区运输管理科|博大经开物业|北京城区宏达北路8号宏大工业园
导航到大同村行么,返回|主界面|通知栏|路线偏好|距离最短|5小时52分钟|491公里|红绿灯12个|收费285元|拥堵较少|6小时1分钟|519公里|方案3|6小时12分钟|525公里|开始导航|设置车牌避开杭州市外地车限行|缩小图面|放大图面|仅供测试
是蟠龙公路1399,返回|主界面|通知栏|大同村|上海城区浦东新区|上海城区奉贤区
去村民委员会,返回|主界面|通知栏|大同村|上海城区浦东新区|上海城区奉贤区
可以导航了,返回|主界面|通知栏|钱门村民委员会|上海城区外冈镇外钱公路1488号|南周村民委员会|上海城区长联路188号|建农村民委员会|上海城区建家村1288|中洪村村民委员会|上海城区金山区|茹塘村村民委员会|上海城区松江区
我想到巢湖市,返回|主界面|通知栏|路线偏好|距离最短|5小时52分钟|491公里|红绿灯12个|收费285元|拥堵较少|6小时1分钟|519公里|方案3|6小时12分钟|525公里|开始导航|设置车牌避开杭州市外地车限行|缩小图面|放大图面|仅供测试
选择居巢区姥山路,返回|主界面|通知栏|巢湖市|距离482|地址合肥市安徽省巢湖市居巢区姥山路
不走高架,返回|主界面|通知栏|巢湖市|距离482|地址合肥市安徽省巢湖市居巢区姥山路
换条路线,返回|主界面|通知栏|巢湖市|距离482|地址合肥市安徽省巢湖市居巢区姥山路
可以，导航吧,返回|主界面|通知栏|巢湖市|距离482|地址合肥市安徽省巢湖市居巢区姥山路
带我去莲花村,返回|主界面|通知栏|路线偏好|时间最短|1小时18分钟|986公里|红绿灯14个|收费50元|距离最短|1小时48分钟|946公里|方案3|1小时31分钟|117公里|开始导航|缩小图面|放大图面|仅供测试
是利丰大道16号,返回|主界面|通知栏|杏花村|广州市市桥街|莲花城|广州市石楼镇西门路18号莲花山旅洲区|莲花塔|莲花口|广州市增城区|莲花商行|广州市荔兴路57
不是篮球场，是莲花山休假村停车场,返回|主界面|通知栏|杏花村|广州市市桥街|莲花城|广州市石楼镇西门路18号莲花山旅洲区|莲花塔|莲花口|广州市增城区|莲花商行|广州市荔兴路57
可以导航了,返回|主界面|通知栏|杏花村|广州市市桥街|莲花城|广州市石楼镇西门路18号莲花山旅洲区|莲花塔|莲花口|广州市增城区|莲花商行|广州市荔兴路57
帮我定位我现在的位置,返回|主界面|通知栏|路线偏好|时间最短|1小时18分钟|986公里|红绿灯14个|收费50元|距离最短|1小时48分钟|946公里|方案3|1小时31分钟|117公里|开始导航|缩小图面|放大图面|仅供测试
去附近的养生馆,返回|主界面|通知栏|缩小图面|放大图面|我的位置|地址获取中|收藏|查周边|仅供测试
去离我最近的,返回|主界面|通知栏|养生馆八约二街|距离40|地址深圳市龙岗区
走红绿灯最少的线路,返回|主界面|通知栏|养生馆八约二街|距离40|地址深圳市龙岗区
确定,返回|主界面|通知栏|养生馆八约二街|距离40|地址深圳市龙岗区
我要到北京西路一千两百号,返回|主界面|通知栏|路线偏好|时间最短|14小时13分钟|1241公里|红绿灯10个|收费605元|方案2|17小时34分钟|1500公里|开始导航|设置车牌避开深圳市外地车限行|缩小图面|放大图面|仅供测试
我要到良乡西路,返回|主界面|通知栏|老北京布鞋兴隆西路|温州市柳市前市街163号|泰和源老北京布鞋五星西路|温州市乐清市|魏西路一号院|北京城区魏善庄|北京西尔玛道路养护材料有限公司恒惠西路|北京城区东三环中路39号院建外西区12号楼|广百西路18号院|北京城区朝阳区
去邮政支局,返回|主界面|通知栏|老北京布鞋兴隆西路|温州市柳市前市街163号|泰和源老北京布鞋五星西路|温州市乐清市|魏西路一号院|北京城区魏善庄|北京西尔玛道路养护材料有限公司恒惠西路|北京城区东三环中路39号院建外西区12号楼|广百西路18号院|北京城区朝阳区
走路况最好的线路,返回|主界面|通知栏|老北京布鞋兴隆西路|温州市柳市前市街163号|泰和源老北京布鞋五星西路|温州市乐清市|魏西路一号院|北京城区魏善庄|北京西尔玛道路养护材料有限公司恒惠西路|北京城区东三环中路39号院建外西区12号楼|广百西路18号院|北京城区朝阳区
导航,返回|主界面|通知栏|老北京布鞋兴隆西路|温州市柳市前市街163号|泰和源老北京布鞋五星西路|温州市乐清市|魏西路一号院|北京城区魏善庄|北京西尔玛道路养护材料有限公司恒惠西路|北京城区东三环中路39号院建外西区12号楼|广百西路18号院|北京城区朝阳区
导航到郧县吧,返回|主界面|通知栏|路线偏好|时间最短|14小时13分钟|1241公里|红绿灯10个|收费605元|方案2|17小时34分钟|1500公里|开始导航|设置车牌避开深圳市外地车限行|缩小图面|放大图面|仅供测试
我是要去东岭街,返回|主界面|通知栏|郧县|距离20|地址十堰市湖北省十堰市郧县金沙路1号
不是95号，是东岭街65,返回|主界面|通知栏|东岭街|距离20|地址十堰市郧阳区
导航,返回|主界面|通知栏|东岭街|距离20|地址十堰市郧阳区
带我去九江路,返回|主界面|通知栏|加载中
我要去九江路50号,返回|主界面|通知栏|加载中
上海公库旧址,返回|主界面|通知栏|加载中
不走高架,返回|主界面|通知栏|加载中
开始导航,返回|主界面|通知栏|加载中
帮我导航到西安,返回|主界面|通知栏|路线偏好|距离最短|8小时8分钟|740公里|红绿灯8个|收费370元|方案2|8小时22分钟|748公里|方案3|8小时39分钟|795公里|开始导航|设置车牌避开十堰市外地车限行|缩小图面|放大图面|仅供测试
选择西安区,返回|主界面|通知栏|西安区|距离1702|地址辽源市吉林省辽源市西安区人民大街1077号
到西长安街22号,返回|主界面|通知栏|西安区|距离1702|地址辽源市吉林省辽源市西安区人民大街1077号
选择默认推荐,返回|主界面|通知栏|中共西安区委员会西安区人民政府信访办公室|牡丹江市西长安街22号|西长安街|牡丹江市西安区|西安市长安区|西长安街公厕|德邦西长安街
导航,返回|主界面|通知栏|中共西安区委员会西安区人民政府信访办公室|牡丹江市西长安街22号|西长安街|牡丹江市西安区|西安市长安区|西长安街公厕|德邦西长安街
我想去佳利邮政储蓄,返回|主界面|通知栏|路线偏好|距离最短|8小时8分钟|740公里|红绿灯8个|收费370元|方案2|8小时22分钟|748公里|方案3|8小时39分钟|795公里|开始导航|设置车牌避开十堰市外地车限行|缩小图面|放大图面|仅供测试
我要去邮政储蓄ATM,返回|主界面|通知栏|天河邮政储蓄|温州市永强大道1572号|岩头邮政储蓄|温州市宗前路8号|桥头邮政储蓄|温州市桥头镇径一西路4号|虹西邮政储蓄|温州市西街76号|仰义邮政储蓄|温州市鹿城区
选择离我最近的那家,返回|主界面|通知栏|藤桥邮政储蓄|温州市藤桥镇邮政局内|南田邮政储蓄|温州市南田镇诚意路101号|龙水邮政储蓄|温州市龙水镇西3号|陶山邮政储蓄|温州市花园路164号|万全邮政储蓄|温州市郑楼镇振兴西路
可以导航了,返回|主界面|通知栏|富安娜家纺飞霞北路|距离19|地址温州市飞霞北路317号
快，到天津火车站,返回|主界面|通知栏|缩小图面|放大图面|仅供测试
到天津火车站前广场,返回|主界面|通知栏|天津站|天津城区新纬路1号|天津站南进站口|天津站北2进站口|天津城区河东区|天津站北进站口|天津站北1进站口
等下，是南3出站口,返回|主界面|通知栏|火车站线|天津城区宁河区|99旅馆天津火车站店|天津城区建国道1号龙门大厦区2层|布丁酒店天津火车站店|天津城区海河东路86号天津站前广场|7天酒店天津火车站店|天津城区天津站旁龙门购物中心3层|宜必思酒店天津火车站店|天津城区六经路11海津大厦
走最近的线路,返回|主界面|通知栏|火车站线|天津城区宁河区|99旅馆天津火车站店|天津城区建国道1号龙门大厦区2层|布丁酒店天津火车站店|天津城区海河东路86号天津站前广场|7天酒店天津火车站店|天津城区天津站旁龙门购物中心3层|宜必思酒店天津火车站店|天津城区六经路11海津大厦
导航,返回|主界面|通知栏|宜必思酒店天津火车站店停车场|距离1861|地址天津城区六经路
我想到四川绵阳,返回|主界面|通知栏|缩小图面|放大图面|仅供测试
我要去的是绵兴东路98,返回|主界面|通知栏|路线偏好|距离最短|10小时51分钟|925公里|红绿灯34个|收费430元|拥堵较少|11小时18分钟|976公里|开始导航|设置车牌避开天津市外地车限行|缩小图面|放大图面|仅供测试
走经过药房的线路,返回|主界面|通知栏|98号茶|深圳市南山区|98度|深圳市龙岗区|98水围店|深圳市水围四街2426|98时尚酒店|深圳市宝安区|98印刷业务部|深圳市福田区
导航吧,返回|主界面|通知栏|98号茶|深圳市南山区|98度|深圳市龙岗区|98水围店|深圳市水围四街2426|98时尚酒店|深圳市宝安区|98印刷业务部|深圳市福田区
我要去上海浦东百安居,返回|主界面|通知栏|路线偏好|距离最短|10小时51分钟|925公里|红绿灯34个|收费430元|拥堵较少|11小时18分钟|976公里|开始导航|设置车牌避开天津市外地车限行|缩小图面|放大图面|仅供测试
导航到沪太路1800,返回|主界面|通知栏|百安居龙阳店|上海城区银霄路393|百安居金桥店|上海城区蓝天路518
先去停车场,返回|主界面|通知栏|百安居龙阳店|上海城区银霄路393|百安居金桥店|上海城区蓝天路518
走红绿灯少的路线,返回|主界面|通知栏|百安居龙阳店|上海城区银霄路393|百安居金桥店|上海城区蓝天路518
可以导航了,返回|主界面|通知栏|红绿灯菜饭|上海城区浦东新区|红绿坊服饰店|上海城区新渔东路354
带我去太谷县太姥为,返回|主界面|通知栏|路线偏好|距离最短|10小时51分钟|925公里|红绿灯34个|收费430元|拥堵较少|11小时18分钟|976公里|开始导航|设置车牌避开天津市外地车限行|缩小图面|放大图面|仅供测试
到食为天饭店,返回|主界面|通知栏|路线偏好|距离最短|10小时51分钟|925公里|红绿灯34个|收费430元|拥堵较少|11小时18分钟|976公里|开始导航|设置车牌避开天津市外地车限行|缩小图面|放大图面|仅供测试
迎宾西街与虹桥路交叉口的那家,返回|主界面|通知栏|食为天饭店前牌大街|温州市永嘉县|食为天饭店码道南路
换条路线,返回|主界面|通知栏|食为天饭店前牌大街|温州市永嘉县|食为天饭店码道南路
可以了，导航,返回|主界面|通知栏|食为天饭店前牌大街|温州市永嘉县|食为天饭店码道南路
我想去高区,返回|主界面|通知栏|路线偏好|距离最短|10小时51分钟|925公里|红绿灯34个|收费430元|拥堵较少|11小时18分钟|976公里|开始导航|设置车牌避开天津市外地车限行|缩小图面|放大图面|仅供测试
去高新区诊所,返回|主界面|通知栏|高徐|距离32|地址温州市永嘉县
那就去新江路607号李佩佩诊所吧,返回|主界面|通知栏|高新区燕湖诊所|温州市楠溪江路152号|高新区服务中心|温州市高一路168|温州银行高新区支行|温州市龙湾区|龙泰保安公司高新区大队|温州市温州大道155号|交通银行温州分行高新区支行|温州市雁荡西路269
要经过便利店的线路,返回|主界面|通知栏|李佩佩诊所|距离83|地址温州市新江路607
确认,返回|主界面|通知栏|李佩佩诊所|距离83|地址温州市新江路607
邢台路桥公司,返回|主界面|通知栏|加载中
倒数第二个,返回|主界面|通知栏|路线偏好|时间最短|9小时7分钟|748公里|红绿灯25个|收费430元|距离最短|9小时18分钟|747公里|红绿灯少|9小时39分钟|795公里|开始导航|设置车牌避开南京市外地车限行|缩小图面|放大图面|仅供测试
不走高速,返回|主界面|通知栏|路线偏好|时间最短|9小时7分钟|748公里|红绿灯25个|收费430元|距离最短|9小时18分钟|747公里|红绿灯少|9小时39分钟|795公里|开始导航|设置车牌避开南京市外地车限行|缩小图面|放大图面|仅供测试
不要这条线路，换一条,返回|主界面|通知栏|路线偏好|时间最短|9小时7分钟|748公里|红绿灯25个|收费430元|距离最短|9小时18分钟|747公里|红绿灯少|9小时39分钟|795公里|开始导航|设置车牌避开南京市外地车限行|缩小图面|放大图面|仅供测试
可以导航了,返回|主界面|通知栏|路线偏好|时间最短|9小时7分钟|748公里|红绿灯25个|收费430元|距离最短|9小时18分钟|747公里|红绿灯少|9小时39分钟|795公里|开始导航|设置车牌避开南京市外地车限行|缩小图面|放大图面|仅供测试
导航到五爱市场,返回|主界面|通知栏|路线偏好|时间最短|9小时7分钟|748公里|红绿灯25个|收费430元|距离最短|9小时18分钟|747公里|红绿灯少|9小时39分钟|795公里|开始导航|设置车牌避开南京市外地车限行|缩小图面|放大图面|仅供测试
我想去服装城,返回|主界面|通知栏|五爱市场|沈阳市热闹路65号|五爱市场北门|沈阳市沈河区|五爱市场南门|五爱市场北2门|五爱市场站277路
东门,返回|主界面|通知栏|冬梅服装城|沈阳市康平县|中街服装城|沈阳市辽中县|联营服装城|家富服装城|沈阳市和平区|辽中服装城
那就东2门吧,返回|主界面|通知栏|冬梅服装城|沈阳市康平县|中街服装城|沈阳市辽中县|联营服装城|家富服装城|沈阳市和平区|辽中服装城
走不堵的线路,返回|主界面|通知栏|冬梅服装城|沈阳市康平县|中街服装城|沈阳市辽中县|联营服装城|家富服装城|沈阳市和平区|辽中服装城
出发吧,返回|主界面|通知栏|冬梅服装城|沈阳市康平县|中街服装城|沈阳市辽中县|联营服装城|家富服装城|沈阳市和平区|辽中服装城
我想到循化县,返回|主界面|通知栏|冬梅服装城|沈阳市康平县|中街服装城|沈阳市辽中县|联营服装城|家富服装城|沈阳市和平区|辽中服装城
去循化县中学,返回|主界面|通知栏|冬梅服装城|沈阳市康平县|中街服装城|沈阳市辽中县|联营服装城|家富服装城|沈阳市和平区|辽中服装城
不是，是循化县高中,返回|主界面|通知栏|循化撒拉族自治县中学|海东市东门南街|循化藏文中学|海东市循化撒拉族自治县|循化县高级中学|循化县中心敬老院
不要这条线路，重新规划,返回|主界面|通知栏|循化撒拉族自治县中学|海东市东门南街|循化藏文中学|海东市循化撒拉族自治县|循化县高级中学|循化县中心敬老院
可以，导航,返回|主界面|通知栏|循化撒拉族自治县中学|海东市东门南街|循化藏文中学|海东市循化撒拉族自治县|循化县高级中学|循化县中心敬老院
我要去辛庄村,返回|主界面|通知栏|路线偏好|时间最短|9小时7分钟|748公里|红绿灯25个|收费430元|距离最短|9小时18分钟|747公里|红绿灯少|9小时39分钟|795公里|开始导航|设置车牌避开南京市外地车限行|缩小图面|放大图面|仅供测试
导航到停车场,返回|主界面|通知栏|新庄村|广州市花都区|广州市黄埔区|新庄村村委会264县道|辛庄|广州市海珠区|七庄村
不是辛庄停车场，是金轮辛庄停车场,返回|主界面|通知栏|停车场|广州市白云区|广州市越秀区
走收费少的线路,返回|主界面|通知栏|停车场|广州市白云区|广州市越秀区
导航,返回|主界面|通知栏|停车场|广州市白云区|广州市越秀区
我要去北京西站,返回|主界面|通知栏|路线偏好|时间最短|9小时7分钟|748公里|红绿灯25个|收费430元|距离最短|9小时18分钟|747公里|红绿灯少|9小时39分钟|795公里|开始导航|设置车牌避开南京市外地车限行|缩小图面|放大图面|仅供测试
到售票处,返回|主界面|通知栏|北京西站|北京城区莲花池东路118号|北京西站南进站口|北京城区丰台区|北京站西北口|北京城区北京站西街1|北京西站北1出站口|北京城区莲花东路118号北京西站|北京西站北2出站口
不是北，是南售票处,返回|主界面|通知栏|火车票代售处鹿城路157弄|温州市鹿城路501|智联航空票务中心|温州市鹿城区|飞机票代售点隔岸路|温州市隔岸路1771|天雄航空全坊巷|温州市金都商厦幢101室|小南路火车票代售点|温州市小南路192号
南2南2,返回|主界面|通知栏|火车票代售处鹿城路157弄|温州市鹿城路501|智联航空票务中心|温州市鹿城区|飞机票代售点隔岸路|温州市隔岸路1771|天雄航空全坊巷|温州市金都商厦幢101室|小南路火车票代售点|温州市小南路192号
导航吧,返回|主界面|通知栏|火车票代售处鹿城路157弄|温州市鹿城路501|智联航空票务中心|温州市鹿城区|飞机票代售点隔岸路|温州市隔岸路1771|天雄航空全坊巷|温州市金都商厦幢101室|小南路火车票代售点|温州市小南路192号
帮我导航到商水县政府,返回|主界面|通知栏|路线偏好|时间最短|9小时7分钟|748公里|红绿灯25个|收费430元|距离最短|9小时18分钟|747公里|红绿灯少|9小时39分钟|795公里|开始导航|设置车牌避开南京市外地车限行|缩小图面|放大图面|仅供测试
选择第二个,返回|主界面|通知栏|商水县人民政府|周口市行政路中段|商水县人民政府信访局|周口市商水县|商水县郝岗乡人民政府|商水县张明乡人民政府|商水县谭庄镇人民政府
选择路况好的线路,返回|主界面|通知栏|商水县人民政府信访局|距离694|地址周口市商水县
可以导航了,返回|主界面|通知栏|商水县人民政府信访局|距离694|地址周口市商水县
我想去太仓路顺昌路交叉口,返回|主界面|通知栏|缩小图面|放大图面|仅供测试
第一个第一个,返回|主界面|通知栏|路线偏好|时间最短|3小时55分钟|367公里|红绿灯11个|收费190元|拥堵较少|4小时35分钟|417公里|方案3|5小时11分钟|461公里|开始导航|213省道因施工封路已为您避开|缩小图面|放大图面|仅供测试
不走高架,返回|主界面|通知栏|路线偏好|时间最短|3小时55分钟|367公里|红绿灯11个|收费190元|拥堵较少|4小时35分钟|417公里|方案3|5小时11分钟|461公里|开始导航|213省道因施工封路已为您避开|缩小图面|放大图面|仅供测试
可以导航了,返回|主界面|通知栏|路线偏好|时间最短|3小时55分钟|367公里|红绿灯11个|收费190元|拥堵较少|4小时35分钟|417公里|方案3|5小时11分钟|461公里|开始导航|213省道因施工封路已为您避开|缩小图面|放大图面|仅供测试
我要去成都市青羊区光华中心a座,返回|主界面|通知栏|路线偏好|时间最短|3小时55分钟|367公里|红绿灯11个|收费190元|拥堵较少|4小时35分钟|417公里|方案3|5小时11分钟|461公里|开始导航|213省道因施工封路已为您避开|缩小图面|放大图面|仅供测试
是青羊大道188,返回|主界面|通知栏|光华中心|成都市青羊区|成都光华管理咨询中心|成都市青龙巷4号附8铂金商务领馆2号楼504|青羊区光华社区卫生服务中心|成都市青羊大道8号附4附7|青羊区光华街道便民服务中心|成都市青羊大道188|世界贸易中心座|成都市鼓楼南街117
我要去的是便民服务中心,返回|主界面|通知栏|光华中心|成都市青羊区|成都光华管理咨询中心|成都市青龙巷4号附8铂金商务领馆2号楼504|青羊区光华社区卫生服务中心|成都市青羊大道8号附4附7|青羊区光华街道便民服务中心|成都市青羊大道188|世界贸易中心座|成都市鼓楼南街117
选择最近的线路,返回|主界面|通知栏|彭镇便民服务中心|成都市双流区|伏龙便民服务中心|鹤林便民服务中心|德源便民服务中心|成都市德源寿增路360号|广福便民服务中心|成都市二江路一段114122
换一条,返回|主界面|通知栏|伏龙便民服务中心|距离15|地址成都市双流区
可以导航了,返回|主界面|通知栏|伏龙便民服务中心|距离15|地址成都市双流区
导航到万达广场可以么,返回|主界面|通知栏|加载中
我要去的是平阳万达广场,返回|主界面|通知栏|加载中
6号写字楼,返回|主界面|通知栏|万达影城温州平阳万达广场店|温州市鳌江镇万达广场娱乐楼4层|星巴克咖啡温州平阳万达广场店|温州市鳌江镇车站大道88号万达广场|屈臣氏车站大道|温州市平阳万达广场|车站大道
走高架,返回|主界面|通知栏|万达影城温州平阳万达广场店|温州市鳌江镇万达广场娱乐楼4层|星巴克咖啡温州平阳万达广场店|温州市鳌江镇车站大道88号万达广场|屈臣氏车站大道|温州市平阳万达广场|车站大道
可以导航了,返回|主界面|通知栏|万达影城温州平阳万达广场店|温州市鳌江镇万达广场娱乐楼4层|星巴克咖啡温州平阳万达广场店|温州市鳌江镇车站大道88号万达广场|屈臣氏车站大道|温州市平阳万达广场|车站大道
导航到黄河,返回|主界面|通知栏|加载中
我想去的是黄河小浪底风景区,返回|主界面|通知栏|黄河狼|长治市长子县|黄河灯饰|长治市城区|襄垣黄河医院|长治市襄垣县|黄河源牛肉面|黄河书店胜利路|长治市胜利路176号南街
是孟津县小浪底镇黄鹿山乡,返回|主界面|通知栏|黄河小浪底风景区|河南省直辖县级行政单位012|河南省直辖县级行政单位济源市
走收费最低的线路,返回|主界面|通知栏|小浪底镇|洛阳市孟津县|孟津县小浪底镇文化站|洛阳市e河大道中段228230|孟津县小浪底镇初级中学|孟津县黄鹿山乡中心小学|孟津县小浪底镇邵逸夫小学
导航吧,返回|主界面|通知栏|小浪底镇|洛阳市孟津县|孟津县小浪底镇文化站|洛阳市e河大道中段228230|孟津县小浪底镇初级中学|孟津县黄鹿山乡中心小学|孟津县小浪底镇邵逸夫小学
带我去美城酒楼,返回|主界面|通知栏|加载中
下一页,返回|主界面|通知栏|海鲜城酒楼|湛江市雷州市|东城酒家|湛江市遂溪县|天城酒店|湛江市吴川市|京城酒吧|车美城汽车修理
那就幸福酒楼吧,返回|主界面|通知栏|车美城汽车护理保养站|湛江市吴川市
选择途径酒吧的线路,返回|主界面|通知栏|车美城汽车护理保养站|湛江市吴川市
开始导航,返回|主界面|通知栏|车美城汽车护理保养站|湛江市吴川市
导航到专卖店,返回|主界面|通知栏|路线偏好|时间最短|17小时35分钟|1508公里|红绿灯14个|收费925元|方案2|18小时41分钟|1604公里|收费较少|19小时17分钟|1668公里|开始导航|设置车牌避开成都市外地车限行|缩小图面|放大图面|仅供测试
当然是苹果专卖店,返回|主界面|通知栏|喜得龙专卖店|宿州市灵璧县|瑞佳地板专卖店|宿州市砀山县|萧县华帝专卖店|宿州市中山路|周寨美的专卖店|德尔地板专卖店
去胜利东路555那家,返回|主界面|通知栏|喜得龙专卖店|宿州市灵璧县|瑞佳地板专卖店|宿州市砀山县|萧县华帝专卖店|宿州市中山路|周寨美的专卖店|德尔地板专卖店
走途径银行的线路,返回|主界面|通知栏|喜得龙专卖店|宿州市灵璧县|瑞佳地板专卖店|宿州市砀山县|萧县华帝专卖店|宿州市中山路|周寨美的专卖店|德尔地板专卖店
不要这条,返回|主界面|通知栏|喜得龙专卖店|宿州市灵璧县|瑞佳地板专卖店|宿州市砀山县|萧县华帝专卖店|宿州市中山路|周寨美的专卖店|德尔地板专卖店
导航,返回|主界面|通知栏|喜得龙专卖店|宿州市灵璧县|瑞佳地板专卖店|宿州市砀山县|萧县华帝专卖店|宿州市中山路|周寨美的专卖店|德尔地板专卖店
帮我导航到铁力市加油站,返回|主界面|通知栏|路线偏好|时间最短|17小时35分钟|1508公里|红绿灯14个|收费925元|方案2|18小时41分钟|1604公里|收费较少|19小时17分钟|1668公里|开始导航|设置车牌避开成都市外地车限行|缩小图面|放大图面|仅供测试
美林加油站,返回|主界面|通知栏|加油站|伊春市铁力市
不走红绿灯多的线路,返回|主界面|通知栏|美林加油站鹤伊大街|距离19|地址伊春市美溪区
导航吧,返回|主界面|通知栏|美林加油站鹤伊大街|距离19|地址伊春市美溪区
去安徽合肥,返回|主界面|通知栏|缩小图面|放大图面|仅供测试
我要到龙泉路,返回|主界面|通知栏|合肥市|距离1070|地址合肥市安徽省合肥市蜀山区龙泉路
导航到龙泉路附近的宾馆,返回|主界面|通知栏|合肥市|距离1070|地址合肥市安徽省合肥市蜀山区龙泉路
选最近的一个,返回|主界面|通知栏|合肥市|距离1070|地址合肥市安徽省合肥市蜀山区龙泉路
可以导航了,返回|主界面|通知栏|缩小图面|放大图面|仅供测试
