loadRes_time,srh_time,srh ret,text
4469,58,0,"(field=Album,query=岳云鹏相声集,fuzzy=1,searchType=SR)"
2382,52,0,"(field=Album,query=Neon Genesis Evangelion S2 Works,fuzzy=1,searchType=SR)"
2342,57,0,"(field=Album,query=岳云鹏相声集,fuzzy=1,searchType=SR)"
2343,40,0,"(field=Album,query=遇上爱,fuzzy=1,searchType=SR)"
2336,43,0,"(field=Album,query=遇上爱,fuzzy=1,searchType=SR)"
2337,46,0,"(field=Album,query=Xscape (Deluxe),fuzzy=1,searchType=SR)"
2350,38,0,"(field=Album,query=18...台湾版,fuzzy=1,searchType=SR)"
2338,125,0,"(field=Album,query=Songs From A Secret Garden,fuzzy=1,searchType=SR)"
2355,160,0,"(field=Album,query=Surfacing,fuzzy=1,searchType=SR)"
2359,87,0,"(field=Album,query=Alejandro,fuzzy=1,searchType=SR)"
2354,46,0,"(field=Album,query=Goodbye Lullaby (Deluxe Edition),fuzzy=1,searchType=SR)"
2341,58,0,"(field=Album,query=Waking Up,fuzzy=1,searchType=SR)"
2344,58,0,"(field=Album,query=Waking Up,fuzzy=1,searchType=SR)"
2356,21,4101,"(field=Album,query=,fuzzy=1,searchType=SR)"
2335,36,0,"(field=Album,query=JJ陆,fuzzy=1,searchType=SR)"
2366,45,0,"(field=Album,query=25周年精选,fuzzy=1,searchType=SR)"
2369,87,0,"(field=Album,query=World Of Our Own,fuzzy=1,searchType=SR)"
2362,109,0,"(field=Album,query=Music From The City Of Angels Motion Picture Soundtrack,fuzzy=1,searchType=SR)"
2350,147,0,"(field=Album,query=Animals,fuzzy=1,searchType=SR)"
2350,70,0,"(field=Album,query=2011年震撼现场精选合辑(上),fuzzy=1,searchType=SR)"
2374,156,0,"(field=Album,query=Applause,fuzzy=1,searchType=SR)"
2360,103,0,"(field=Album,query=I'M In The Mood For Love ... The Most Romantic Melodies Of All Time,fuzzy=1,searchType=SR)"
2351,44,0,"(field=Album,query=Hot In Ibiza-Sunset,fuzzy=1,searchType=SR)"
2343,70,0,"(field=Album,query=My Worlds,fuzzy=1,searchType=SR)"
2327,70,0,"(field=Album,query=This Is The Sound Of...2010,fuzzy=1,searchType=SR)"
2352,156,0,"(field=Album,query=Baby Boy,fuzzy=1,searchType=SR)"
2381,70,0,"(field=Album,query=Speak Now,fuzzy=1,searchType=SR)"
2341,98,0,"(field=Album,query=King Of Pop,fuzzy=1,searchType=SR)"
2336,152,0,"(field=Album,query=The Fame,fuzzy=1,searchType=SR)"
2424,48,0,"(field=Album,query=Overexposed,fuzzy=1,searchType=SR)"
2349,49,0,"(field=Album,query=T-Time新歌精选,fuzzy=1,searchType=SR)"
2338,48,0,"(field=Album,query=Because Of You - Remixes,fuzzy=1,searchType=SR)"
2356,76,0,"(field=Album,query=Red (Deluxe Version),fuzzy=1,searchType=SR)"
2338,62,0,"(field=Album,query=Now That S What I Call Music! 20,fuzzy=1,searchType=SR)"
2390,63,0,"(field=Album,query=中国好声音第二季 终极考核,fuzzy=1,searchType=SR)"
2345,54,0,"(field=Album,query=Breakaway,fuzzy=1,searchType=SR)"
2380,163,0,"(field=Album,query=Stronger,fuzzy=1,searchType=SR)"
2342,152,0,"(field=Album,query=The Fame,fuzzy=1,searchType=SR)"
2366,158,0,"(field=Album,query=Surfacing,fuzzy=1,searchType=SR)"
2383,152,0,"(field=Album,query=Native,fuzzy=1,searchType=SR)"
2347,147,0,"(field=Album,query=Native,fuzzy=1,searchType=SR)"
2368,127,0,"(field=Album,query=Here We Go Again,fuzzy=1,searchType=SR)"
2428,73,0,"(field=Album,query=My World,fuzzy=1,searchType=SR)"
2363,72,0,"(field=Album,query=2014湖南卫视跨年演唱会,fuzzy=1,searchType=SR)"
2339,44,0,"(field=Album,query=全我所求(All I Ever Wanted),fuzzy=1,searchType=SR)"
2336,171,0,"(field=Album,query=Curiosity,fuzzy=1,searchType=SR)"
2352,42,0,"(field=Album,query=DJ・Mix 跳舞专辑,fuzzy=1,searchType=SR)"
2324,161,0,"(field=Album,query=Face To Face,fuzzy=1,searchType=SR)"
3175,39,0,"(field=Album,query=七年之痒,fuzzy=1,searchType=SR)"
2347,159,0,"(field=Album,query=Surfacing,fuzzy=1,searchType=SR)"
2361,157,0,"(field=Album,query=Don'T Forget,fuzzy=1,searchType=SR)"
2354,55,0,"(field=Album,query=我的歌声里,fuzzy=1,searchType=SR)"
2353,73,0,"(field=Album,query=My Worlds,fuzzy=1,searchType=SR)"
2339,21,4101,"(field=Album,query=,fuzzy=1,searchType=SR)"
2365,71,0,"(field=Album,query=Goodbye Lullaby,fuzzy=1,searchType=SR)"
2485,65,0,"(field=Album,query=我的歌声里,fuzzy=1,searchType=SR)"
2509,176,0,"(field=Album,query=Meteora,fuzzy=1,searchType=SR)"
2495,97,0,"(field=Album,query=Global Warming,fuzzy=1,searchType=SR)"
2509,111,0,"(field=Album,query=The Hunting Party,fuzzy=1,searchType=SR)"
2544,59,0,"(field=Album,query=恋爱的力量 (新歌+精选),fuzzy=1,searchType=SR)"
2503,187,0,"(field=Album,query=Planet Pit,fuzzy=1,searchType=SR)"
2505,53,0,"(field=Album,query=Give Your Heart A Break,fuzzy=1,searchType=SR)"
2505,59,0,"(field=Album,query=Kenny G Live,fuzzy=1,searchType=SR)"
2531,36,0,"(field=Album,query=For A Quiet Evening,fuzzy=1,searchType=SR)"
2498,66,0,"(field=Album,query=金钟奖中国音超 第9期,fuzzy=1,searchType=SR)"
2484,68,0,"(field=Album,query=我的歌声里,fuzzy=1,searchType=SR)"
2489,25,4101,"(field=Album,query=,fuzzy=1,searchType=SR)"
2482,184,0,"(field=Album,query=Stronger,fuzzy=1,searchType=SR)"
2514,155,0,"(field=Album,query=Here We Go Again,fuzzy=1,searchType=SR)"
2524,188,0,"(field=Album,query=Hot N Cold,fuzzy=1,searchType=SR)"
2503,42,0,"(field=Album,query=缘份的天空,fuzzy=1,searchType=SR)"
2500,44,0,"(field=Album,query=大海,fuzzy=1,searchType=SR)"
2486,90,0,"(field=Album,query=Red (Deluxe Version),fuzzy=1,searchType=SR)"
2542,56,0,"(field=Album,query=Kiss Deluxe Version,fuzzy=1,searchType=SR)"
2508,44,0,"(field=Album,query=舞动人生,fuzzy=1,searchType=SR)"
2492,132,0,"(field=Album,query=The Best Damn Thing,fuzzy=1,searchType=SR)"
2490,157,0,"(field=Album,query=Demi,fuzzy=1,searchType=SR)"
2536,53,0,"(field=Album,query=Frozen 冰雪大冒险,fuzzy=1,searchType=SR)"
2481,140,0,"(field=Album,query=Hybrid Theory,fuzzy=1,searchType=SR)"
2547,134,0,"(field=Album,query=The Best Damn Thing,fuzzy=1,searchType=SR)"
2511,71,0,"(field=Album,query=我的歌声里,fuzzy=1,searchType=SR)"
2537,102,0,"(field=Album,query=Over The Rainbow,fuzzy=1,searchType=SR)"
2509,74,0,"(field=Album,query=Born This Way,fuzzy=1,searchType=SR)"
2506,72,0,"(field=Album,query=Just Dance,fuzzy=1,searchType=SR)"
2484,59,0,"(field=Album,query=Unity - The Official Athens 2004 Olympic Games Album,fuzzy=1,searchType=SR)"
2492,49,0,"(field=Album,query=The Taylor Swift Holiday Collection,fuzzy=1,searchType=SR)"
2495,88,0,"(field=Album,query=2010年12月欧美新歌速递2,fuzzy=1,searchType=SR)"
2504,174,0,"(field=Album,query=Let It Go,fuzzy=1,searchType=SR)"
2498,183,0,"(field=Album,query=Avril Lavigne,fuzzy=1,searchType=SR)"
2560,203,0,"(field=Album,query=Heart And Soul,fuzzy=1,searchType=SR)"
2504,65,0,"(field=Album,query=我的歌声里,fuzzy=1,searchType=SR)"
2493,52,0,"(field=Album,query=Graceland 恩赐之地,fuzzy=1,searchType=SR)"
2503,185,0,"(field=Album,query=Curtain Call,fuzzy=1,searchType=SR)"
3205,184,0,"(field=Album,query=To Hebe,fuzzy=1,searchType=SR)"
2532,86,0,"(field=Album,query=My World,fuzzy=1,searchType=SR)"
2566,54,0,"(field=Album,query=Xscape (Deluxe),fuzzy=1,searchType=SR)"
2509,63,0,"(field=Album,query=Say The Words 我为你歌唱,fuzzy=1,searchType=SR)"
2494,83,0,"(field=Album,query=节奏大师 曲目集合 Rhythm Master Collection I,fuzzy=1,searchType=SR)"
2486,50,0,"(field=Album,query=Kikujiro,fuzzy=1,searchType=SR)"
2514,164,0,"(field=Album,query=Demi,fuzzy=1,searchType=SR)"
2497,78,0,"(field=Album,query=中国好声音第二季 巅峰之夜,fuzzy=1,searchType=SR)"
2496,50,0,"(field=Album,query=The Fame Monster (Deluxe Edition),fuzzy=1,searchType=SR)"
2501,50,0,"(field=Album,query=Dawn Of A New Century,fuzzy=1,searchType=SR)"
2511,56,0,"(field=Album,query=Kiss Deluxe Version,fuzzy=1,searchType=SR)"
2480,50,0,"(field=Album,query=Planet Pit (Deluxe Version),fuzzy=1,searchType=SR)"
2498,104,0,"(field=Album,query=Songbird-The Ultimate Collection,fuzzy=1,searchType=SR)"
2507,79,0,"(field=Album,query=Speak Now,fuzzy=1,searchType=SR)"
2507,157,0,"(field=Album,query=Demi,fuzzy=1,searchType=SR)"
2520,214,0,"(field=Album,query=The Love Album,fuzzy=1,searchType=SR)"
2526,170,0,"(field=Album,query=Meteora,fuzzy=1,searchType=SR)"
2520,91,0,"(field=Album,query=Xposed,fuzzy=1,searchType=SR)"
2512,45,0,"(field=Album,query=挑信,fuzzy=1,searchType=SR)"
2482,74,0,"(field=Album,query=我是歌手 第七期,fuzzy=1,searchType=SR)"
2498,96,0,"(field=Album,query=Global Warming,fuzzy=1,searchType=SR)"
2505,108,0,"(field=Album,query=Over The Rainbow,fuzzy=1,searchType=SR)"
2506,146,0,"(field=Album,query=Songs From A Secret Garden,fuzzy=1,searchType=SR)"
2506,197,0,"(field=Album,query=Part Of Me,fuzzy=1,searchType=SR)"
2513,153,0,"(field=Album,query=Songs From A Secret Garden,fuzzy=1,searchType=SR)"
2531,55,0,"(field=Album,query=Overexposed,fuzzy=1,searchType=SR)"
2502,192,0,"(field=Album,query=Teenage Dream,fuzzy=1,searchType=SR)"
2523,175,0,"(field=Album,query=Native,fuzzy=1,searchType=SR)"
2505,193,0,"(field=Album,query=Planet Pit,fuzzy=1,searchType=SR)"
2518,149,0,"(field=Album,query=The Marshall Mathers LP2,fuzzy=1,searchType=SR)"
2561,90,0,"(field=Album,query=Red (Deluxe Version),fuzzy=1,searchType=SR)"
2509,104,0,"(field=Album,query=run away,fuzzy=1,searchType=SR)"
2556,143,0,"(field=Album,query=The Hunger Games: Songs From District 12 And Beyond,fuzzy=1,searchType=SR)"
2513,152,0,"(field=Album,query=Westlife,fuzzy=1,searchType=SR)"
2505,71,0,"(field=Album,query=1.22.03 Acoustic,fuzzy=1,searchType=SR)"
2525,203,0,"(field=Album,query=A Little Love,fuzzy=1,searchType=SR)"
2497,161,0,"(field=Album,query=Smile,fuzzy=1,searchType=SR)"
2505,205,0,"(field=Album,query=Number Ones,fuzzy=1,searchType=SR)"
3352,201,0,"(field=Album,query=Recovery,fuzzy=1,searchType=SR)"
2503,61,0,"(field=Album,query=Taylor Swift,fuzzy=1,searchType=SR)"
2495,56,0,"(field=Album,query=Stronger (What Doesn'T Kill You),fuzzy=1,searchType=SR)"
2516,47,0,"(field=Album,query=Songs About Jane,fuzzy=1,searchType=SR)"
2501,188,0,"(field=Album,query=Surfacing,fuzzy=1,searchType=SR)"
2505,95,0,"(field=Album,query=Global Warming,fuzzy=1,searchType=SR)"
2499,170,0,"(field=Album,query=At Last...The Duets Album/ Breathless,fuzzy=1,searchType=SR)"
2485,188,0,"(field=Album,query=Once In A Red Moon,fuzzy=1,searchType=SR)"
2512,49,0,"(field=Album,query=Kikujiro,fuzzy=1,searchType=SR)"
2500,194,0,"(field=Album,query=This Is How We Do,fuzzy=1,searchType=SR)"
2502,51,0,"(field=Album,query=Music From The 3D Concert Experience,fuzzy=1,searchType=SR)"
2488,56,0,"(field=Album,query=Bbc Radio 1'S Live Lounge Volume 6,fuzzy=1,searchType=SR)"
2513,181,0,"(field=Album,query=Timber,fuzzy=1,searchType=SR)"
2537,173,0,"(field=Album,query=Turnaround,fuzzy=1,searchType=SR)"
2515,59,0,"(field=Album,query=Kiss Deluxe Version,fuzzy=1,searchType=SR)"
2489,94,0,"(field=Album,query=Wrapped In Red,fuzzy=1,searchType=SR)"
2502,68,0,"(field=Album,query=Walk Away,fuzzy=1,searchType=SR)"
2503,161,0,"(field=Album,query=Demi,fuzzy=1,searchType=SR)"
2496,194,0,"(field=Album,query=Wastelands,fuzzy=1,searchType=SR)"
2540,55,0,"(field=Album,query=2013 Grammy Nominees,fuzzy=1,searchType=SR)"
2503,157,0,"(field=Album,query=Westlife,fuzzy=1,searchType=SR)"
2526,63,0,"(field=Album,query=Stronger (Deluxe Version),fuzzy=1,searchType=SR)"
2587,126,0,"(field=Album,query=What I'Ve Done,fuzzy=1,searchType=SR)"
2576,119,0,"(field=Album,query=When I'M Gone,fuzzy=1,searchType=SR)"
2607,72,0,"(field=Album,query=When You're Gone,fuzzy=1,searchType=SR)"
2604,112,0,"(field=Album,query=King Of Pop,fuzzy=1,searchType=SR)"
2590,74,0,"(field=Album,query=Katy Perry - Teenage Dream: The Complete Confection,fuzzy=1,searchType=SR)"
2585,195,0,"(field=Album,query=Surfacing,fuzzy=1,searchType=SR)"
2633,112,0,"(field=Album,query=King Of Pop,fuzzy=1,searchType=SR)"
2586,180,0,"(field=Album,query=Face To Face,fuzzy=1,searchType=SR)"
2584,123,0,"(field=Album,query=I'M In The Mood For Love ... The Most Romantic Melodies Of All Time,fuzzy=1,searchType=SR)"
2599,24,4101,"(field=Album,query=,fuzzy=1,searchType=SR)"
2579,63,0,"(field=Album,query=千金归来 电视原声带,fuzzy=1,searchType=SR)"
2578,48,0,"(field=Album,query=信仰,fuzzy=1,searchType=SR)"
2571,36,0,"(field=Album,query=爱出发,fuzzy=1,searchType=SR)"
2591,42,0,"(field=Album,query=爱从草原来,fuzzy=1,searchType=SR)"
2580,51,0,"(field=Album,query=秘密基地,fuzzy=1,searchType=SR)"
2568,62,0,"(field=Album,query=Say The Words 我为你歌唱,fuzzy=1,searchType=SR)"
2578,70,0,"(field=Album,query=曾经的歌系列 41,fuzzy=1,searchType=SR)"
2579,81,0,"(field=Album,query=情义 新歌+精选 光耀全纪录,fuzzy=1,searchType=SR)"
2617,25,4101,"(field=Album,query=,fuzzy=1,searchType=SR)"
2583,68,0,"(field=Album,query=娃娃金典 - 金智娟经典重生辑,fuzzy=1,searchType=SR)"
2585,47,0,"(field=Album,query=美丽境界,fuzzy=1,searchType=SR)"
2613,63,0,"(field=Album,query=我们的生活充满阳光,fuzzy=1,searchType=SR)"
2580,63,0,"(field=Album,query=首选萧亚轩.美丽的插曲,fuzzy=1,searchType=SR)"
2572,68,0,"(field=Album,query=爱过,fuzzy=1,searchType=SR)"
2594,68,0,"(field=Album,query=长相依精选辑,fuzzy=1,searchType=SR)"
2571,51,0,"(field=Album,query=我好想,fuzzy=1,searchType=SR)"
2593,75,0,"(field=Album,query=不解释亲吻,fuzzy=1,searchType=SR)"
2580,58,0,"(field=Album,query=美丽的日子 新歌+精选,fuzzy=1,searchType=SR)"
2554,68,0,"(field=Album,query=爱的大游行Live全记录,fuzzy=1,searchType=SR)"
2575,60,0,"(field=Album,query=爱你的我今天长这样,fuzzy=1,searchType=SR)"
2567,45,0,"(field=Album,query=爱你的宿命,fuzzy=1,searchType=SR)"
2590,47,0,"(field=Album,query=爱你却要说分手,fuzzy=1,searchType=SR)"
2583,109,0,"(field=Album,query=爱你伍佰年 伍佰 And China Blue 世纪典藏原音精选40首,fuzzy=1,searchType=SR)"
2584,40,0,"(field=Album,query=美人吟,fuzzy=1,searchType=SR)"
2572,48,0,"(field=Album,query=入戏太深,fuzzy=1,searchType=SR)"
2602,35,0,"(field=Album,query=包容,fuzzy=1,searchType=SR)"
2580,42,0,"(field=Album,query=城堡,fuzzy=1,searchType=SR)"
2564,38,0,"(field=Album,query=L to V秘密,fuzzy=1,searchType=SR)"
2588,25,4101,"(field=Album,query=,fuzzy=1,searchType=SR)"
2572,84,0,"(field=Album,query=70.8,fuzzy=1,searchType=SR)"
2614,25,4101,"(field=Album,query=,fuzzy=1,searchType=SR)"
2574,24,4101,"(field=Album,query=,fuzzy=1,searchType=SR)"
2571,25,4101,"(field=Album,query=,fuzzy=1,searchType=SR)"
2564,50,0,"(field=Album,query=咆哮2002,fuzzy=1,searchType=SR)"
2581,25,4101,"(field=Album,query=,fuzzy=1,searchType=SR)"
2626,44,0,"(field=Album,query=爱无反顾,fuzzy=1,searchType=SR)"
2577,45,0,"(field=Album,query=胡 爱夏,fuzzy=1,searchType=SR)"
2633,38,0,"(field=Album,query=爱相随,fuzzy=1,searchType=SR)"
2571,68,0,"(field=Album,query=活出生命Ii演唱会,fuzzy=1,searchType=SR)"
2643,113,0,"(field=Album,query=许茹芸1995-2000年光华真纪录-单身日记15首新,fuzzy=1,searchType=SR)"
2571,51,0,"(field=Album,query=Best Show 劲舞天王版,fuzzy=1,searchType=SR)"
2584,58,0,"(field=Album,query=王菲 89-97 32精选,fuzzy=1,searchType=SR)"
2585,57,0,"(field=Album,query=他&他 [好男真情歌],fuzzy=1,searchType=SR)"
2584,24,4101,"(field=Album,query=,fuzzy=1,searchType=SR)"
2574,83,0,"(field=Album,query=抢先热恋杨丞琳为爱启丞抢先听版,fuzzy=1,searchType=SR)"
2578,25,4101,"(field=Album,query=,fuzzy=1,searchType=SR)"
2579,77,0,"(field=Album,query=中国好声音第二季 那英组四进一,fuzzy=1,searchType=SR)"
2633,68,0,"(field=Album,query=爸爸去哪儿 电视原声带,fuzzy=1,searchType=SR)"
2580,48,0,"(field=Album,query=白天不懂夜的黑,fuzzy=1,searchType=SR)"
2572,61,0,"(field=Album,query=那英全经典,fuzzy=1,searchType=SR)"
2581,186,0,"(field=Album,query=Super Star,fuzzy=1,searchType=SR)"
2586,59,0,"(field=Album,query=一呼天下音演唱会,fuzzy=1,searchType=SR)"
2576,52,0,"(field=Album,query=寂寞在唱歌,fuzzy=1,searchType=SR)"
2578,184,0,"(field=Album,query=Chyi Chin,fuzzy=1,searchType=SR)"
2581,76,0,"(field=Album,query=Btb Teresa Teng Best 20,fuzzy=1,searchType=SR)"
2592,62,0,"(field=Album,query=台语点歌集7,fuzzy=1,searchType=SR)"
2688,44,0,"(field=Album,query=勇敢的心,fuzzy=1,searchType=SR)"
2712,65,0,"(field=Album,query=北京的冬天,fuzzy=1,searchType=SR)"
2745,27,4101,"(field=Album,query=,fuzzy=1,searchType=SR)"
2715,84,0,"(field=Album,query=100天,fuzzy=1,searchType=SR)"
2716,53,0,"(field=Album,query=背叛情歌,fuzzy=1,searchType=SR)"
2746,109,0,"(field=Album,query=2014年中央电视台春节联欢晚会,fuzzy=1,searchType=SR)"
2709,68,0,"(field=Album,query=大年三十,fuzzy=1,searchType=SR)"
2714,62,0,"(field=Album,query=大年三十,fuzzy=1,searchType=SR)"
2708,84,0,"(field=Album,query=夏夜晚风 演唱会精选实录,fuzzy=1,searchType=SR)"
2706,51,0,"(field=Album,query=空气,fuzzy=1,searchType=SR)"
2700,43,0,"(field=Album,query=天下无贼,fuzzy=1,searchType=SR)"
2722,43,0,"(field=Album,query=笨小孩,fuzzy=1,searchType=SR)"
2708,101,0,"(field=Album,query=最新汽车升级版1 - 车载低音炮,fuzzy=1,searchType=SR)"
2705,236,0,"(field=Album,query=A Little Love,fuzzy=1,searchType=SR)"
2713,51,0,"(field=Album,query=别让我一个人醉,fuzzy=1,searchType=SR)"
2803,30,4101,"(field=Album,query=,fuzzy=1,searchType=SR)"
2711,62,0,"(field=Album,query=情调私语2,fuzzy=1,searchType=SR)"
2755,39,0,"(field=Album,query=冰封,fuzzy=1,searchType=SR)"
2707,70,0,"(field=Album,query=我们的生活充满阳光,fuzzy=1,searchType=SR)"
2705,76,0,"(field=Album,query=大地飞歌,fuzzy=1,searchType=SR)"
2718,52,0,"(field=Album,query=柔情主义,fuzzy=1,searchType=SR)"
2691,68,0,"(field=Album,query=十八般武艺,fuzzy=1,searchType=SR)"
2706,59,0,"(field=Album,query=最动听的...陈百强,fuzzy=1,searchType=SR)"
2736,107,0,"(field=Album,query=Xposed,fuzzy=1,searchType=SR)"
2725,28,4101,"(field=Album,query=,fuzzy=1,searchType=SR)"
2694,43,0,"(field=Album,query=征服,fuzzy=1,searchType=SR)"
2704,89,0,"(field=Album,query=8：19AM,fuzzy=1,searchType=SR)"
2728,87,0,"(field=Album,query=不解释亲吻,fuzzy=1,searchType=SR)"
2705,465,0,"(field=Album,query=黏黏2,fuzzy=1,searchType=SR)"
2780,68,0,"(field=Album,query=不能说出口的诺言,fuzzy=1,searchType=SR)"
2724,54,0,"(field=Album,query=翊往情深,fuzzy=1,searchType=SR)"
2753,68,0,"(field=Album,query=因为爱你,fuzzy=1,searchType=SR)"
2717,50,0,"(field=Album,query=不忘初心,fuzzy=1,searchType=SR)"
2728,74,0,"(field=Album,query=张信哲Jeff情歌精选,fuzzy=1,searchType=SR)"
2699,88,0,"(field=Album,query=[即刻出发]?北京演唱会 Live CD,fuzzy=1,searchType=SR)"
2718,28,4101,"(field=Album,query=,fuzzy=1,searchType=SR)"
2700,28,4101,"(field=Album,query=,fuzzy=1,searchType=SR)"
3458,57,0,"(field=Album,query=擦肩而过,fuzzy=1,searchType=SR)"
2621,68,0,"(field=Album,query=因为爱你,fuzzy=1,searchType=SR)"
2630,50,0,"(field=Album,query=不再见,fuzzy=1,searchType=SR)"
2618,62,0,"(field=Album,query=独家记忆,fuzzy=1,searchType=SR)"
2625,75,0,"(field=Album,query=微笑Pasta电视原声带,fuzzy=1,searchType=SR)"
2619,98,0,"(field=Album,query=同名专辑,fuzzy=1,searchType=SR)"
2808,108,0,"(field=Album,query=中国好声音第二季 第2期,fuzzy=1,searchType=SR)"
2755,28,4101,"(field=Album,query=,fuzzy=1,searchType=SR)"
2713,47,0,"(field=Album,query=草原的风,fuzzy=1,searchType=SR)"
2720,61,0,"(field=Album,query=中国之声,fuzzy=1,searchType=SR)"
2711,47,0,"(field=Album,query=风华再现,fuzzy=1,searchType=SR)"
2703,66,0,"(field=Album,query=最好的时代,fuzzy=1,searchType=SR)"
2710,67,0,"(field=Album,query=2013蛇年春晚,fuzzy=1,searchType=SR)"
2714,28,4101,"(field=Album,query=,fuzzy=1,searchType=SR)"
2701,56,0,"(field=Album,query=精调细选,fuzzy=1,searchType=SR)"
2712,28,4101,"(field=Album,query=,fuzzy=1,searchType=SR)"
2701,65,0,"(field=Album,query=张国荣钢琴精选集,fuzzy=1,searchType=SR)"
2706,49,0,"(field=Album,query=趁你还年轻,fuzzy=1,searchType=SR)"
2721,97,0,"(field=Album,query=年华,fuzzy=1,searchType=SR)"
2737,62,0,"(field=Album,query=远方的寂静,fuzzy=1,searchType=SR)"
2713,94,0,"(field=Album,query=志航群星传唱系列-情歌对唱,fuzzy=1,searchType=SR)"
2701,210,0,"(field=Album,query=Transfer,fuzzy=1,searchType=SR)"
2735,40,0,"(field=Album,query=出塞曲,fuzzy=1,searchType=SR)"
2723,51,0,"(field=Album,query=初.爱,fuzzy=1,searchType=SR)"
2730,46,0,"(field=Album,query=菲旧梦,fuzzy=1,searchType=SR)"
2700,62,0,"(field=Album,query=远方的寂静,fuzzy=1,searchType=SR)"
2698,63,0,"(field=Album,query=一个小微笑,fuzzy=1,searchType=SR)"
2722,27,4101,"(field=Album,query=,fuzzy=1,searchType=SR)"
2737,225,0,"(field=Album,query=Never - Ending Song,fuzzy=1,searchType=SR)"
2737,69,0,"(field=Album,query=2009慢摇中文冠军舞曲,fuzzy=1,searchType=SR)"
2703,230,0,"(field=Album,query=Super Sunshine,fuzzy=1,searchType=SR)"
2766,104,0,"(field=Album,query=霹雳英雄音乐精选四十一-刀剑春秋II,fuzzy=1,searchType=SR)"
2709,94,0,"(field=Album,query=中国好声音第1期,fuzzy=1,searchType=SR)"
2737,115,0,"(field=Album,query=呼吸,fuzzy=1,searchType=SR)"
2706,64,0,"(field=Album,query=爱的进行式,fuzzy=1,searchType=SR)"
2712,52,0,"(field=Album,query=刘欢,fuzzy=1,searchType=SR)"
2711,62,0,"(field=Album,query=远方的寂静,fuzzy=1,searchType=SR)"
2717,70,0,"(field=Album,query=神的孩子都在跳舞(限量版),fuzzy=1,searchType=SR)"
2696,62,0,"(field=Album,query=听得到的时间,fuzzy=1,searchType=SR)"
2720,79,0,"(field=Album,query=冰冰,fuzzy=1,searchType=SR)"
2720,101,0,"(field=Album,query=Goodbye & Hello,fuzzy=1,searchType=SR)"
2692,141,0,"(field=Album,query=回蔚,fuzzy=1,searchType=SR)"
2726,63,0,"(field=Album,query=所以变快乐,fuzzy=1,searchType=SR)"
2730,68,0,"(field=Album,query=我们的生活充满阳光,fuzzy=1,searchType=SR)"
2716,76,0,"(field=Album,query=大地飞歌,fuzzy=1,searchType=SR)"
2710,56,0,"(field=Album,query=我在草原等你来,fuzzy=1,searchType=SR)"
2724,54,0,"(field=Album,query=中国美,fuzzy=1,searchType=SR)"
2732,63,0,"(field=Album,query=所以变快乐,fuzzy=1,searchType=SR)"
2740,46,0,"(field=Album,query=曹之在我,fuzzy=1,searchType=SR)"
2704,58,0,"(field=Album,query=大声唱,fuzzy=1,searchType=SR)"
2708,75,0,"(field=Album,query=换季,fuzzy=1,searchType=SR)"
2707,57,0,"(field=Album,query=大雨,fuzzy=1,searchType=SR)"
2705,90,0,"(field=Album,query=[即刻出发]?北京演唱会 Live CD,fuzzy=1,searchType=SR)"
2718,51,0,"(field=Album,query=半熟宣言,fuzzy=1,searchType=SR)"
2774,86,0,"(field=Album,query=奇迹创世纪精选,fuzzy=1,searchType=SR)"
2698,204,0,"(field=Album,query=i Penny,fuzzy=1,searchType=SR)"
2778,74,0,"(field=Album,query=单身情歌 超炫精选,fuzzy=1,searchType=SR)"
2703,52,0,"(field=Album,query=胡 爱夏,fuzzy=1,searchType=SR)"
2714,77,0,"(field=Album,query=永远的朋友典藏系列,fuzzy=1,searchType=SR)"
2706,48,0,"(field=Album,query=宠爱,fuzzy=1,searchType=SR)"
2708,46,0,"(field=Album,query=对着唱,fuzzy=1,searchType=SR)"
2719,102,0,"(field=Album,query=Love And The City,fuzzy=1,searchType=SR)"
2720,70,0,"(field=Album,query=她说 概念自选辑,fuzzy=1,searchType=SR)"
2736,59,0,"(field=Album,query=不如吃茶去,fuzzy=1,searchType=SR)"
2691,28,4101,"(field=Album,query=,fuzzy=1,searchType=SR)"
2694,100,0,"(field=Album,query=Stranger Under My Skin,fuzzy=1,searchType=SR)"
2723,70,0,"(field=Album,query=Lpcd45之等你等到我心痛,fuzzy=1,searchType=SR)"
2706,46,0,"(field=Album,query=爱人别走,fuzzy=1,searchType=SR)"
2711,95,0,"(field=Album,query=志航群星传唱系列-情歌对唱,fuzzy=1,searchType=SR)"
2721,95,0,"(field=Album,query=十光年,fuzzy=1,searchType=SR)"
2726,49,0,"(field=Album,query=背叛情歌,fuzzy=1,searchType=SR)"
2692,67,0,"(field=Album,query=最接近天堂的地方,fuzzy=1,searchType=SR)"
2704,51,0,"(field=Album,query=点亮未来,fuzzy=1,searchType=SR)"
2699,28,4101,"(field=Album,query=,fuzzy=1,searchType=SR)"
2730,50,0,"(field=Album,query=星座圣典,fuzzy=1,searchType=SR)"
2730,68,0,"(field=Album,query=天下无双,fuzzy=1,searchType=SR)"
2693,49,0,"(field=Album,query=Leave (离开),fuzzy=1,searchType=SR)"
2705,52,0,"(field=Album,query=舞动人生,fuzzy=1,searchType=SR)"
2709,27,4101,"(field=Album,query=,fuzzy=1,searchType=SR)"
2713,28,4101,"(field=Album,query=,fuzzy=1,searchType=SR)"
2729,27,4101,"(field=Album,query=,fuzzy=1,searchType=SR)"
2722,59,0,"(field=Album,query=我不是伟人,fuzzy=1,searchType=SR)"
2705,78,0,"(field=Album,query=会跳舞的文艺青年,fuzzy=1,searchType=SR)"
2691,46,0,"(field=Album,query=毕业声,fuzzy=1,searchType=SR)"
2716,44,0,"(field=Album,query=琵琶相,fuzzy=1,searchType=SR)"
2727,46,0,"(field=Album,query=小可乐,fuzzy=1,searchType=SR)"
2707,83,0,"(field=Album,query=韩宝仪国语点歌集7,fuzzy=1,searchType=SR)"
2717,66,0,"(field=Album,query=微青春的附件,fuzzy=1,searchType=SR)"
2711,48,0,"(field=Album,query=黑色柳丁,fuzzy=1,searchType=SR)"
2722,54,0,"(field=Album,query=在你身边 (内地版),fuzzy=1,searchType=SR)"
2702,53,0,"(field=Album,query=大张旗鼓,fuzzy=1,searchType=SR)"
2747,61,0,"(field=Album,query=失恋事小,fuzzy=1,searchType=SR)"
2735,49,0,"(field=Album,query=新套马杆,fuzzy=1,searchType=SR)"
2685,206,0,"(field=Album,query=The Song,fuzzy=1,searchType=SR)"
2813,90,0,"(field=Album,query=我的经济适用男 电视原声带,fuzzy=1,searchType=SR)"
2702,53,0,"(field=Album,query=骆驼・飞鸟・鱼,fuzzy=1,searchType=SR)"
2708,199,0,"(field=Album,query=Believe,fuzzy=1,searchType=SR)"
2717,51,0,"(field=Album,query=真情流露,fuzzy=1,searchType=SR)"
2700,61,0,"(field=Album,query=老婆最大,fuzzy=1,searchType=SR)"
2708,60,0,"(field=Album,query=向天再借五百年,fuzzy=1,searchType=SR)"
2699,54,0,"(field=Album,query=风雨无阻,fuzzy=1,searchType=SR)"
2727,200,0,"(field=Album,query=齐待,fuzzy=1,searchType=SR)"
2697,45,0,"(field=Album,query=凤凰飞,fuzzy=1,searchType=SR)"
2735,82,0,"(field=Album,query=甄执原声大碟,fuzzy=1,searchType=SR)"
2700,54,0,"(field=Album,query=20年特别选,fuzzy=1,searchType=SR)"
2704,53,0,"(field=Album,query=服不服,fuzzy=1,searchType=SR)"
2742,70,0,"(field=Album,query=我是歌手 总决赛 (抢听版),fuzzy=1,searchType=SR)"
2742,59,0,"(field=Album,query=失窃之物,fuzzy=1,searchType=SR)"
2700,27,4101,"(field=Album,query=,fuzzy=1,searchType=SR)"
2725,60,0,"(field=Album,query=天下最美的女中音,fuzzy=1,searchType=SR)"
2720,29,4101,"(field=Album,query=,fuzzy=1,searchType=SR)"
2701,58,0,"(field=Album,query=阿宝 同名专辑,fuzzy=1,searchType=SR)"
2719,86,0,"(field=Album,query=不解释亲吻,fuzzy=1,searchType=SR)"
2714,57,0,"(field=Album,query=感官/世界,fuzzy=1,searchType=SR)"
2755,108,0,"(field=Album,query=雪域光芒 (1998西藏演唱会完全实况),fuzzy=1,searchType=SR)"
2699,44,0,"(field=Album,query=潮男正传,fuzzy=1,searchType=SR)"
2706,78,0,"(field=Album,query=在心里从此永远有个你,fuzzy=1,searchType=SR)"
2722,90,0,"(field=Album,query=我是歌手 总决赛,fuzzy=1,searchType=SR)"
2704,68,0,"(field=Album,query=2013蛇年春晚,fuzzy=1,searchType=SR)"
2729,55,0,"(field=Album,query=听我,fuzzy=1,searchType=SR)"
2759,52,0,"(field=Album,query=跟着你到天边,fuzzy=1,searchType=SR)"
2702,28,4101,"(field=Album,query=,fuzzy=1,searchType=SR)"
2721,74,0,"(field=Album,query=小先生,fuzzy=1,searchType=SR)"
2710,44,0,"(field=Album,query=逆光,fuzzy=1,searchType=SR)"
2712,75,0,"(field=Album,query=冬之火九重天演唱会,fuzzy=1,searchType=SR)"
2714,50,0,"(field=Album,query=格格Blue,fuzzy=1,searchType=SR)"
2705,63,0,"(field=Album,query=秋:故事,fuzzy=1,searchType=SR)"
2703,89,0,"(field=Album,query=热门单曲-关于我们之间的事,fuzzy=1,searchType=SR)"
2713,101,0,"(field=Album,query=Beyond The Ultimate Story,fuzzy=1,searchType=SR)"
2739,43,0,"(field=Album,query=归来吧,fuzzy=1,searchType=SR)"
2758,59,0,"(field=Album,query=给淑桦的一封信,fuzzy=1,searchType=SR)"
2705,62,0,"(field=Album,query=经典金选(2),fuzzy=1,searchType=SR)"
2720,47,0,"(field=Album,query=霹雳狂花,fuzzy=1,searchType=SR)"
2713,48,0,"(field=Album,query=没你不行,fuzzy=1,searchType=SR)"
2701,28,4101,"(field=Album,query=,fuzzy=1,searchType=SR)"
2699,52,0,"(field=Album,query=倾听 张靓颖,fuzzy=1,searchType=SR)"
2770,51,0,"(field=Album,query=雾里看花,fuzzy=1,searchType=SR)"
2703,82,0,"(field=Album,query=刘欢经典20年珍藏锦集,fuzzy=1,searchType=SR)"
2693,70,0,"(field=Album,query=好了伤疤忘了痛,fuzzy=1,searchType=SR)"
2706,71,0,"(field=Album,query=好了伤疤忘了痛,fuzzy=1,searchType=SR)"
2718,73,0,"(field=Album,query=好男人都死哪儿去了,fuzzy=1,searchType=SR)"
2730,53,0,"(field=Album,query=开心女孩&爱的感觉,fuzzy=1,searchType=SR)"
2693,81,0,"(field=Album,query=天空之城 (天空城  w行石迷)-蚤g,fuzzy=1,searchType=SR)"
2726,51,0,"(field=Album,query=从头认识,fuzzy=1,searchType=SR)"
2725,50,0,"(field=Album,query=穿越三部曲,fuzzy=1,searchType=SR)"
2713,28,4101,"(field=Album,query=,fuzzy=1,searchType=SR)"
2708,58,0,"(field=Album,query=让我想一想,fuzzy=1,searchType=SR)"
2751,56,0,"(field=Album,query=入戏太深,fuzzy=1,searchType=SR)"
2722,50,0,"(field=Album,query=黑色柳丁,fuzzy=1,searchType=SR)"
2709,47,0,"(field=Album,query=很爱很爱你,fuzzy=1,searchType=SR)"
2698,137,0,"(field=Album,query=唱游,fuzzy=1,searchType=SR)"
2712,47,0,"(field=Album,query=民歌红Ⅲ,fuzzy=1,searchType=SR)"
2698,82,0,"(field=Album,query=伴你二十年5-外国经典专辑,fuzzy=1,searchType=SR)"
2755,47,0,"(field=Album,query=红蜻蜓,fuzzy=1,searchType=SR)"
2711,40,0,"(field=Album,query=红日,fuzzy=1,searchType=SR)"
2710,81,0,"(field=Album,query=甄执原声大碟,fuzzy=1,searchType=SR)"
2754,63,0,"(field=Album,query=后会无期,fuzzy=1,searchType=SR)"
2720,64,0,"(field=Album,query=金色的呼唤,fuzzy=1,searchType=SR)"
2700,45,0,"(field=Album,query=好汉歌,fuzzy=1,searchType=SR)"
2702,79,0,"(field=Album,query=天国的嫁衣 电视原声带,fuzzy=1,searchType=SR)"
2725,101,0,"(field=Album,query=非诚勿扰 电影原声大碟,fuzzy=1,searchType=SR)"
2702,42,0,"(field=Album,query=飞鸟,fuzzy=1,searchType=SR)"
2735,73,0,"(field=Album,query=花心,fuzzy=1,searchType=SR)"
3239,81,0,"(field=Album,query=小先生,fuzzy=1,searchType=SR)"
2717,46,0,"(field=Album,query=民歌红Ⅲ,fuzzy=1,searchType=SR)"
2713,28,4101,"(field=Album,query=,fuzzy=1,searchType=SR)"
2709,59,0,"(field=Album,query=老婆最大,fuzzy=1,searchType=SR)"
2731,50,0,"(field=Album,query=星座圣典,fuzzy=1,searchType=SR)"
2722,77,0,"(field=Album,query=2011身披彩衣的姑娘,fuzzy=1,searchType=SR)"
2698,68,0,"(field=Album,query=情调私语,fuzzy=1,searchType=SR)"
2751,28,4101,"(field=Album,query=,fuzzy=1,searchType=SR)"
2704,54,0,"(field=Album,query=赤裸裸,fuzzy=1,searchType=SR)"
2712,80,0,"(field=Album,query=各有各精彩(13周年纪念版),fuzzy=1,searchType=SR)"
2718,41,0,"(field=Album,query=达人Show,fuzzy=1,searchType=SR)"
2699,52,0,"(field=Album,query=看透爱情看透你,fuzzy=1,searchType=SR)"
2710,77,0,"(field=Album,query=平安 首张同名专辑,fuzzy=1,searchType=SR)"
2709,27,4101,"(field=Album,query=,fuzzy=1,searchType=SR)"
2701,56,0,"(field=Album,query=畅情录,fuzzy=1,searchType=SR)"
2721,49,0,"(field=Album,query=温古知新,fuzzy=1,searchType=SR)"
2695,189,0,"(field=Album,query=G.E.M.,fuzzy=1,searchType=SR)"
2727,54,0,"(field=Album,query=爱久见人心,fuzzy=1,searchType=SR)"
2695,65,0,"(field=Album,query=王妃,fuzzy=1,searchType=SR)"
2802,55,0,"(field=Album,query=独一无二,fuzzy=1,searchType=SR)"
2733,44,0,"(field=Album,query=也许明天,fuzzy=1,searchType=SR)"
2724,58,0,"(field=Album,query=《赢家》电影原声,fuzzy=1,searchType=SR)"
2693,33,4101,"(field=Album,query=,fuzzy=1,searchType=SR)"
2704,64,0,"(field=Album,query=尚雯婕精选集,fuzzy=1,searchType=SR)"
2708,63,0,"(field=Album,query=我去2000年 (珍藏版),fuzzy=1,searchType=SR)"
2699,48,0,"(field=Album,query=新套马杆,fuzzy=1,searchType=SR)"
2705,52,0,"(field=Album,query=火辣辣的情歌,fuzzy=1,searchType=SR)"
2706,53,0,"(field=Album,query=草原之月,fuzzy=1,searchType=SR)"
2701,45,0,"(field=Album,query=东女国,fuzzy=1,searchType=SR)"
2733,50,0,"(field=Album,query=蒙古族名歌,fuzzy=1,searchType=SR)"
2699,51,0,"(field=Album,query=赤裸裸,fuzzy=1,searchType=SR)"
2727,50,0,"(field=Album,query=一首心歌,fuzzy=1,searchType=SR)"
2738,52,0,"(field=Album,query=万岁2001,fuzzy=1,searchType=SR)"
2703,58,0,"(field=Album,query=几许风雨,fuzzy=1,searchType=SR)"
2732,87,0,"(field=Album,query=不解释亲吻,fuzzy=1,searchType=SR)"
2724,55,0,"(field=Album,query=2006型男Show女,fuzzy=1,searchType=SR)"
2714,67,0,"(field=Album,query=国语经典101,fuzzy=1,searchType=SR)"
2707,74,0,"(field=Album,query=寂寞的人伤心的歌,fuzzy=1,searchType=SR)"
2701,245,0,"(field=Album,query=My Secret,fuzzy=1,searchType=SR)"
2752,29,4101,"(field=Album,query=,fuzzy=1,searchType=SR)"
2701,73,0,"(field=Album,query=关于她的爱情故事,fuzzy=1,searchType=SR)"
2702,54,0,"(field=Album,query=编号89757,fuzzy=1,searchType=SR)"
2715,51,0,"(field=Album,query=江南（内地版）,fuzzy=1,searchType=SR)"
2721,100,0,"(field=Album,query=最新汽车升级版1 - 车载低音炮,fuzzy=1,searchType=SR)"
2740,28,4101,"(field=Album,query=,fuzzy=1,searchType=SR)"
2733,50,0,"(field=Album,query=降龙十八掌,fuzzy=1,searchType=SR)"
2707,58,0,"(field=Album,query=好佩妮(新歌+精选),fuzzy=1,searchType=SR)"
2700,54,0,"(field=Album,query=遇上爱,fuzzy=1,searchType=SR)"
2708,61,0,"(field=Album,query=2006 Ringback Tone Champion Mandarin Songs,fuzzy=1,searchType=SR)"
2714,60,0,"(field=Album,query=超级4Th场,fuzzy=1,searchType=SR)"
2719,48,0,"(field=Album,query=今年夏天,fuzzy=1,searchType=SR)"
2719,62,0,"(field=Album,query=在你面前我好想流泪,fuzzy=1,searchType=SR)"
2967,100,0,"(field=Album,query=我的歌声里,fuzzy=1,searchType=SR)"
3085,90,0,"(field=Album,query=蔡琴 畅销金曲专辑二,fuzzy=1,searchType=SR)"
3059,79,0,"(field=Album,query=戒了爱情戒了你,fuzzy=1,searchType=SR)"
3052,93,0,"(field=Album,query=我的王菲时代(Taiwan Version),fuzzy=1,searchType=SR)"
3037,59,0,"(field=Album,query=矜持,fuzzy=1,searchType=SR)"
3049,106,0,"(field=Album,query=甄执原声大碟,fuzzy=1,searchType=SR)"
3056,36,4101,"(field=Album,query=,fuzzy=1,searchType=SR)"
3048,94,0,"(field=Album,query=2013蛇年春晚,fuzzy=1,searchType=SR)"
3053,90,0,"(field=Album,query=爱的自选,fuzzy=1,searchType=SR)"
3085,72,0,"(field=Album,query=黄金十载,fuzzy=1,searchType=SR)"
3062,78,0,"(field=Album,query=时代全经典,fuzzy=1,searchType=SR)"
3045,123,0,"(field=Album,query=我是歌手 总决赛,fuzzy=1,searchType=SR)"
3069,40,4101,"(field=Album,query=,fuzzy=1,searchType=SR)"
3046,299,0,"(field=Album,query=Ok,fuzzy=1,searchType=SR)"
3150,72,0,"(field=Album,query=太平盛世,fuzzy=1,searchType=SR)"
3073,73,0,"(field=Album,query=涵剧先森,fuzzy=1,searchType=SR)"
3043,52,0,"(field=Album,query=恰好,fuzzy=1,searchType=SR)"
3063,72,0,"(field=Album,query=中国好歌曲 冠军赛,fuzzy=1,searchType=SR)"
3047,70,0,"(field=Album,query=中国好歌曲 总决赛,fuzzy=1,searchType=SR)"
3068,76,0,"(field=Album,query=男人歌,fuzzy=1,searchType=SR)"
3051,81,0,"(field=Album,query=我的士兵兄弟,fuzzy=1,searchType=SR)"
3049,35,4101,"(field=Album,query=,fuzzy=1,searchType=SR)"
3049,70,0,"(field=Album,query=开门大吉,fuzzy=1,searchType=SR)"
3099,119,0,"(field=Album,query=中国好声音之为你转身 电影原声带,fuzzy=1,searchType=SR)"
3075,102,0,"(field=Album,query=Start 世界巡回演唱会,fuzzy=1,searchType=SR)"
3049,36,4101,"(field=Album,query=,fuzzy=1,searchType=SR)"
3062,69,0,"(field=Album,query=看透爱情看透你,fuzzy=1,searchType=SR)"
3061,88,0,"(field=Album,query=台北小巨蛋音乐会,fuzzy=1,searchType=SR)"
3032,99,0,"(field=Album,query=婚礼歌手 幸福情歌精选,fuzzy=1,searchType=SR)"
3066,83,0,"(field=Album,query=最初的梦想,fuzzy=1,searchType=SR)"
3064,125,0,"(field=Album,query=我是歌手 第四期,fuzzy=1,searchType=SR)"
3073,83,0,"(field=Album,query=克卜勒,fuzzy=1,searchType=SR)"
3053,145,0,"(field=Album,query=理性与感性 作品音乐会,fuzzy=1,searchType=SR)"
3108,68,0,"(field=Album,query=此时此刻,fuzzy=1,searchType=SR)"
3046,95,0,"(field=Album,query=最美和声 第9期,fuzzy=1,searchType=SR)"
3051,50,0,"(field=Album,query=心太软,fuzzy=1,searchType=SR)"
3048,59,0,"(field=Album,query=痛快的歌,fuzzy=1,searchType=SR)"
3094,72,0,"(field=Album,query=弦歌有你,fuzzy=1,searchType=SR)"
3067,78,0,"(field=Album,query=狂想曲,fuzzy=1,searchType=SR)"
3041,78,0,"(field=Album,query=DJ小可 ⑩帽子戏法,fuzzy=1,searchType=SR)"
3050,99,0,"(field=Album,query=大地飞歌,fuzzy=1,searchType=SR)"
3101,80,0,"(field=Album,query=生如夏花,fuzzy=1,searchType=SR)"
3053,80,0,"(field=Album,query=来生缘,fuzzy=1,searchType=SR)"
3065,75,0,"(field=Album,query=校园青春乐,fuzzy=1,searchType=SR)"
3049,68,0,"(field=Album,query=草原情哥哥,fuzzy=1,searchType=SR)"
3071,77,0,"(field=Album,query=蓝色土耳其,fuzzy=1,searchType=SR)"
3124,66,0,"(field=Album,query=爱情单价,fuzzy=1,searchType=SR)"
3059,67,0,"(field=Album,query=大小说家,fuzzy=1,searchType=SR)"
3051,66,0,"(field=Album,query=浪迹天涯,fuzzy=1,searchType=SR)"
3094,59,0,"(field=Album,query=风飞沙,fuzzy=1,searchType=SR)"
3057,77,0,"(field=Album,query=老婆最大,fuzzy=1,searchType=SR)"
3059,35,4101,"(field=Album,query=,fuzzy=1,searchType=SR)"
3047,76,0,"(field=Album,query=醉相思,fuzzy=1,searchType=SR)"
3048,87,0,"(field=Album,query=国语真经典,fuzzy=1,searchType=SR)"
3095,82,0,"(field=Album,query=情歌继续唱,fuzzy=1,searchType=SR)"
3055,61,0,"(field=Album,query=泪桥,fuzzy=1,searchType=SR)"
3050,56,0,"(field=Album,query=三面夏娃,fuzzy=1,searchType=SR)"
3162,63,0,"(field=Album,query=冷酷到底,fuzzy=1,searchType=SR)"
3041,78,0,"(field=Album,query=超越Beyond精选,fuzzy=1,searchType=SR)"
3066,58,0,"(field=Album,query=绝对收藏,fuzzy=1,searchType=SR)"
3037,63,0,"(field=Album,query=擦声而过 2,fuzzy=1,searchType=SR)"
3041,60,0,"(field=Album,query=红蜻蜓,fuzzy=1,searchType=SR)"
3037,63,0,"(field=Album,query=嫦娥奔月,fuzzy=1,searchType=SR)"
3051,106,0,"(field=Album,query=恋着多喜欢 (非卖品宣传单曲),fuzzy=1,searchType=SR)"
3047,90,0,"(field=Album,query=伴你二十年6-民歌专辑,fuzzy=1,searchType=SR)"
3114,63,0,"(field=Album,query=父老乡亲,fuzzy=1,searchType=SR)"
3062,96,0,"(field=Album,query=最爱,fuzzy=1,searchType=SR)"
3066,156,0,"(field=Album,query=当代音乐馆 器乐演奏家系列 流动的城市,fuzzy=1,searchType=SR)"
3056,83,0,"(field=Album,query=爱的进行式,fuzzy=1,searchType=SR)"
3062,166,0,"(field=Album,query=我是歌手 第十一期,fuzzy=1,searchType=SR)"
3074,67,0,"(field=Album,query=王菲2001,fuzzy=1,searchType=SR)"
3717,55,0,"(field=Album,query=温暖呐喊,fuzzy=1,searchType=SR)"
3067,35,4101,"(field=Album,query=郑钧=Zj,fuzzy=1,searchType=SR)"
3055,87,0,"(field=Album,query=为爱走天涯,fuzzy=1,searchType=SR)"
3097,60,0,"(field=Album,query=太阳出来了,fuzzy=1,searchType=SR)"
3081,246,0,"(field=Album,query=飞,fuzzy=1,searchType=SR)"
3246,37,4101,"(field=Album,query=,fuzzy=1,searchType=SR)"
3034,70,0,"(field=Album,query=钢琴恋曲101,fuzzy=1,searchType=SR)"
3054,327,0,"(field=Album,query=路,fuzzy=1,searchType=SR)"
3108,68,0,"(field=Album,query=擦声而过 2,fuzzy=1,searchType=SR)"
3064,78,0,"(field=Album,query=改变自己,fuzzy=1,searchType=SR)"
3062,92,0,"(field=Album,query=每一刻都是崭新的,fuzzy=1,searchType=SR)"
3055,36,4101,"(field=Album,query=,fuzzy=1,searchType=SR)"
3058,37,4101,"(field=Album,query=,fuzzy=1,searchType=SR)"
3043,60,0,"(field=Album,query=满满的爱,fuzzy=1,searchType=SR)"
3061,75,0,"(field=Album,query=DJ小可 ⑧王者再现,fuzzy=1,searchType=SR)"
3052,61,0,"(field=Album,query=渺小,fuzzy=1,searchType=SR)"
3055,294,0,"(field=Album,query=Never Ever Best,fuzzy=1,searchType=SR)"
3094,114,0,"(field=Album,query=Vae新歌+精选珍藏合辑,fuzzy=1,searchType=SR)"
3062,86,0,"(field=Album,query=十八般武艺,fuzzy=1,searchType=SR)"
3051,80,0,"(field=Album,query=大年三十,fuzzy=1,searchType=SR)"
3053,35,4101,"(field=Album,query=,fuzzy=1,searchType=SR)"
3073,65,0,"(field=Album,query=忘不了你,fuzzy=1,searchType=SR)"
3062,253,0,"(field=Album,query=飞,fuzzy=1,searchType=SR)"
3083,61,0,"(field=Album,query=恋恋风尘,fuzzy=1,searchType=SR)"
3046,69,0,"(field=Album,query=逐梦令・四美图,fuzzy=1,searchType=SR)"
3046,77,0,"(field=Album,query=Myself 概念专辑,fuzzy=1,searchType=SR)"
3057,58,0,"(field=Album,query=美人吟,fuzzy=1,searchType=SR)"
3053,35,4101,"(field=Album,query=,fuzzy=1,searchType=SR)"
3032,93,0,"(field=Album,query=我是歌手 总决赛 (抢听版),fuzzy=1,searchType=SR)"
3086,91,0,"(field=Album,query=蒙娜丽莎的眼泪,fuzzy=1,searchType=SR)"
3082,328,0,"(field=Album,query=梦,fuzzy=1,searchType=SR)"
3081,37,4101,"(field=Album,query=,fuzzy=1,searchType=SR)"
3076,61,0,"(field=Album,query=梦里花,fuzzy=1,searchType=SR)"
3045,91,0,"(field=Album,query=那英全经典,fuzzy=1,searchType=SR)"
3062,88,0,"(field=Album,query=国语真经典,fuzzy=1,searchType=SR)"
3044,100,0,"(field=Album,query=爱的时刻自选辑,fuzzy=1,searchType=SR)"
3067,40,4101,"(field=Album,query=,fuzzy=1,searchType=SR)"
3038,63,0,"(field=Album,query=梦中新娘,fuzzy=1,searchType=SR)"
3042,66,0,"(field=Album,query=星座圣典,fuzzy=1,searchType=SR)"
3063,73,0,"(field=Album,query=明天的明天的明天,fuzzy=1,searchType=SR)"
3071,88,0,"(field=Album,query=蔡琴36首经典精选,fuzzy=1,searchType=SR)"
3058,60,0,"(field=Album,query=呛声,fuzzy=1,searchType=SR)"
3053,60,0,"(field=Album,query=银色月光下,fuzzy=1,searchType=SR)"
3046,78,0,"(field=Album,query=陌生人,fuzzy=1,searchType=SR)"
3046,78,0,"(field=Album,query=新贵妃醉酒,fuzzy=1,searchType=SR)"
3063,76,0,"(field=Album,query=失窃之物,fuzzy=1,searchType=SR)"
3050,100,0,"(field=Album,query=咱们结婚吧 电视原声带,fuzzy=1,searchType=SR)"
3096,171,0,"(field=Album,query=跨年演唱会2012-2013 华语篇3,fuzzy=1,searchType=SR)"
3053,98,0,"(field=Album,query=中国好声音杨坤组四进一,fuzzy=1,searchType=SR)"
3043,35,4101,"(field=Album,query=,fuzzy=1,searchType=SR)"
3047,35,4101,"(field=Album,query=,fuzzy=1,searchType=SR)"
3049,90,0,"(field=Album,query=再见你好吗,fuzzy=1,searchType=SR)"
3098,76,0,"(field=Album,query=那个傻瓜爱过你,fuzzy=1,searchType=SR)"
3075,52,0,"(field=Album,query=正妹,fuzzy=1,searchType=SR)"
3046,51,0,"(field=Album,query=男人Ktv,fuzzy=1,searchType=SR)"
3074,63,0,"(field=Album,query=整个八月,fuzzy=1,searchType=SR)"
3040,81,0,"(field=Album,query=和从前一样,fuzzy=1,searchType=SR)"
3044,111,0,"(field=Album,query=我是歌手 第九期,fuzzy=1,searchType=SR)"
3064,94,0,"(field=Album,query=和从前一样,fuzzy=1,searchType=SR)"
3093,56,0,"(field=Album,query=小美人,fuzzy=1,searchType=SR)"
3067,65,0,"(field=Album,query=最动听的...蔡琴,fuzzy=1,searchType=SR)"
3055,84,0,"(field=Album,query=南无观世音菩萨,fuzzy=1,searchType=SR)"
3051,69,0,"(field=Album,query=我可以,fuzzy=1,searchType=SR)"
3045,64,0,"(field=Album,query=浪漫情圣,fuzzy=1,searchType=SR)"
3041,81,0,"(field=Album,query=爱比不爱更寂寞,fuzzy=1,searchType=SR)"
3044,114,0,"(field=Album,query=在心里从此永远有个你,fuzzy=1,searchType=SR)"
3053,36,4101,"(field=Album,query=,fuzzy=1,searchType=SR)"
3045,65,0,"(field=Album,query=犯贱remix,fuzzy=1,searchType=SR)"
3043,78,0,"(field=Album,query=大雨,fuzzy=1,searchType=SR)"
3070,35,4101,"(field=Album,query=,fuzzy=1,searchType=SR)"
3069,35,4101,"(field=Album,query=,fuzzy=1,searchType=SR)"
3077,114,0,"(field=Album,query=罗大佑北京-香港演唱会,fuzzy=1,searchType=SR)"
3041,90,0,"(field=Album,query=天下无双,fuzzy=1,searchType=SR)"
3071,55,0,"(field=Album,query=你懂的,fuzzy=1,searchType=SR)"
3162,99,0,"(field=Album,query=超级精装大戏主题曲,fuzzy=1,searchType=SR)"
3044,100,0,"(field=Album,query=其实我们都寂寞,fuzzy=1,searchType=SR)"
3067,83,0,"(field=Album,query=钻石金选集,fuzzy=1,searchType=SR)"
3043,61,0,"(field=Album,query=醇经典,fuzzy=1,searchType=SR)"
3036,116,0,"(field=Album,query=我终于失去了你,fuzzy=1,searchType=SR)"
3057,125,0,"(field=Album,query=Vae新歌+精选珍藏合辑,fuzzy=1,searchType=SR)"
3058,95,0,"(field=Album,query=你身边的人曾经是我,fuzzy=1,searchType=SR)"
3071,35,4101,"(field=Album,query=,fuzzy=1,searchType=SR)"
3097,71,0,"(field=Album,query=深情流露2,fuzzy=1,searchType=SR)"
3039,121,0,"(field=Album,query=孤星.英雄泪 王杰时代精选(Disc 1),fuzzy=1,searchType=SR)"
3060,35,4101,"(field=Album,query=,fuzzy=1,searchType=SR)"
3043,158,0,"(field=Album,query=2014梦心动-浙江卫视中国好声音新年演唱会,fuzzy=1,searchType=SR)"
3056,276,0,"(field=Album,query=To Hebe,fuzzy=1,searchType=SR)"
3068,125,0,"(field=Album,query=释放,fuzzy=1,searchType=SR)"
3051,429,0,"(field=Album,query=???ú・3??ê2?′,fuzzy=1,searchType=SR)"
3071,92,0,"(field=Album,query=全能星战 第10期,fuzzy=1,searchType=SR)"
3049,103,0,"(field=Album,query=白骨精写给孙悟空的信,fuzzy=1,searchType=SR)"
3085,56,0,"(field=Album,query=逆光,fuzzy=1,searchType=SR)"
3076,145,0,"(field=Album,query=爱不爱,fuzzy=1,searchType=SR)"
3040,81,0,"(field=Album,query=燕尾蝶：下定爱的决心,fuzzy=1,searchType=SR)"
3042,68,0,"(field=Album,query=继续革命,fuzzy=1,searchType=SR)"
3037,87,0,"(field=Album,query=北京的冬天,fuzzy=1,searchType=SR)"
3097,59,0,"(field=Album,query=怒放的生命,fuzzy=1,searchType=SR)"
3064,118,0,"(field=Album,query=最新汽车升级版2 电音汽车达人,fuzzy=1,searchType=SR)"
3048,62,0,"(field=Album,query=爱情的尽头,fuzzy=1,searchType=SR)"
3079,58,0,"(field=Album,query=花心传说,fuzzy=1,searchType=SR)"
3112,35,4101,"(field=Album,query=,fuzzy=1,searchType=SR)"
3038,58,0,"(field=Album,query=头号男友,fuzzy=1,searchType=SR)"
3047,58,0,"(field=Album,query=女王驾到,fuzzy=1,searchType=SR)"
3062,35,4101,"(field=Album,query=,fuzzy=1,searchType=SR)"
3040,59,0,"(field=Album,query=欧若拉,fuzzy=1,searchType=SR)"
3055,34,4101,"(field=Album,query=,fuzzy=1,searchType=SR)"
3066,58,0,"(field=Album,query=谢容儿,fuzzy=1,searchType=SR)"
3052,82,0,"(field=Album,query=我是海雅谷慕,fuzzy=1,searchType=SR)"
3080,135,0,"(field=Album,query=Xposed,fuzzy=1,searchType=SR)"
3110,36,4101,"(field=Album,query=,fuzzy=1,searchType=SR)"
3055,65,0,"(field=Album,query=陪你走到底,fuzzy=1,searchType=SR)"
3070,618,0,"(field=Album,query=黏黏2,fuzzy=1,searchType=SR)"
3067,64,0,"(field=Album,query=重定义,fuzzy=1,searchType=SR)"
3072,79,0,"(field=Album,query=朋友圈 (专辑版),fuzzy=1,searchType=SR)"
3059,74,0,"(field=Album,query=披着羊皮的狼,fuzzy=1,searchType=SR)"
3040,35,4101,"(field=Album,query=,fuzzy=1,searchType=SR)"
3041,37,4101,"(field=Album,query=,fuzzy=1,searchType=SR)"
3099,74,0,"(field=Album,query=大雨,fuzzy=1,searchType=SR)"
3080,111,0,"(field=Album,query=快乐天堂 滚石30演唱会,fuzzy=1,searchType=SR)"
3066,84,0,"(field=Album,query=爱的进行式,fuzzy=1,searchType=SR)"
3094,68,0,"(field=Album,query=破晓以后,fuzzy=1,searchType=SR)"
3065,57,0,"(field=Album,query=蒲公英,fuzzy=1,searchType=SR)"
3042,49,0,"(field=Album,query=恰好,fuzzy=1,searchType=SR)"
3052,68,0,"(field=Album,query=七情六欲,fuzzy=1,searchType=SR)"
3649,91,0,"(field=Album,query=不如吃茶去,fuzzy=1,searchType=SR)"
3048,109,0,"(field=Album,query=周而复始 1987-2002 Cd2,fuzzy=1,searchType=SR)"
3095,68,0,"(field=Album,query=初.爱,fuzzy=1,searchType=SR)"
3068,89,0,"(field=Album,query=因为爱你,fuzzy=1,searchType=SR)"
3070,61,0,"(field=Album,query=看我72变,fuzzy=1,searchType=SR)"
3077,309,0,"(field=Album,query=Super Sunshine,fuzzy=1,searchType=SR)"
3091,34,4101,"(field=Album,query=,fuzzy=1,searchType=SR)"
3063,73,0,"(field=Album,query=恰似你的温柔,fuzzy=1,searchType=SR)"
3036,81,0,"(field=Album,query=回想曲 青青校树,fuzzy=1,searchType=SR)"
3041,55,0,"(field=Album,query=海阔天空,fuzzy=1,searchType=SR)"
3042,88,0,"(field=Album,query=Back To Priscilla 30th Anniversary Collections,fuzzy=1,searchType=SR)"
3074,75,0,"(field=Album,query=DJ小可 ⑥独孤求嗨,fuzzy=1,searchType=SR)"
3058,61,0,"(field=Album,query=千千阙歌,fuzzy=1,searchType=SR)"
3065,68,0,"(field=Album,query=回音Echo,fuzzy=1,searchType=SR)"
3071,78,0,"(field=Album,query=新好男人,fuzzy=1,searchType=SR)"
3050,70,0,"(field=Album,query=生如夏花,fuzzy=1,searchType=SR)"
3079,163,0,"(field=Album,query=青春,fuzzy=1,searchType=SR)"
3081,120,0,"(field=Album,query=中国好声音第二季 汪峰组四进一,fuzzy=1,searchType=SR)"
3079,69,0,"(field=Album,query=青春修炼手册,fuzzy=1,searchType=SR)"
3059,73,0,"(field=Album,query=青春再见,fuzzy=1,searchType=SR)"
3055,76,0,"(field=Album,query=蓝色土耳其,fuzzy=1,searchType=SR)"
3114,33,4101,"(field=Album,query=,fuzzy=1,searchType=SR)"
3049,35,4101,"(field=Album,query=,fuzzy=1,searchType=SR)"
3056,78,0,"(field=Album,query=水木年华新歌+精选,fuzzy=1,searchType=SR)"
3038,35,4101,"(field=Album,query=,fuzzy=1,searchType=SR)"
3049,301,0,"(field=Album,query=Never - Ending Song,fuzzy=1,searchType=SR)"
3079,35,4101,"(field=Album,query=,fuzzy=1,searchType=SR)"
3059,82,0,"(field=Album,query=佛心(唱经给你听4),fuzzy=1,searchType=SR)"
3046,76,0,"(field=Album,query=自定义,fuzzy=1,searchType=SR)"
3064,75,0,"(field=Album,query=Music混合体,fuzzy=1,searchType=SR)"
3061,63,0,"(field=Album,query=爱情麻将,fuzzy=1,searchType=SR)"
3088,83,0,"(field=Album,query=北京的冬天,fuzzy=1,searchType=SR)"
3086,261,0,"(field=Album,query=红,fuzzy=1,searchType=SR)"
3068,111,0,"(field=Album,query=环球巨星影音启示录Cd2,fuzzy=1,searchType=SR)"
3107,103,0,"(field=Album,query=张学友24K Gold金藏集 Cd1,fuzzy=1,searchType=SR)"
3157,56,0,"(field=Album,query=飞马(Set),fuzzy=1,searchType=SR)"
3048,97,0,"(field=Album,query=精选辑经典Ⅱ,fuzzy=1,searchType=SR)"
3031,71,0,"(field=Album,query=兄弟一条心,fuzzy=1,searchType=SR)"
3051,49,0,"(field=Album,query=吻别,fuzzy=1,searchType=SR)"
3060,92,0,"(field=Album,query=那时年少 原声大碟,fuzzy=1,searchType=SR)"
3043,34,4101,"(field=Album,query=,fuzzy=1,searchType=SR)"
3061,61,0,"(field=Album,query=受了点伤,fuzzy=1,searchType=SR)"
3036,72,0,"(field=Album,query=让我欢喜让我忧,fuzzy=1,searchType=SR)"
3068,77,0,"(field=Album,query=青春株式会社,fuzzy=1,searchType=SR)"
3053,84,0,"(field=Album,query=情歌继续唱,fuzzy=1,searchType=SR)"
3036,56,0,"(field=Album,query=怪侠欧阳德,fuzzy=1,searchType=SR)"
3047,159,0,"(field=Album,query=超级星光大道10强纪念合辑,fuzzy=1,searchType=SR)"
3074,49,0,"(field=Album,query=春.日光,fuzzy=1,searchType=SR)"
3070,101,0,"(field=Album,query=回首苏芮时代全经典 Cd2,fuzzy=1,searchType=SR)"
3050,63,0,"(field=Album,query=阿菲正传,fuzzy=1,searchType=SR)"
3075,113,0,"(field=Album,query=1987我不知会遇见你,fuzzy=1,searchType=SR)"
3064,35,4101,"(field=Album,query=,fuzzy=1,searchType=SR)"
3044,121,0,"(field=Album,query=Sweet Melody,fuzzy=1,searchType=SR)"
3073,116,0,"(field=Album,query=十光年,fuzzy=1,searchType=SR)"
3066,104,0,"(field=Album,query=如果你是我的传说,fuzzy=1,searchType=SR)"
3058,89,0,"(field=Album,query=因为爱你,fuzzy=1,searchType=SR)"
3055,60,0,"(field=Album,query=勇气,fuzzy=1,searchType=SR)"
3053,35,4101,"(field=Album,query=,fuzzy=1,searchType=SR)"
3025,69,0,"(field=Album,query=步步惊情 O.S.T,fuzzy=1,searchType=SR)"
3113,74,0,"(field=Album,query=入戏太深,fuzzy=1,searchType=SR)"
3064,91,0,"(field=Album,query=兰陵王 电视原声带,fuzzy=1,searchType=SR)"
3065,50,0,"(field=Album,query=赛尔号,fuzzy=1,searchType=SR)"
3063,62,0,"(field=Album,query=偏执面,fuzzy=1,searchType=SR)"
3048,89,0,"(field=Album,query=爱的自选,fuzzy=1,searchType=SR)"
3068,138,0,"(field=Album,query=西界,fuzzy=1,searchType=SR)"
3053,74,0,"(field=Album,query=好歌茹芸,fuzzy=1,searchType=SR)"
3061,76,0,"(field=Album,query=时间的歌,fuzzy=1,searchType=SR)"
3083,71,0,"(field=Album,query=生如夏花,fuzzy=1,searchType=SR)"
3053,167,0,"(field=Album,query=禁区,fuzzy=1,searchType=SR)"
3042,99,0,"(field=Album,query=那英全经典,fuzzy=1,searchType=SR)"
3097,77,0,"(field=Album,query=闪亮的日子,fuzzy=1,searchType=SR)"
3040,70,0,"(field=Album,query=微加幸福,fuzzy=1,searchType=SR)"
3052,84,0,"(field=Album,query=和从前一样,fuzzy=1,searchType=SR)"
3060,73,0,"(field=Album,query=心言手语,fuzzy=1,searchType=SR)"
3065,103,0,"(field=Album,query=小三系列新歌+精选,fuzzy=1,searchType=SR)"
3039,35,4101,"(field=Album,query=,fuzzy=1,searchType=SR)"
3045,86,0,"(field=Album,query=伤心的人别听慢歌,fuzzy=1,searchType=SR)"
3039,82,0,"(field=Album,query=伤心为礼物,fuzzy=1,searchType=SR)"
3072,64,0,"(field=Album,query=童话,fuzzy=1,searchType=SR)"
3134,104,0,"(field=Album,query=欢歌2006上海演唱会,fuzzy=1,searchType=SR)"
3064,70,0,"(field=Album,query=记住刘欢,fuzzy=1,searchType=SR)"
3047,35,4101,"(field=Album,query=,fuzzy=1,searchType=SR)"
3042,64,0,"(field=Album,query=最炫民族风,fuzzy=1,searchType=SR)"
3091,57,0,"(field=Album,query=娃娃精选,fuzzy=1,searchType=SR)"
3048,99,0,"(field=Album,query=特务迷城(电影原声音乐),fuzzy=1,searchType=SR)"
3059,64,0,"(field=Album,query=深夜地下铁,fuzzy=1,searchType=SR)"
3065,62,0,"(field=Album,query=生来彷徨,fuzzy=1,searchType=SR)"
3056,104,0,"(field=Album,query=月光边境,fuzzy=1,searchType=SR)"
3875,80,0,"(field=Album,query=生命像块石头,fuzzy=1,searchType=SR)"
2979,75,0,"(field=Album,query=校园青春乐,fuzzy=1,searchType=SR)"
3001,62,0,"(field=Album,query=生日礼物,fuzzy=1,searchType=SR)"
2983,390,0,"(field=Album,query=生生世世,fuzzy=1,searchType=SR)"
2976,128,0,"(field=Album,query=诺亚方舟 世界巡回演唱会 Live,fuzzy=1,searchType=SR)"
3002,81,0,"(field=Album,query=他&他 [好男真情歌],fuzzy=1,searchType=SR)"
3019,60,0,"(field=Album,query=第五大道,fuzzy=1,searchType=SR)"
2985,77,0,"(field=Album,query=失业情歌,fuzzy=1,searchType=SR)"
2978,35,4101,"(field=Album,query=,fuzzy=1,searchType=SR)"
2965,160,0,"(field=Album,query=理性与感性 作品音乐会,fuzzy=1,searchType=SR)"
2959,82,0,"(field=Album,query=最动听的...林志颖,fuzzy=1,searchType=SR)"
2987,93,0,"(field=Album,query=天下无双,fuzzy=1,searchType=SR)"
2977,35,4101,"(field=Album,query=,fuzzy=1,searchType=SR)"
2984,67,0,"(field=Album,query=红色经典,fuzzy=1,searchType=SR)"
3016,65,0,"(field=Album,query=源媛流长,fuzzy=1,searchType=SR)"
2975,136,0,"(field=Album,query=2014年央视元宵晚会,fuzzy=1,searchType=SR)"
2971,77,0,"(field=Album,query=国色天香 总决赛,fuzzy=1,searchType=SR)"
3004,86,0,"(field=Album,query=时间煮雨,fuzzy=1,searchType=SR)"
2962,132,0,"(field=Album,query=2014湖南卫视跨年演唱会,fuzzy=1,searchType=SR)"
3004,58,0,"(field=Album,query=潜流,fuzzy=1,searchType=SR)"
2968,57,0,"(field=Album,query=The Legend Of Pop Queen Part I,fuzzy=1,searchType=SR)"
2985,109,0,"(field=Album,query=环球巨星影音启示录 - 张国荣,fuzzy=1,searchType=SR)"
2968,54,0,"(field=Album,query=哲学家,fuzzy=1,searchType=SR)"
2977,112,0,"(field=Album,query=是否我真的一无所有,fuzzy=1,searchType=SR)"
2996,52,0,"(field=Album,query=刀郎 Ⅲ,fuzzy=1,searchType=SR)"
2979,92,0,"(field=Album,query=因为爱你,fuzzy=1,searchType=SR)"
2998,63,0,"(field=Album,query=受了点伤,fuzzy=1,searchType=SR)"
2969,81,0,"(field=Album,query=总决赛 直通春晚,fuzzy=1,searchType=SR)"
2990,59,0,"(field=Album,query=红星闪闪,fuzzy=1,searchType=SR)"
3005,83,0,"(field=Album,query=荷里活的动物园,fuzzy=1,searchType=SR)"
2984,70,0,"(field=Album,query=中国美,fuzzy=1,searchType=SR)"
3021,85,0,"(field=Album,query=最好的时代,fuzzy=1,searchType=SR)"
2979,61,0,"(field=Album,query=浪漫情圣,fuzzy=1,searchType=SR)"
2985,37,4101,"(field=Album,query=,fuzzy=1,searchType=SR)"
3004,82,0,"(field=Album,query=秋:故事,fuzzy=1,searchType=SR)"
2980,37,4101,"(field=Album,query=,fuzzy=1,searchType=SR)"
2969,87,0,"(field=Album,query=2013新年“星”主打,fuzzy=1,searchType=SR)"
2969,67,0,"(field=Album,query=K歌情人派对,fuzzy=1,searchType=SR)"
2975,86,0,"(field=Album,query=思念是一种病,fuzzy=1,searchType=SR)"
2972,82,0,"(field=Album,query=为爱走天涯,fuzzy=1,searchType=SR)"
2973,102,0,"(field=Album,query=伴你二十年8-影视专辑,fuzzy=1,searchType=SR)"
2982,53,0,"(field=Album,query=算你狠,fuzzy=1,searchType=SR)"
2961,107,0,"(field=Album,query=2002香港演唱会,fuzzy=1,searchType=SR)"
3012,61,0,"(field=Album,query=他不爱我,fuzzy=1,searchType=SR)"
2976,83,0,"(field=Album,query=爱，不解释,fuzzy=1,searchType=SR)"
2985,39,4101,"(field=Album,query=,fuzzy=1,searchType=SR)"
2967,54,0,"(field=Album,query=夏/狂热,fuzzy=1,searchType=SR)"
2973,122,0,"(field=Album,query=是否我真的一无所有,fuzzy=1,searchType=SR)"
2967,128,0,"(field=Album,query=黑与白 (新歌+精选 1985-2004)Cd1,fuzzy=1,searchType=SR)"
2995,36,4101,"(field=Album,query=,fuzzy=1,searchType=SR)"
2965,67,0,"(field=Album,query=谈何容易,fuzzy=1,searchType=SR)"
2982,67,0,"(field=Album,query=叹情缘,fuzzy=1,searchType=SR)"
2967,36,4101,"(field=Album,query=,fuzzy=1,searchType=SR)"
2976,83,0,"(field=Album,query=精选王:射雕英雄传,fuzzy=1,searchType=SR)"
2972,74,0,"(field=Album,query=好歌茹芸,fuzzy=1,searchType=SR)"
2975,59,0,"(field=Album,query=凤凰飞,fuzzy=1,searchType=SR)"
2965,52,0,"(field=Album,query=特务J,fuzzy=1,searchType=SR)"
2976,139,0,"(field=Album,query=同名专辑,fuzzy=1,searchType=SR)"
3066,70,0,"(field=Album,query=阿尔斯楞的眼睛,fuzzy=1,searchType=SR)"
2991,77,0,"(field=Album,query=新贵妃醉酒,fuzzy=1,searchType=SR)"
2979,36,4101,"(field=Album,query=,fuzzy=1,searchType=SR)"
2974,104,0,"(field=Album,query=J-Game,fuzzy=1,searchType=SR)"
2990,74,0,"(field=Album,query=我从草原来,fuzzy=1,searchType=SR)"
2993,131,0,"(field=Album,query=醒了,fuzzy=1,searchType=SR)"
2972,52,0,"(field=Album,query=感动,fuzzy=1,searchType=SR)"
2994,85,0,"(field=Album,query=克卜勒,fuzzy=1,searchType=SR)"
2999,67,0,"(field=Album,query=天使在欧洲,fuzzy=1,searchType=SR)"
2974,80,0,"(field=Album,query=天使之翼,fuzzy=1,searchType=SR)"
2982,36,4101,"(field=Album,query=,fuzzy=1,searchType=SR)"
2971,41,4101,"(field=Album,query=,fuzzy=1,searchType=SR)"
2972,127,0,"(field=Album,query=神雕侠侣 电视主题曲原声大戏,fuzzy=1,searchType=SR)"
2964,145,0,"(field=Album,query=滚石香港黄金十年 齐豫精选,fuzzy=1,searchType=SR)"
2976,140,0,"(field=Album,query=2014年中央电视台春节联欢晚会,fuzzy=1,searchType=SR)"
2991,35,4101,"(field=Album,query=,fuzzy=1,searchType=SR)"
2976,59,0,"(field=Album,query=听说？,fuzzy=1,searchType=SR)"
2979,97,0,"(field=Album,query=活出生命Live演唱会,fuzzy=1,searchType=SR)"
2980,35,4101,"(field=Album,query=,fuzzy=1,searchType=SR)"
2960,85,0,"(field=Album,query=微加幸福,fuzzy=1,searchType=SR)"
2984,62,0,"(field=Album,query=Star! Start! 星,fuzzy=1,searchType=SR)"
2978,145,0,"(field=Album,query=唯舞独尊 演唱会鲜听版&混音,fuzzy=1,searchType=SR)"
2976,133,0,"(field=Album,query=在一起,fuzzy=1,searchType=SR)"
3062,35,4101,"(field=Album,query=,fuzzy=1,searchType=SR)"
2969,112,0,"(field=Album,query=罗大佑北京-香港演唱会,fuzzy=1,searchType=SR)"
2993,140,0,"(field=Album,query=滚石年度最卖座主打歌全纪录 新好男人3,fuzzy=1,searchType=SR)"
2982,186,0,"(field=Album,query=回蔚,fuzzy=1,searchType=SR)"
2978,34,4101,"(field=Album,query=,fuzzy=1,searchType=SR)"
2964,94,0,"(field=Album,query=一人一首成名曲 大陆版 CD3,fuzzy=1,searchType=SR)"
2992,62,0,"(field=Album,query=生命狂想曲,fuzzy=1,searchType=SR)"
3025,104,0,"(field=Album,query=1015 新歌+精选,fuzzy=1,searchType=SR)"
2966,69,0,"(field=Album,query=月光边境,fuzzy=1,searchType=SR)"
2987,84,0,"(field=Album,query=王妃,fuzzy=1,searchType=SR)"
2972,130,0,"(field=Album,query=同名专辑,fuzzy=1,searchType=SR)"
3045,139,0,"(field=Album,query=刘家昌之歌2-往事只能回味,fuzzy=1,searchType=SR)"
2960,37,4101,"(field=Album,query=,fuzzy=1,searchType=SR)"
2985,76,0,"(field=Album,query=想幸福的人,fuzzy=1,searchType=SR)"
2977,74,0,"(field=Album,query=微笑以后,fuzzy=1,searchType=SR)"
2965,103,0,"(field=Album,query=单身日志Live演唱会,fuzzy=1,searchType=SR)"
2974,89,0,"(field=Album,query=中国好声音第4期,fuzzy=1,searchType=SR)"
2969,84,0,"(field=Album,query=为了这一天,fuzzy=1,searchType=SR)"
2963,63,0,"(field=Album,query=为你而来,fuzzy=1,searchType=SR)"
2980,35,4101,"(field=Album,query=,fuzzy=1,searchType=SR)"
2980,35,4101,"(field=Album,query=,fuzzy=1,searchType=SR)"
2958,107,0,"(field=Album,query=金钟奖中国音超 第9期,fuzzy=1,searchType=SR)"
2965,81,0,"(field=Album,query=全能星战 第12期,fuzzy=1,searchType=SR)"
2986,35,4101,"(field=Album,query=,fuzzy=1,searchType=SR)"
2956,233,0,"(field=Album,query=唯一,fuzzy=1,searchType=SR)"
2984,67,0,"(field=Album,query=忘不了你,fuzzy=1,searchType=SR)"
2985,35,4101,"(field=Album,query=,fuzzy=1,searchType=SR)"
2975,103,0,"(field=Album,query=稳稳的幸福 小柯新作集,fuzzy=1,searchType=SR)"
2966,55,0,"(field=Album,query=问道情,fuzzy=1,searchType=SR)"
2973,124,0,"(field=Album,query=华星武侠金曲集第一辑,fuzzy=1,searchType=SR)"
2958,71,0,"(field=Album,query=好歌茹芸,fuzzy=1,searchType=SR)"
3004,80,0,"(field=Album,query=真爱无敌,fuzzy=1,searchType=SR)"
2973,309,0,"(field=Album,query=我,fuzzy=1,searchType=SR)"
3040,151,0,"(field=Album,query=超级星光大道10强纪念合辑,fuzzy=1,searchType=SR)"
2985,90,0,"(field=Album,query=移动城堡演唱会,fuzzy=1,searchType=SR)"
2967,77,0,"(field=Album,query=老婆最大,fuzzy=1,searchType=SR)"
2990,62,0,"(field=Album,query=去走走,fuzzy=1,searchType=SR)"
2969,96,0,"(field=Album,query=小先生,fuzzy=1,searchType=SR)"
2965,129,0,"(field=Album,query=同名专辑,fuzzy=1,searchType=SR)"
2977,76,0,"(field=Album,query=我从草原来,fuzzy=1,searchType=SR)"
2990,140,0,"(field=Album,query=老男孩之猛龙过江 电影原声,fuzzy=1,searchType=SR)"
2963,101,0,"(field=Album,query=我的歌声里,fuzzy=1,searchType=SR)"
3068,98,0,"(field=Album,query=我的歌声里,fuzzy=1,searchType=SR)"
2977,97,0,"(field=Album,query=我的歌声里,fuzzy=1,searchType=SR)"
3001,90,0,"(field=Album,query=天下无双,fuzzy=1,searchType=SR)"
2974,115,0,"(field=Album,query=狮子吼之舞魂再现 冠军ENCORE版,fuzzy=1,searchType=SR)"
2993,67,0,"(field=Album,query=Music混合体,fuzzy=1,searchType=SR)"
2970,265,0,"(field=Album,query=红,fuzzy=1,searchType=SR)"
2997,153,0,"(field=Album,query=Over The Rainbow,fuzzy=1,searchType=SR)"
3040,72,0,"(field=Album,query=我等你,fuzzy=1,searchType=SR)"
2979,70,0,"(field=Album,query=大张旗鼓,fuzzy=1,searchType=SR)"
2988,72,0,"(field=Album,query=恋恋不忘 O.S.T,fuzzy=1,searchType=SR)"
2964,61,0,"(field=Album,query=JJ陆,fuzzy=1,searchType=SR)"
3005,87,0,"(field=Album,query=陪你一起看草原,fuzzy=1,searchType=SR)"
2968,83,0,"(field=Album,query=我很丑，可是我很温柔,fuzzy=1,searchType=SR)"
2998,69,0,"(field=Album,query=草原的风,fuzzy=1,searchType=SR)"
2962,58,0,"(field=Album,query=我恨我痴心,fuzzy=1,searchType=SR)"
3841,100,0,"(field=Album,query=爱的时刻自选辑,fuzzy=1,searchType=SR)"
2976,55,0,"(field=Album,query=逆光,fuzzy=1,searchType=SR)"
2988,83,0,"(field=Album,query=我是海雅谷慕,fuzzy=1,searchType=SR)"
3009,273,0,"(field=Album,query=The Song,fuzzy=1,searchType=SR)"
3025,79,0,"(field=Album,query=北纬66度,fuzzy=1,searchType=SR)"
2980,131,0,"(field=Album,query=我没你想的那么坚强,fuzzy=1,searchType=SR)"
2995,101,0,"(field=Album,query=妈妈花样年华 电视原声带,fuzzy=1,searchType=SR)"
2979,81,0,"(field=Album,query=改变自己,fuzzy=1,searchType=SR)"
2958,70,0,"(field=Album,query=大声唱,fuzzy=1,searchType=SR)"
2981,87,0,"(field=Album,query=回忆里的疯狂,fuzzy=1,searchType=SR)"
2967,54,0,"(field=Album,query=我们都傻,fuzzy=1,searchType=SR)"
2969,37,4101,"(field=Album,query=,fuzzy=1,searchType=SR)"
2983,94,0,"(field=Album,query=我的模样 演唱会,fuzzy=1,searchType=SR)"
2959,64,0,"(field=Album,query=夜太黑,fuzzy=1,searchType=SR)"
2969,63,0,"(field=Album,query=卡拉Ok.台北.我,fuzzy=1,searchType=SR)"
2971,140,0,"(field=Album,query=Beyond The Ultimate Story,fuzzy=1,searchType=SR)"
2983,102,0,"(field=Album,query=在心里从此永远有个你,fuzzy=1,searchType=SR)"
2993,98,0,"(field=Album,query=我是一只小小鸟,fuzzy=1,searchType=SR)"
2968,110,0,"(field=Album,query=张信哲精选,fuzzy=1,searchType=SR)"
2987,65,0,"(field=Album,query=爱与梦,fuzzy=1,searchType=SR)"
2968,35,4101,"(field=Album,query=,fuzzy=1,searchType=SR)"
2983,103,0,"(field=Album,query=我相信 (勇敢爱国际特别版),fuzzy=1,searchType=SR)"
2972,112,0,"(field=Album,query=一见不钟情 电视剧原声,fuzzy=1,searchType=SR)"
2997,38,4101,"(field=Album,query=,fuzzy=1,searchType=SR)"
2963,86,0,"(field=Album,query=声动亚洲第二十期,fuzzy=1,searchType=SR)"
2974,104,0,"(field=Album,query=凤凰卫视郭德纲相,fuzzy=1,searchType=SR)"
2970,117,0,"(field=Album,query=我是歌手 总决赛,fuzzy=1,searchType=SR)"
3000,83,0,"(field=Album,query=我很丑，可是我很温柔,fuzzy=1,searchType=SR)"
2978,35,4101,"(field=Album,query=,fuzzy=1,searchType=SR)"
2969,77,0,"(field=Album,query=我在草原等你来,fuzzy=1,searchType=SR)"
2947,311,0,"(field=Album,query=A Little Love,fuzzy=1,searchType=SR)"
3047,72,0,"(field=Album,query=入戏太深,fuzzy=1,searchType=SR)"
2974,140,0,"(field=Album,query=李克勤 No.1 Hits (首批限量纪念礼品袋精装版),fuzzy=1,searchType=SR)"
2986,35,4101,"(field=Album,query=,fuzzy=1,searchType=SR)"
2967,110,0,"(field=Album,query=纯真年代1999～2001全纪录,fuzzy=1,searchType=SR)"
3036,119,0,"(field=Album,query=我终于失去了你,fuzzy=1,searchType=SR)"
2974,65,0,"(field=Album,query=你在看我吗,fuzzy=1,searchType=SR)"
2991,59,0,"(field=Album,query=光芒,fuzzy=1,searchType=SR)"
2999,74,0,"(field=Album,query=陌生人,fuzzy=1,searchType=SR)"
2996,70,0,"(field=Album,query=蓝色妖姬,fuzzy=1,searchType=SR)"
2968,70,0,"(field=Album,query=回音Echo,fuzzy=1,searchType=SR)"
3028,86,0,"(field=Album,query=无情,fuzzy=1,searchType=SR)"
2983,65,0,"(field=Album,query=无所谓,fuzzy=1,searchType=SR)"
2993,35,4101,"(field=Album,query=,fuzzy=1,searchType=SR)"
2970,66,0,"(field=Album,query=网络新神曲,fuzzy=1,searchType=SR)"
3012,66,0,"(field=Album,query=五环之歌,fuzzy=1,searchType=SR)"
2968,63,0,"(field=Album,query=雷射金曲(二),fuzzy=1,searchType=SR)"
2990,82,0,"(field=Album,query=一个小微笑,fuzzy=1,searchType=SR)"
2991,59,0,"(field=Album,query=勿忘你,fuzzy=1,searchType=SR)"
2996,94,0,"(field=Album,query=一天到晚游泳的鱼,fuzzy=1,searchType=SR)"
2977,169,0,"(field=Album,query=One Chance 张杰新歌+精选/2011 这就是爱 成都演唱会,fuzzy=1,searchType=SR)"
2999,35,4101,"(field=Album,query=,fuzzy=1,searchType=SR)"
2975,76,0,"(field=Album,query=07新歌在线,fuzzy=1,searchType=SR)"
3010,76,0,"(field=Album,query=喜欢寂寞,fuzzy=1,searchType=SR)"
2972,79,0,"(field=Album,query=最动听的...林志颖,fuzzy=1,searchType=SR)"
3010,86,0,"(field=Album,query=25周年精华集,fuzzy=1,searchType=SR)"
2982,61,0,"(field=Album,query=落红泪,fuzzy=1,searchType=SR)"
2984,67,0,"(field=Album,query=李宇春,fuzzy=1,searchType=SR)"
2978,113,0,"(field=Album,query=一见不钟情 电视剧原声,fuzzy=1,searchType=SR)"
3005,75,0,"(field=Album,query=我... 真的受伤了 Cd1,fuzzy=1,searchType=SR)"
3012,76,0,"(field=Album,query=爱像一首歌,fuzzy=1,searchType=SR)"
2986,76,0,"(field=Album,query=最近还好么,fuzzy=1,searchType=SR)"
2984,65,0,"(field=Album,query=鼓舞辉阳,fuzzy=1,searchType=SR)"
3057,96,0,"(field=Album,query=爱的世界只有你,fuzzy=1,searchType=SR)"
2968,72,0,"(field=Album,query=星月神话,fuzzy=1,searchType=SR)"
2979,64,0,"(field=Album,query=泓艳传书,fuzzy=1,searchType=SR)"
2965,121,0,"(field=Album,query=成龙-北京2008年奥运会歌曲专辑,fuzzy=1,searchType=SR)"
2982,89,0,"(field=Album,query=世纪预言,fuzzy=1,searchType=SR)"
2981,87,0,"(field=Album,query=北京的冬天,fuzzy=1,searchType=SR)"
2984,70,0,"(field=Album,query=想唱就唱,fuzzy=1,searchType=SR)"
3023,62,0,"(field=Album,query=遇江南,fuzzy=1,searchType=SR)"
3065,104,0,"(field=Album,query=想亲亲想在心眼眼上,fuzzy=1,searchType=SR)"
2977,71,0,"(field=Album,query=想幸福的人,fuzzy=1,searchType=SR)"
2991,71,0,"(field=Album,query=醉相思,fuzzy=1,searchType=SR)"
2978,116,0,"(field=Album,query=十光年,fuzzy=1,searchType=SR)"
2984,81,0,"(field=Album,query=怒放之青春再见,fuzzy=1,searchType=SR)"
2993,84,0,"(field=Album,query=潇潇雨未歇,fuzzy=1,searchType=SR)"
2978,276,0,"(field=Album,query=Gioupies,fuzzy=1,searchType=SR)"
2993,70,0,"(field=Album,query=我去年买了个表,fuzzy=1,searchType=SR)"
2972,85,0,"(field=Album,query=小妹妹就爱哥哥坏,fuzzy=1,searchType=SR)"
2984,35,4101,"(field=Album,query=,fuzzy=1,searchType=SR)"
2978,52,0,"(field=Album,query=蓝短裤,fuzzy=1,searchType=SR)"
3001,35,4101,"(field=Album,query=,fuzzy=1,searchType=SR)"
2960,128,0,"(field=Album,query=老男孩之猛龙过江 电影原声,fuzzy=1,searchType=SR)"
2991,107,0,"(field=Album,query=小三系列新歌+精选,fuzzy=1,searchType=SR)"
2983,90,0,"(field=Album,query=曾经的歌系列 36,fuzzy=1,searchType=SR)"
2966,41,4101,"(field=Album,query=,fuzzy=1,searchType=SR)"
2992,86,0,"(field=Album,query=情调私语,fuzzy=1,searchType=SR)"
2995,82,0,"(field=Album,query=Graceland+ 恩赐之地+,fuzzy=1,searchType=SR)"
2987,303,0,"(field=Album,query=Ok,fuzzy=1,searchType=SR)"
3000,66,0,"(field=Album,query=小宇宙,fuzzy=1,searchType=SR)"
3014,262,0,"(field=Album,query=I M Ok,fuzzy=1,searchType=SR)"
2983,91,0,"(field=Album,query=国色天香 第4期,fuzzy=1,searchType=SR)"
2962,61,0,"(field=Album,query=封面女郎,fuzzy=1,searchType=SR)"
3001,141,0,"(field=Album,query=寓言,fuzzy=1,searchType=SR)"
2995,79,0,"(field=Album,query=醉暖情声・爱与真,fuzzy=1,searchType=SR)"
2988,59,0,"(field=Album,query=邂逅,fuzzy=1,searchType=SR)"
2989,38,4101,"(field=Album,query=,fuzzy=1,searchType=SR)"
2976,65,0,"(field=Album,query=梦里共醉,fuzzy=1,searchType=SR)"
3035,69,0,"(field=Album,query=走过1999,fuzzy=1,searchType=SR)"
2994,132,0,"(field=Album,query=神游世界巡演唱会台北旗舰场,fuzzy=1,searchType=SR)"
2974,105,0,"(field=Album,query=忘记你不如忘记自己,fuzzy=1,searchType=SR)"
2980,92,0,"(field=Album,query=牵手,fuzzy=1,searchType=SR)"
2994,60,0,"(field=Album,query=火热的心,fuzzy=1,searchType=SR)"
2980,72,0,"(field=Album,query=新贵妃醉酒,fuzzy=1,searchType=SR)"
2999,81,0,"(field=Album,query=热门单曲-新年快乐,fuzzy=1,searchType=SR)"
3035,81,0,"(field=Album,query=大摇大摆迎春来,fuzzy=1,searchType=SR)"
2984,95,0,"(field=Album,query=小先生,fuzzy=1,searchType=SR)"
