Â¼Òô,ÒµÎñ,Â¼Òô,±ê×¢
1,wether,english/dzdm/X5/X5-19-DZ/M018/M018_051.wav,is there rain in tianjin on women's day
2,traffic,english/dzdm/X5/X5-12-DZ/F014/F014_020.wav,suzhou north alley's traffic
3,help,english/dzdm/X5/X5-12-DZ/F014/F014_030.wav,can you show me how to use the agenda
4,meida,english/dzdm/X5/X5-11-DZ/F012/F012_098.wav,listen to usb
5,map,english/dzdm/X5/X5-18-DZ/M016/M016_206.wav,i want to get some coffee near china electronics technology group corporation number three institute
6,wether,english/dzdm/X5/X5-18-DZ/M015/M015_053.wav,what s the low temperature in shanghai
7,radio,english/dzdm/X5/X5-19-DZ/M018/M018_071.wav,change the radio to fm nine two point four
8,map,english/dzdm/X5/X5-11-DZ/F012/F012_204.wav,the nearest shenzhen
9,meida,english/dzdm/X5/X5-14-DZ/F017/F017_104.wav,open the energy drink in usb
10,wether,english/dzdm/X5/X5-15-DZ/F019/F019_061.wav,what s the weather like in shanghai on labor day
11,meida,english/dzdm/X5/X5-20-DZ/M019/M019_100.wav,play ready for love
12,telephone,english/dzdm/X5/X5-14-DZ/F017/F017_130.wav,call pratim tusk's private number
13,map,english/dzdm/X5/X5-12-DZ/F014/F014_196.wav,i want to go to the intersection between middle street second alley and third middle alley
14,wether,english/dzdm/X5/X5-13-DZ/F015/F015_052.wav,what s the low temperature in peking
15,map,english/dzdm/X5/X5-11-DZ/F011/F011_181.wav,take me to peking university southwest gate
16,telephone,english/dzdm/X5/X5-13-DZ/F015/F015_124.wav,ah could you please call drake
17,telephone,english/dzdm/X5/X5-15-DZ/F020/F020_147.wav,christian george
18,meida,english/dzdm/X5/X5-16-DZ/M012/M012_102.wav,play the ipod
19,meida,english/dzdm/X5/X5-16-DZ/M012/M012_096.wav,i want to hear bt audio
20,map,english/dzdm/X5/X5-12-DZ/F014/F014_179.wav,i want to go to the intersection between seventh branch road and nanjing road
21,map,english/dzdm/X5/X5-15-DZ/F020/F020_198.wav,the nearest cinema
22,news,english/dzdm/X5/X5-17-DZ/M013/M013_010.wav,i want to view some politics news
23,help,english/dzdm/X5/X5-11-DZ/F011/F011_029.wav,how to use the traffic
24,telephone,english/dzdm/X5/X5-19-DZ/M017/M017_116.wav,call manoj ananta's number starting with one eight nine
25,meida,english/dzdm/X5/X5-16-DZ/M012/M012_104.wav,play god is a girl in usb
26,map,english/dzdm/X5/X5-16-DZ/M011/M011_159.wav,open gps
27,map,english/dzdm/X5/X5-20-DZ/M020/M020_174.wav,any ktv nearby
28,map,english/dzdm/X5/X5-12-DZ/F013/F013_157.wav,where is the closest nanjing university parking lot entrance and exit
29,telephone,english/dzdm/X5/X5-14-DZ/F018/F018_140.wav,dial alexander david's number
30,map,english/dzdm/X5/X5-19-DZ/M017/M017_208.wav,help me navigate to china women's university
31,map,english/dzdm/X5/X5-16-DZ/M012/M012_168.wav,i want to get to tom sweet
32,map,english/dzdm/X5/X5-16-DZ/M012/M012_193.wav,i want to drive to beijing feed stuff monitor house
33,traffic,english/dzdm/X5/X5-11-DZ/F011/F011_018.wav,how is the traffic in current position
34,telephone,english/dzdm/X5/X5-20-DZ/M020/M020_145.wav,i wanna call luis lewis right now
35,scheduled_destination,english/dzdm/X5/X5-11-DZ/F012/F012_004.wav,i need to check schedule this week
36,map,english/dzdm/X5/X5-11-DZ/F012/F012_210.wav,go to the nearest shenyang
37,,english/dzdm/X5/X5-15-DZ/F020/F020_138.wav,ah could you please call nathan harris
38,radio,english/dzdm/X5/X5-20-DZ/M020/M020_080.wav,track up
39,meida,english/dzdm/X5/X5-18-DZ/M016/M016_097.wav,play the song by chris medina in usb
40,meida,english/dzdm/X5/X5-17-DZ/M013/M013_091.wav,i want to listen to trouble maker in usb
41,map,english/dzdm/X5/X5-16-DZ/M011/M011_148.wav,navigation
42,radio,english/dzdm/X5/X5-17-DZ/M014/M014_068.wav,i wanna to hear am nine hundred and eighty one
43,wether,english/dzdm/X5/X5-12-DZ/F014/F014_044.wav,check nanjing's weather
44,traffic,english/dzdm/X5/X5-11-DZ/F011/F011_020.wav,is there a traffic jam on first middle road
45,telephone,english/dzdm/X5/X5-12-DZ/F013/F013_130.wav,i want to call wendy
46,map,english/dzdm/X5/X5-15-DZ/F020/F020_159.wav,the nearest amusement park
47,cmd,english/dzdm/X5/X5-13-DZ/F016/F016_039.wav,dial the first number
48,map,english/dzdm/X5/X5-18-DZ/M016/M016_147.wav,where is the nearest book store
49,map,english/dzdm/X5/X5-15-DZ/F020/F020_161.wav,where is the car rental
50,telephone,english/dzdm/X5/X5-15-DZ/F019/F019_114.wav,ring ashley shelley
51,telephone,english/dzdm/X5/X5-20-DZ/M019/M019_135.wav,make a call to uncle
52,wether,english/dzdm/X5/X5-20-DZ/M019/M019_045.wav,what s the weather like in wuhan on monday
53,scheduled_destination,english/dzdm/X5/X5-18-DZ/M016/M016_005.wav,i need to check my agenda on may fourteenth
54,telephone,english/dzdm/X5/X5-15-DZ/F020/F020_118.wav,help me to make a call to posey
55,wether,english/dzdm/X5/X5-15-DZ/F020/F020_062.wav,is it hot today
56,news,english/dzdm/X5/X5-13-DZ/F015/F015_009.wav,i want to read some news about comprehensive news
57,cmd,english/dzdm/X5/X5-19-DZ/M018/M018_035.wav,first
58,help,english/dzdm/X5/X5-18-DZ/M015/M015_031.wav,could you tell me how to use the voice
59,map,english/dzdm/X5/X5-19-DZ/M017/M017_153.wav,i want to get some food near seven star
60,wether,english/dzdm/X5/X5-16-DZ/M012/M012_059.wav,what s the weather like in the next two four hours
61,map,english/dzdm/X5/X5-17-DZ/M013/M013_145.wav,navigate to the nearest people's square southwest gate
62,map,english/dzdm/X5/X5-14-DZ/F018/F018_152.wav,i want to get to chengdu
63,map,english/dzdm/X5/X5-18-DZ/M015/M015_149.wav,i want to drive to the intersection between shanghai road and tianjin avenue
64,map,english/dzdm/X5/X5-12-DZ/F014/F014_175.wav,navigate to the intersection of beijing middle road first alley and middle street second alley
65,map,english/dzdm/X5/X5-19-DZ/M017/M017_167.wav,show me the amazon near home
66,wether,english/dzdm/X5/X5-19-DZ/M018/M018_054.wav,is there rain in wuhan on october seventh
67,radio,english/dzdm/X5/X5-17-DZ/M013/M013_073.wav,i would like to hear fm ninety point five
68,telephone,english/dzdm/X5/X5-18-DZ/M015/M015_143.wav,musk
69,meida,english/dzdm/X5/X5-20-DZ/M020/M020_095.wav,play backstreet boys's the essential backstreet boys
70,radio,english/dzdm/X5/X5-20-DZ/M020/M020_082.wav,change the fm
71,meida,english/dzdm/X5/X5-19-DZ/M018/M018_084.wav,open the ghost stories in usb
72,telephone,english/dzdm/X5/X5-12-DZ/F013/F013_118.wav,make a phone call to sam
73,telephone,english/dzdm/X5/X5-16-DZ/M012/M012_120.wav,ring ice
74,meida,english/dzdm/X5/X5-20-DZ/M019/M019_094.wav,play album never been better
75,map,english/dzdm/X5/X5-14-DZ/F018/F018_177.wav,i want to drive to newsstand
76,scheduled_destination,english/dzdm/X5/X5-14-DZ/F017/F017_006.wav,i need to check schedule on spring festival
77,map,english/dzdm/X5/X5-18-DZ/M015/M015_152.wav,i want to drive to the intersection of shenzhen west road and chengdu avenue
78,map,english/dzdm/X5/X5-12-DZ/F013/F013_195.wav,destination is west ring road north four
79,meida,english/dzdm/X5/X5-14-DZ/F018/F018_101.wav,i want to hear madonna's album celebration in usb
80,meida,english/dzdm/X5/X5-16-DZ/M012/M012_092.wav,switch to usb
81,map,english/dzdm/X5/X5-18-DZ/M015/M015_202.wav,i want to go to company
82,telephone,english/dzdm/X5/X5-20-DZ/M020/M020_129.wav,could you call william
83,map,english/dzdm/X5/X5-12-DZ/F013/F013_176.wav,drive me to west ring road south ten
84,wether,english/dzdm/X5/X5-17-DZ/M013/M013_062.wav,check shenyang's weather
85,meida,english/dzdm/X5/X5-14-DZ/F018/F018_085.wav,open the absolute music six nine
86,help,english/dzdm/X5/X5-13-DZ/F015/F015_029.wav,could you tell me how to use the traffic
87,help,english/dzdm/X5/X5-15-DZ/F020/F020_036.wav,media help
88,map,english/dzdm/X5/X5-14-DZ/F018/F018_196.wav,go to the nearest beijing
89,radio,english/dzdm/X5/X5-11-DZ/F011/F011_066.wav,launch fm
90,map,english/dzdm/X5/X5-19-DZ/M018/M018_178.wav,i want to drive to tom sweet
91,traffic,english/dzdm/X5/X5-16-DZ/M011/M011_015.wav,on the way to destination is there a traffic jam
92,wether,english/dzdm/X5/X5-11-DZ/F012/F012_057.wav,how should i dress on march eighteenth
93,telephone,english/dzdm/X5/X5-13-DZ/F016/F016_111.wav,please dial the number o five one two six seven seven o six six eight eight
94,map,english/dzdm/X5/X5-14-DZ/F018/F018_192.wav,the nearest great wall lenovo computer
95,radio,english/dzdm/X5/X5-15-DZ/F020/F020_069.wav,fm one hundred and seven point two
96,meida,english/dzdm/X5/X5-13-DZ/F015/F015_087.wav,play avril lavigne's song
97,map,english/dzdm/X5/X5-12-DZ/F014/F014_155.wav,navigate to the crossroad of number one road and chongqing south street
98,telephone,english/dzdm/X5/X5-15-DZ/F020/F020_119.wav,can you call abigail warren for me
99,traffic,english/dzdm/X5/X5-12-DZ/F013/F013_017.wav,first middle road's traffic
100,traffic,english/dzdm/X5/X5-20-DZ/M020/M020_024.wav,how is the traffic at the intersection of shenzhen street and shenzhen street
101,meida,english/dzdm/X5/X5-19-DZ/M018/M018_090.wav,i want to hear the album fiction and fact in usb
102,news,english/dzdm/X5/X5-12-DZ/F013/F013_012.wav,i want to view some technology news
103,telephone,english/dzdm/X5/X5-13-DZ/F016/F016_130.wav,please dial the number four o o eight two o eight three eight eight
104,map,english/dzdm/X5/X5-11-DZ/F012/F012_166.wav,i want to get to newsstand
105,meida,english/dzdm/X5/X5-11-DZ/F011/F011_088.wav,help me open usb audio source please
106,map,english/dzdm/X5/X5-15-DZ/F019/F019_158.wav,the nearest public facilities
107,map,english/dzdm/X5/X5-12-DZ/F014/F014_153.wav,navigate to the crossroad between wuhan university road and beijing lady's street
108,telephone,english/dzdm/X5/X5-15-DZ/F020/F020_120.wav,can you call chloe cook for me
109,wether,english/dzdm/X5/X5-15-DZ/F020/F020_059.wav,is there haze in the next few days
110,map,english/dzdm/X5/X5-20-DZ/M019/M019_182.wav,i want to grab some coffee near sunny new trunk
111,wether,english/dzdm/X5/X5-12-DZ/F014/F014_054.wav,is it raining in chongqing
112,wether,english/dzdm/X5/X5-17-DZ/M013/M013_051.wav,excuse me what s the weather like in peking
113,wether,english/dzdm/X5/X5-18-DZ/M016/M016_051.wav,what is the weather like in tianjin now
114,help,english/dzdm/X5/X5-17-DZ/M013/M013_033.wav,can you tell me how to use the media
115,telephone,english/dzdm/X5/X5-16-DZ/M012/M012_135.wav,dial kitty
116,radio,english/dzdm/X5/X5-15-DZ/F019/F019_065.wav,would you mind turning the radio to fm ninety one point eight
117,radio,english/dzdm/X5/X5-18-DZ/M015/M015_068.wav,please switch to fm one zero three point seven
118,map,english/dzdm/X5/X5-14-DZ/F017/F017_154.wav,i want to get some food nearby
119,map,english/dzdm/X5/X5-12-DZ/F014/F014_156.wav,navigate to the intersection between south fifth road and middle street second alley
120,map,english/dzdm/X5/X5-19-DZ/M018/M018_157.wav,go to peking
121,map,english/dzdm/X5/X5-18-DZ/M016/M016_159.wav,help me locate the position of the nearest food
122,telephone,english/dzdm/X5/X5-13-DZ/F016/F016_115.wav,call o two o eight three nine six one two three four
123,telephone,english/dzdm/X5/X5-12-DZ/F014/F014_137.wav,could you call nick for me
124,map,english/dzdm/X5/X5-15-DZ/F020/F020_164.wav,food nearby
125,map,english/dzdm/X5/X5-12-DZ/F014/F014_166.wav,navigate to the intersection of beijing street and shanghai street
126,traffic,english/dzdm/X5/X5-13-DZ/F015/F015_022.wav,show me the traffic on my trip to beijing
127,telephone,english/dzdm/X5/X5-20-DZ/M020/M020_146.wav,vivian
128,radio,english/dzdm/X5/X5-11-DZ/F012/F012_076.wav,i want to listen to am seven hundred and two
129,telephone,english/dzdm/X5/X5-11-DZ/F012/F012_108.wav,call father
130,telephone,english/dzdm/X5/X5-15-DZ/F019/F019_123.wav,ring up destiny clark immediately
131,telephone,english/dzdm/X5/X5-20-DZ/M019/M019_125.wav,please make a phone call to julia duncan
132,radio,english/dzdm/X5/X5-17-DZ/M014/M014_064.wav,i wanna to hear the radio station am nine hundred and forty five
133,map,english/dzdm/X5/X5-16-DZ/M012/M012_183.wav,find kefir fresh milk tea
134,map,english/dzdm/X5/X5-17-DZ/M013/M013_164.wav,west street north eighth alley one
135,news,english/dzdm/X5/X5-12-DZ/F013/F013_010.wav,i want to view some politics news
136,map,english/dzdm/X5/X5-14-DZ/F017/F017_165.wav,i want to find the walmart along the destination
137,scheduled_destination,english/dzdm/X5/X5-16-DZ/M012/M012_003.wav,i need to check agenda next week
138,map,english/dzdm/X5/X5-20-DZ/M020/M020_173.wav,any jewelry nearby
139,help,english/dzdm/X5/X5-14-DZ/F017/F017_025.wav,could you show me how to use the navigation
140,telephone,english/dzdm/X5/X5-20-DZ/M019/M019_119.wav,dial lauren arnold
141,traffic,english/dzdm/X5/X5-20-DZ/M019/M019_022.wav,how is the traffic at the intersection of west ring road and chongqing third ring expressway
142,help,english/dzdm/X5/X5-13-DZ/F015/F015_032.wav,could you tell me how to use the function
143,help,english/dzdm/X5/X5-17-DZ/M013/M013_029.wav,instructions about traffic
144,telephone,english/dzdm/X5/X5-11-DZ/F011/F011_131.wav,i want to give candy a call
145,map,english/dzdm/X5/X5-11-DZ/F011/F011_174.wav,suzhou
146,help,english/dzdm/X5/X5-19-DZ/M017/M017_028.wav,instructions for music function
147,radio,english/dzdm/X5/X5-18-DZ/M016/M016_072.wav,am frequency one thousand and seventeen
148,meida,english/dzdm/X5/X5-18-DZ/M015/M015_094.wav,are there any songs by akon in usb
149,map,english/dzdm/X5/X5-11-DZ/F011/F011_156.wav,help me navigate
150,telephone,english/dzdm/X5/X5-19-DZ/M018/M018_122.wav,show all the calls
151,telephone,english/dzdm/X5/X5-18-DZ/M015/M015_116.wav,connect to brandon
152,telephone,english/dzdm/X5/X5-14-DZ/F018/F018_108.wav,check call list
153,map,english/dzdm/X5/X5-15-DZ/F019/F019_193.wav,i want to get some food near northwest flavor snack
154,meida,english/dzdm/X5/X5-12-DZ/F014/F014_084.wav,play song counting stars
155,radio,english/dzdm/X5/X5-17-DZ/M013/M013_082.wav,i would like to listen to fm one hundred and five point five
156,radio,english/dzdm/X5/X5-20-DZ/M019/M019_071.wav,would you mind going to am six hundred and eighty four
157,telephone,english/dzdm/X5/X5-20-DZ/M020/M020_142.wav,could you please call nila
158,cmd,english/dzdm/X5/X5-20-DZ/M020/M020_044.wav,the previous page
159,telephone,english/dzdm/X5/X5-11-DZ/F012/F012_126.wav,please dial jenifer
160,cmd,english/dzdm/X5/X5-19-DZ/M018/M018_041.wav,third
161,map,english/dzdm/X5/X5-11-DZ/F011/F011_152.wav,start route guidance
162,map,english/dzdm/X5/X5-16-DZ/M011/M011_194.wav,how do i go to national stadium
163,telephone,english/dzdm/X5/X5-19-DZ/M018/M018_110.wav,check the missed calls
164,map,english/dzdm/X5/X5-20-DZ/M019/M019_167.wav,where is the bank
165,telephone,english/dzdm/X5/X5-12-DZ/F013/F013_116.wav,make a phone call to ryan
166,radio,english/dzdm/X5/X5-13-DZ/F016/F016_064.wav,turn on the radio station am nine hundred and thirty six
167,wether,english/dzdm/X5/X5-12-DZ/F013/F013_051.wav,excuse me what s the weather like in peking
168,meida,english/dzdm/X5/X5-19-DZ/M017/M017_089.wav,i just wanna run by the downtown fiction
169,map,english/dzdm/X5/X5-16-DZ/M011/M011_185.wav,i want to go to east area international post bureau
170,wether,english/dzdm/X5/X5-18-DZ/M016/M016_057.wav,what is the weather like in shenyang
171,radio,english/dzdm/X5/X5-18-DZ/M015/M015_079.wav,tune into fm eighty eight point nine
172,meida,english/dzdm/X5/X5-16-DZ/M012/M012_088.wav,i want to open bt audio
173,radio,english/dzdm/X5/X5-20-DZ/M020/M020_071.wav,fm ninety seven point two
174,help,english/dzdm/X5/X5-16-DZ/M012/M012_028.wav,instructions for system
175,telephone,english/dzdm/X5/X5-13-DZ/F015/F015_139.wav,ford
176,,english/dzdm/X5/X5-18-DZ/M015/M015_122.wav,ah could you please call camby
177,cmd,english/dzdm/X5/X5-16-DZ/M012/M012_037.wav,close
178,map,english/dzdm/X5/X5-18-DZ/M015/M015_175.wav,i want to drive to the intersection of tianjin north street and shenzhen street
179,telephone,english/dzdm/X5/X5-18-DZ/M016/M016_123.wav,i would like you to help me dial o one o six two nine one nine nine eight eight
180,meida,english/dzdm/X5/X5-18-DZ/M015/M015_092.wav,are there any songs by michael jackson in usb
181,map,english/dzdm/X5/X5-15-DZ/F020/F020_172.wav,any hotel nearby
182,telephone,english/dzdm/X5/X5-19-DZ/M017/M017_142.wav,help me redial
183,map,english/dzdm/X5/X5-16-DZ/M011/M011_204.wav,take me to happy home decoration
184,telephone,english/dzdm/X5/X5-13-DZ/F015/F015_126.wav,could you please call ronald
185,map,english/dzdm/X5/X5-13-DZ/F015/F015_186.wav,drive me to the intersection of dongfeng street and anqing road
186,scheduled_destination,english/dzdm/X5/X5-14-DZ/F017/F017_004.wav,i need to check my schedule on labor day
187,meida,english/dzdm/X5/X5-13-DZ/F016/F016_096.wav,play the song by rihanna in usb
188,map,english/dzdm/X5/X5-11-DZ/F012/F012_162.wav,i want to go to seven star
189,help,english/dzdm/X5/X5-18-DZ/M016/M016_026.wav,could you tell me how to use the radio
190,radio,english/dzdm/X5/X5-12-DZ/F013/F013_076.wav,i would like to listen to the radio station am seven zero two
191,scheduled_destination,english/dzdm/X5/X5-16-DZ/M011/M011_001.wav,i want to check agenda today
192,radio,english/dzdm/X5/X5-17-DZ/M013/M013_068.wav,i would like to hear am nine eight one
193,help,english/dzdm/X5/X5-14-DZ/F018/F018_026.wav,can you show me how to use the radio
194,map,english/dzdm/X5/X5-15-DZ/F020/F020_207.wav,historical sites nearby
195,scheduled_destination,english/dzdm/X5/X5-11-DZ/F012/F012_003.wav,i need to check agenda next week
196,map,english/dzdm/X5/X5-18-DZ/M016/M016_156.wav,help me locate the position of the nearest craft and gift shop
197,map,english/dzdm/X5/X5-13-DZ/F016/F016_183.wav,is there a vacancy in the nearest parking lot
198,cmd,english/dzdm/X5/X5-12-DZ/F013/F013_040.wav,choose the sixth one
199,map,english/dzdm/X5/X5-15-DZ/F019/F019_202.wav,any electronics store nearby
200,wether,english/dzdm/X5/X5-19-DZ/M017/M017_058.wav,do i need an umbrella
201,map,english/dzdm/X5/X5-18-DZ/M015/M015_187.wav,go home
202,traffic,english/dzdm/X5/X5-13-DZ/F015/F015_021.wav,show me the traffic on my trip to peking
203,meida,english/dzdm/X5/X5-20-DZ/M020/M020_093.wav,play sam smith's stay with me
204,meida,english/dzdm/X5/X5-16-DZ/M012/M012_086.wav,open ipod audio source
205,meida,english/dzdm/X5/X5-20-DZ/M020/M020_105.wav,listen to meghan trainor's title
206,map,english/dzdm/X5/X5-11-DZ/F011/F011_207.wav,take me to spring garden
207,map,english/dzdm/X5/X5-14-DZ/F018/F018_150.wav,i want to get to chongqing
208,traffic,english/dzdm/X5/X5-12-DZ/F013/F013_019.wav,area one main second road's traffic
209,telephone,english/dzdm/X5/X5-20-DZ/M020/M020_143.wav,i wanna calljacob adams right now
210,wether,english/dzdm/X5/X5-13-DZ/F016/F016_046.wav,can you tell me the weather in peking may fourteenth
211,map,english/dzdm/X5/X5-17-DZ/M014/M014_178.wav,navigate to the crossroad of third middle alley and tianjin north road east first alley
212,wether,english/dzdm/X5/X5-13-DZ/F016/F016_061.wav,what is the high temperature in chengdu
213,map,english/dzdm/X5/X5-12-DZ/F013/F013_171.wav,navigate to west avenue three
214,telephone,english/dzdm/X5/X5-12-DZ/F013/F013_129.wav,i want to call vistapaul
215,radio,english/dzdm/X5/X5-12-DZ/F014/F014_083.wav,i wanna to listen to fm one hundred and seven point five
216,traffic,english/dzdm/X5/X5-20-DZ/M019/M019_023.wav,how is the traffic at the intersection of seventh branch road and suzhou bridge
217,wether,english/dzdm/X5/X5-16-DZ/M011/M011_060.wav,will it rain spring festival
218,radio,english/dzdm/X5/X5-17-DZ/M013/M013_074.wav,i would like to listen to the radio station am six eight four
219,wether,english/dzdm/X5/X5-13-DZ/F015/F015_055.wav,what s the temperature in guangzhou now
220,meida,english/dzdm/X5/X5-13-DZ/F016/F016_086.wav,play fools garden's lemon tree in usb
221,map,english/dzdm/X5/X5-20-DZ/M020/M020_182.wav,help me locate the position of the nearest public facilities
222,wether,english/dzdm/X5/X5-18-DZ/M016/M016_046.wav,can you tell me the weather in peking may fourteenth
223,telephone,english/dzdm/X5/X5-16-DZ/M012/M012_131.wav,please dial k f c
224,scheduled_destination,english/dzdm/X5/X5-15-DZ/F019/F019_001.wav,i want to check agenda on monday
225,meida,english/dzdm/X5/X5-13-DZ/F016/F016_087.wav,play ingrid michaelson's everybody
226,map,english/dzdm/X5/X5-11-DZ/F011/F011_179.wav,take me to nanjing
227,news,english/dzdm/X5/X5-17-DZ/M013/M013_013.wav,i want to view some military news
228,scheduled_destination,english/dzdm/X5/X5-14-DZ/F018/F018_005.wav,i want to check my agenda on saturday
229,map,english/dzdm/X5/X5-18-DZ/M016/M016_210.wav,i want to get some coffee near china sports lottery
230,cmd,english/dzdm/X5/X5-12-DZ/F014/F014_034.wav,the third line
231,map,english/dzdm/X5/X5-20-DZ/M019/M019_153.wav,any convenience store nearby
232,map,english/dzdm/X5/X5-20-DZ/M020/M020_161.wav,where is the car rental
233,news,english/dzdm/X5/X5-16-DZ/M012/M012_012.wav,i want to view some national news
234,telephone,english/dzdm/X5/X5-19-DZ/M018/M018_132.wav,show the call history
235,map,english/dzdm/X5/X5-11-DZ/F011/F011_195.wav,how do i go to bank of china information center northeast gate
236,wether,english/dzdm/X5/X5-12-DZ/F013/F013_050.wav,excuse me what s the weather like in nanjing
237,wether,english/dzdm/X5/X5-19-DZ/M018/M018_058.wav,what s the weather like in beijing tomorrow
238,telephone,english/dzdm/X5/X5-18-DZ/M016/M016_113.wav,call one six o
239,telephone,english/dzdm/X5/X5-20-DZ/M019/M019_131.wav,make a phone call to amber keith
240,wether,english/dzdm/X5/X5-11-DZ/F011/F011_056.wav,what s the weather like on saturday
241,telephone,english/dzdm/X5/X5-12-DZ/F013/F013_139.wav,i would like to call linda
242,map,english/dzdm/X5/X5-20-DZ/M019/M019_179.wav,i want to get some coffee near newsstand
243,telephone,english/dzdm/X5/X5-12-DZ/F013/F013_106.wav,please make a phone call to matin new
244,map,english/dzdm/X5/X5-16-DZ/M012/M012_208.wav,go to the nearest wuhan
245,telephone,english/dzdm/X5/X5-13-DZ/F015/F015_121.wav,ah could you please call anderson
246,scheduled_destination,english/dzdm/X5/X5-18-DZ/M015/M015_003.wav,i want to check my agenda on january ninth
247,map,english/dzdm/X5/X5-19-DZ/M017/M017_198.wav,how do i get to tom sweet
248,telephone,english/dzdm/X5/X5-16-DZ/M012/M012_111.wav,call frankie
249,meida,english/dzdm/X5/X5-12-DZ/F013/F013_089.wav,i want to listen to yesterday once more in usb
250,telephone,english/dzdm/X5/X5-17-DZ/M014/M014_108.wav,give alexander david a call
251,telephone,english/dzdm/X5/X5-16-DZ/M012/M012_112.wav,call gps
252,radio,english/dzdm/X5/X5-16-DZ/M012/M012_077.wav,i want to listen to am seven hundred and eleven
253,telephone,english/dzdm/X5/X5-14-DZ/F017/F017_120.wav,call mather's company number starting with one five seven
254,map,english/dzdm/X5/X5-20-DZ/M020/M020_206.wav,where is the golf course
255,traffic,english/dzdm/X5/X5-14-DZ/F017/F017_016.wav,tell me the traffic around company
256,wether,english/dzdm/X5/X5-12-DZ/F013/F013_055.wav,what s the weather like in shenzhen now
257,meida,english/dzdm/X5/X5-13-DZ/F015/F015_100.wav,are there any songs by jacky cheung in usb
258,meida,english/dzdm/X5/X5-11-DZ/F012/F012_088.wav,i want to open bt audio
259,telephone,english/dzdm/X5/X5-19-DZ/M017/M017_137.wav,call back the previous number
260,wether,english/dzdm/X5/X5-14-DZ/F017/F017_044.wav,what is the high temperature in wuhan
261,wether,english/dzdm/X5/X5-11-DZ/F011/F011_057.wav,what s the weather like on sunday
262,meida,english/dzdm/X5/X5-20-DZ/M020/M020_099.wav,listen to nicki minaj's album starships
263,cmd,english/dzdm/X5/X5-12-DZ/F013/F013_039.wav,choose the fifth one
264,telephone,english/dzdm/X5/X5-14-DZ/F017/F017_119.wav,call masud target's china unicom number starting with one five two
265,meida,english/dzdm/X5/X5-12-DZ/F013/F013_092.wav,i want to listen to poker face
266,telephone,english/dzdm/X5/X5-16-DZ/M011/M011_126.wav,dial brother's number
267,meida,english/dzdm/X5/X5-19-DZ/M017/M017_084.wav,play the song bye bye bye by lovestoned or not
268,telephone,english/dzdm/X5/X5-18-DZ/M015/M015_120.wav,ah could you please call anthony
269,telephone,english/dzdm/X5/X5-18-DZ/M015/M015_124.wav,ah could you please call drake
270,wether,english/dzdm/X5/X5-19-DZ/M017/M017_054.wav,what is the temperature in tianjin now
271,cmd,english/dzdm/X5/X5-20-DZ/M019/M019_037.wav,fifth
272,map,english/dzdm/X5/X5-16-DZ/M011/M011_196.wav,how do i go to first people's hospital affiliated to shanghai jiao tong university
273,map,english/dzdm/X5/X5-20-DZ/M019/M019_163.wav,where is the airport
274,map,english/dzdm/X5/X5-20-DZ/M020/M020_178.wav,any museum nearby
275,telephone,english/dzdm/X5/X5-19-DZ/M017/M017_138.wav,call the previous number
276,wether,english/dzdm/X5/X5-19-DZ/M018/M018_049.wav,is there rain in guangzhou on tuesday
277,map,english/dzdm/X5/X5-19-DZ/M017/M017_214.wav,i want to find the palace museum
278,map,english/dzdm/X5/X5-18-DZ/M016/M016_149.wav,any building nearby
279,map,english/dzdm/X5/X5-12-DZ/F013/F013_156.wav,where is the closest first people's hospital affiliated to shanghai jiao tong university
280,wether,english/dzdm/X5/X5-13-DZ/F015/F015_061.wav,i want to know the weather in chongqing september fifteenth
281,wether,english/dzdm/X5/X5-14-DZ/F018/F018_047.wav,is there rain in shanghai on sunday
282,traffic,english/dzdm/X5/X5-19-DZ/M017/M017_021.wav,how's the traffic at the intersection of south fifth road and middle street second alley
283,map,english/dzdm/X5/X5-15-DZ/F020/F020_167.wav,where is the nearest food
284,telephone,english/dzdm/X5/X5-14-DZ/F018/F018_127.wav,i want to check the call log
285,map,english/dzdm/X5/X5-17-DZ/M014/M014_147.wav,navigate to the crossroad of seventh branch road and nanjing road
286,wether,english/dzdm/X5/X5-11-DZ/F011/F011_052.wav,what s the weather like on september fifteenth
287,cmd,english/dzdm/X5/X5-18-DZ/M016/M016_043.wav,dial the fifth number
288,map,english/dzdm/X5/X5-17-DZ/M013/M013_146.wav,navigate to the nearest block d wanda plaza
289,radio,english/dzdm/X5/X5-11-DZ/F011/F011_071.wav,am
290,map,english/dzdm/X5/X5-12-DZ/F014/F014_177.wav,navigate to the crossroad between middle street second alley and third middle alley
291,help,english/dzdm/X5/X5-20-DZ/M020/M020_032.wav,schedule help
292,map,english/dzdm/X5/X5-19-DZ/M018/M018_193.wav,the nearest great wall
293,meida,english/dzdm/X5/X5-11-DZ/F012/F012_087.wav,i want to open usb
294,map,english/dzdm/X5/X5-16-DZ/M011/M011_154.wav,open route guidance
295,meida,english/dzdm/X5/X5-13-DZ/F015/F015_095.wav,are there any songs by linkin park
296,news,english/dzdm/X5/X5-19-DZ/M018/M018_007.wav,i want to check some news about international news
297,traffic,english/dzdm/X5/X5-17-DZ/M013/M013_023.wav,chongqing south street's traffic
298,radio,english/dzdm/X5/X5-17-DZ/M013/M013_070.wav,i would like to hear the radio station fm eight eight
299,meida,english/dzdm/X5/X5-18-DZ/M015/M015_102.wav,moumoon
300,radio,english/dzdm/X5/X5-19-DZ/M018/M018_067.wav,change the radio to am nine nine zero
301,map,english/dzdm/X5/X5-18-DZ/M015/M015_181.wav,i want to drive to the intersection between beijing middle road first alley and middle street second alley
302,scheduled_destination,english/dzdm/X5/X5-18-DZ/M015/M015_002.wav,i want to check schedule on february eleventh
303,telephone,english/dzdm/X5/X5-18-DZ/M016/M016_124.wav,please help me dial the number o four one five two three nine five six four five
304,map,english/dzdm/X5/X5-12-DZ/F013/F013_206.wav,navigate to century avenue longitude first street crossing
305,scheduled_destination,english/dzdm/X5/X5-18-DZ/M015/M015_004.wav,i need to check my schedule on december second
306,map,english/dzdm/X5/X5-14-DZ/F018/F018_156.wav,go to nanjing
307,traffic,english/dzdm/X5/X5-17-DZ/M014/M014_020.wav,suzhou north alley's traffic
308,telephone,english/dzdm/X5/X5-12-DZ/F014/F014_110.wav,give brandon cook a call
309,traffic,english/dzdm/X5/X5-12-DZ/F014/F014_015.wav,chongqing third ring expressway's traffic
310,map,english/dzdm/X5/X5-11-DZ/F012/F012_208.wav,go to the nearest wuhan
311,meida,english/dzdm/X5/X5-12-DZ/F014/F014_086.wav,play song yesterday once more
312,map,english/dzdm/X5/X5-15-DZ/F019/F019_162.wav,where is the accommodation
313,map,english/dzdm/X5/X5-14-DZ/F018/F018_160.wav,go to block d wanda plaza
314,radio,english/dzdm/X5/X5-14-DZ/F018/F018_071.wav,change the radio to fm nine two point four
315,wether,english/dzdm/X5/X5-20-DZ/M020/M020_054.wav,can i wash the car
316,meida,english/dzdm/X5/X5-14-DZ/F017/F017_093.wav,a song by one direction in usb
317,scheduled_destination,english/dzdm/X5/X5-12-DZ/F014/F014_005.wav,i want to check my agenda on may fourteenth
318,telephone,english/dzdm/X5/X5-14-DZ/F017/F017_124.wav,call mohsin's office number starting with one eight two
319,map,english/dzdm/X5/X5-19-DZ/M018/M018_174.wav,i want to drive to china welfare lottery
320,traffic,english/dzdm/X5/X5-19-DZ/M018/M018_020.wav,how's the traffic at the intersection of huangshan north road and huangshan north road
321,news,english/dzdm/X5/X5-19-DZ/M018/M018_010.wav,i want to check some news about social news
322,telephone,english/dzdm/X5/X5-11-DZ/F011/F011_129.wav,dial bruno cell's number
323,radio,english/dzdm/X5/X5-12-DZ/F013/F013_067.wav,i would like to hear am nine seven two
324,traffic,english/dzdm/X5/X5-18-DZ/M016/M016_017.wav,the traffic
325,wether,english/dzdm/X5/X5-13-DZ/F015/F015_050.wav,what s the low temperature in shenyang
326,meida,english/dzdm/X5/X5-16-DZ/M011/M011_095.wav,open bt audio media source
327,telephone,english/dzdm/X5/X5-20-DZ/M019/M019_105.wav,i would like to give robert ja a call
328,traffic,english/dzdm/X5/X5-19-DZ/M018/M018_022.wav,how is the traffic at the intersection of shenzhen middle road and shenzhen middle road
329,traffic,english/dzdm/X5/X5-17-DZ/M014/M014_015.wav,chongqing third ring expressway's traffic
330,traffic,english/dzdm/X5/X5-13-DZ/F016/F016_017.wav,the traffic
331,map,english/dzdm/X5/X5-20-DZ/M020/M020_185.wav,help me locate the position of the nearest quarantine station
332,help,english/dzdm/X5/X5-14-DZ/F017/F017_030.wav,can you tell me how to use the music function
333,cmd,english/dzdm/X5/X5-20-DZ/M019/M019_039.wav,sixth one
334,radio,english/dzdm/X5/X5-13-DZ/F016/F016_073.wav,am nine hundred and eighteen
335,cmd,english/dzdm/X5/X5-20-DZ/M019/M019_040.wav,sixth
336,help,english/dzdm/X5/X5-18-DZ/M016/M016_032.wav,could you show me how to use the function
337,map,english/dzdm/X5/X5-19-DZ/M017/M017_170.wav,show me the honda near home
338,telephone,english/dzdm/X5/X5-20-DZ/M019/M019_117.wav,please dial kayla tuener
339,map,english/dzdm/X5/X5-15-DZ/F019/F019_208.wav,where is the nearest car rental
340,telephone,english/dzdm/X5/X5-15-DZ/F020/F020_131.wav,help me call sohel please
341,telephone,english/dzdm/X5/X5-19-DZ/M018/M018_133.wav,i want to show the call log
342,radio,english/dzdm/X5/X5-11-DZ/F012/F012_072.wav,i want to hear fm nine eight point six
343,meida,english/dzdm/X5/X5-14-DZ/F017/F017_084.wav,play the song bye bye bye by lovestoned or not
344,telephone,english/dzdm/X5/X5-16-DZ/M012/M012_133.wav,dial kevin
345,meida,english/dzdm/X5/X5-13-DZ/F015/F015_089.wav,play shayne ward's song
346,meida,english/dzdm/X5/X5-18-DZ/M016/M016_102.wav,listen to eason's songs in usb source
347,map,english/dzdm/X5/X5-15-DZ/F019/F019_184.wav,i want to grab some coffee near united hotel
348,map,english/dzdm/X5/X5-13-DZ/F015/F015_164.wav,i want to drive to the intersection of west ring road and third middle alley
349,telephone,english/dzdm/X5/X5-15-DZ/F019/F019_137.wav,i want to call mike
350,meida,english/dzdm/X5/X5-18-DZ/M016/M016_091.wav,listen to taylor swift's long live in usb
351,radio,english/dzdm/X5/X5-15-DZ/F019/F019_076.wav,would you mind going to eighty nine point nine
352,cmd,english/dzdm/X5/X5-13-DZ/F016/F016_037.wav,no
353,telephone,english/dzdm/X5/X5-11-DZ/F012/F012_144.wav,please make a phone call to masud target
354,telephone,english/dzdm/X5/X5-17-DZ/M013/M013_118.wav,make a phone call to sam
355,scheduled_destination,english/dzdm/X5/X5-14-DZ/F018/F018_003.wav,i want to check my agenda on thursday
356,wether,english/dzdm/X5/X5-17-DZ/M014/M014_056.wav,is it raining in shenyang
357,radio,english/dzdm/X5/X5-16-DZ/M012/M012_072.wav,i want to hear fm nine eight point six
358,radio,english/dzdm/X5/X5-12-DZ/F014/F014_073.wav,i wanna to hear fm eighty eight point seven
359,map,english/dzdm/X5/X5-20-DZ/M020/M020_207.wav,historical sites nearby
360,telephone,english/dzdm/X5/X5-20-DZ/M019/M019_120.wav,dial brianna bell
361,map,english/dzdm/X5/X5-12-DZ/F014/F014_165.wav,navigate to the intersection between suzhou bridge and chengdu avenue
362,map,english/dzdm/X5/X5-17-DZ/M013/M013_201.wav,i want to go to the number eight eight seven six on the forest street
363,help,english/dzdm/X5/X5-13-DZ/F015/F015_026.wav,can you show me how to use the radio
364,traffic,english/dzdm/X5/X5-16-DZ/M011/M011_017.wav,how is the traffic around destination
365,telephone,english/dzdm/X5/X5-14-DZ/F017/F017_106.wav,please ring the number one four seven eight five zero three one zero eight eight
366,map,english/dzdm/X5/X5-20-DZ/M019/M019_196.wav,help me locate the position of the nearest historical sites
367,map,english/dzdm/X5/X5-13-DZ/F016/F016_203.wav,i want to find a w c near china testing institute of electronic products
368,help,english/dzdm/X5/X5-17-DZ/M013/M013_032.wav,can you tell me how to use the function
369,map,english/dzdm/X5/X5-12-DZ/F014/F014_169.wav,navigate to the crossroad between suzhou bridge and chengdu avenue
370,radio,english/dzdm/X5/X5-12-DZ/F013/F013_075.wav,i would like to listen to the radio station am six nine three
371,map,english/dzdm/X5/X5-18-DZ/M016/M016_203.wav,i want to find a wc near china testing institute of electronic products
372,telephone,english/dzdm/X5/X5-14-DZ/F018/F018_133.wav,i want to show the call log
373,map,english/dzdm/X5/X5-16-DZ/M011/M011_162.wav,start to navigate
374,wether,english/dzdm/X5/X5-12-DZ/F013/F013_056.wav,what s the weather like in tianjin now
375,meida,english/dzdm/X5/X5-13-DZ/F015/F015_102.wav,moumoon
376,telephone,english/dzdm/X5/X5-19-DZ/M017/M017_140.wav,ring the previous number
377,news,english/dzdm/X5/X5-12-DZ/F014/F014_014.wav,i want to check some entertainment news
378,map,english/dzdm/X5/X5-11-DZ/F012/F012_145.wav,navigate to vienna international hotel parking lot entrance and exit
379,telephone,english/dzdm/X5/X5-14-DZ/F018/F018_134.wav,show the call log
380,telephone,english/dzdm/X5/X5-17-DZ/M014/M014_117.wav,help me to make a phone call to jordan owen
381,cmd,english/dzdm/X5/X5-18-DZ/M016/M016_034.wav,sure
382,scheduled_destination,english/dzdm/X5/X5-18-DZ/M016/M016_001.wav,i need to check my agenda on september fifteenth
383,map,english/dzdm/X5/X5-19-DZ/M018/M018_176.wav,i want to drive to north china photo electric
384,traffic,english/dzdm/X5/X5-14-DZ/F017/F017_018.wav,how is the traffic at the intersection of suzhou north alley and suzhou north alley
385,traffic,english/dzdm/X5/X5-14-DZ/F017/F017_023.wav,how is the traffic at the intersection of beijing ring road and tianjin north road east first alley
386,cmd,english/dzdm/X5/X5-18-DZ/M016/M016_035.wav,confirm
387,traffic,english/dzdm/X5/X5-16-DZ/M011/M011_023.wav,is there a traffic jam on area one main fourth road
388,scheduled_destination,english/dzdm/X5/X5-15-DZ/F020/F020_004.wav,i need to check schedule on thursday
389,telephone,english/dzdm/X5/X5-14-DZ/F018/F018_125.wav,i want to check the call history
390,wether,english/dzdm/X5/X5-20-DZ/M019/M019_060.wav,what s the weather like in peking on saturday
391,telephone,english/dzdm/X5/X5-14-DZ/F018/F018_105.wav,i want to redial the last call
392,map,english/dzdm/X5/X5-13-DZ/F016/F016_149.wav,any building nearby
393,telephone,english/dzdm/X5/X5-15-DZ/F020/F020_117.wav,help me to make a call to noah james
394,traffic,english/dzdm/X5/X5-17-DZ/M013/M013_017.wav,first middle road's traffic
395,radio,english/dzdm/X5/X5-17-DZ/M013/M013_071.wav,i would like to hear fm one hundred and six point four
396,map,english/dzdm/X5/X5-17-DZ/M014/M014_156.wav,navigate to the intersection between south fifth road and middle street second alley
397,map,english/dzdm/X5/X5-15-DZ/F019/F019_165.wav,where is the art gallery
398,news,english/dzdm/X5/X5-11-DZ/F012/F012_011.wav,i want to view some comprehensive news
399,telephone,english/dzdm/X5/X5-14-DZ/F017/F017_112.wav,i wanna call one five three nine seven three eight four three three four
400,telephone,english/dzdm/X5/X5-19-DZ/M017/M017_121.wav,call matin new's residence number starting with one five eight
401,map,english/dzdm/X5/X5-13-DZ/F016/F016_179.wav,tell me where is the nearest parking lot
402,map,english/dzdm/X5/X5-18-DZ/M016/M016_196.wav,cctv nearby
403,map,english/dzdm/X5/X5-13-DZ/F015/F015_199.wav,i want to go back to office
404,map,english/dzdm/X5/X5-11-DZ/F011/F011_190.wav,go to youth road
405,radio,english/dzdm/X5/X5-12-DZ/F014/F014_076.wav,i wanna to listen to the radio station am seven hundred and two
406,radio,english/dzdm/X5/X5-15-DZ/F020/F020_079.wav,previous station
407,cmd,english/dzdm/X5/X5-16-DZ/M012/M012_041.wav,select the fourth one
408,map,english/dzdm/X5/X5-17-DZ/M013/M013_186.wav,i want to go to shopping mall north street two
409,help,english/dzdm/X5/X5-18-DZ/M016/M016_030.wav,could you show me how to use the agenda
410,map,english/dzdm/X5/X5-13-DZ/F015/F015_200.wav,i want to go to office
411,telephone,english/dzdm/X5/X5-14-DZ/F018/F018_128.wav,check the call log
412,telephone,english/dzdm/X5/X5-17-DZ/M014/M014_144.wav,could you call miles
413,traffic,english/dzdm/X5/X5-11-DZ/F011/F011_022.wav,is there a traffic jam on area one main second road
414,map,english/dzdm/X5/X5-16-DZ/M011/M011_192.wav,how do i go to embassy of the united states in china
415,telephone,english/dzdm/X5/X5-12-DZ/F014/F014_144.wav,could you call miles
416,map,english/dzdm/X5/X5-20-DZ/M019/M019_161.wav,where is the quarantine station
417,help,english/dzdm/X5/X5-16-DZ/M011/M011_033.wav,instructions for media
418,cmd,english/dzdm/X5/X5-20-DZ/M019/M019_043.wav,last
419,map,english/dzdm/X5/X5-17-DZ/M013/M013_154.wav,where is the nearest national stadium
420,map,english/dzdm/X5/X5-16-DZ/M011/M011_208.wav,take me to phoenix western restaurant
421,traffic,english/dzdm/X5/X5-20-DZ/M020/M020_017.wav,how is the traffic at the intersection of nanjing road and chengdu avenue
422,telephone,english/dzdm/X5/X5-13-DZ/F016/F016_133.wav,please help me call the number one three eight five two six six five nine one nine
423,map,english/dzdm/X5/X5-19-DZ/M018/M018_154.wav,go to hangzhou
424,map,english/dzdm/X5/X5-13-DZ/F015/F015_188.wav,navigate to my home
425,map,english/dzdm/X5/X5-16-DZ/M011/M011_193.wav,how do i go to embassy of the united states in china visa office
426,meida,english/dzdm/X5/X5-18-DZ/M015/M015_088.wav,play katy perry's song
427,meida,english/dzdm/X5/X5-12-DZ/F014/F014_096.wav,i want to listen to idina menzel's song
428,telephone,english/dzdm/X5/X5-18-DZ/M016/M016_139.wav,please call one three one four four three three nine three nine four
429,telephone,english/dzdm/X5/X5-15-DZ/F020/F020_144.wav,i wanna call elijah leslie right now
430,wether,english/dzdm/X5/X5-11-DZ/F012/F012_051.wav,what s the temperature
431,radio,english/dzdm/X5/X5-18-DZ/M016/M016_075.wav,am nine hundred and thirty six
432,meida,english/dzdm/X5/X5-19-DZ/M017/M017_098.wav,open the album you raise me up in usb
433,map,english/dzdm/X5/X5-17-DZ/M013/M013_211.wav,navigate to the intersection between beijing middle road and shanghai road
434,wether,english/dzdm/X5/X5-11-DZ/F012/F012_055.wav,how should i dress on may fourteenth
435,map,english/dzdm/X5/X5-16-DZ/M012/M012_157.wav,i want to find electron qiu chang road community residents' committee
436,telephone,english/dzdm/X5/X5-14-DZ/F018/F018_110.wav,check the missed calls
437,help,english/dzdm/X5/X5-17-DZ/M013/M013_025.wav,instructions about navigation
438,map,english/dzdm/X5/X5-15-DZ/F020/F020_191.wav,tell me which is the nearest bank
439,map,english/dzdm/X5/X5-12-DZ/F013/F013_208.wav,go to intersection
440,telephone,english/dzdm/X5/X5-16-DZ/M012/M012_105.wav,please call fabio china
441,cmd,english/dzdm/X5/X5-17-DZ/M014/M014_034.wav,the third line
442,map,english/dzdm/X5/X5-17-DZ/M014/M014_174.wav,navigate to the intersection of suzhou north alley and beijing middle road first alley
443,meida,english/dzdm/X5/X5-18-DZ/M016/M016_088.wav,play michael jackson's you are not alone
444,map,english/dzdm/X5/X5-17-DZ/M013/M013_158.wav,where is the closest yan lord town southeast southwest gate
445,meida,english/dzdm/X5/X5-17-DZ/M014/M014_096.wav,i want to listen to idina menzel's song
446,news,english/dzdm/X5/X5-15-DZ/F020/F020_012.wav,what s new in today's technology news
447,map,english/dzdm/X5/X5-18-DZ/M016/M016_176.wav,the nearest park
448,telephone,english/dzdm/X5/X5-19-DZ/M018/M018_117.wav,i want to show the dialed calls
449,news,english/dzdm/X5/X5-20-DZ/M020/M020_012.wav,what s new in today's technology news
450,map,english/dzdm/X5/X5-18-DZ/M015/M015_192.wav,go to company
451,telephone,english/dzdm/X5/X5-17-DZ/M013/M013_141.wav,give robert a call back
452,radio,english/dzdm/X5/X5-15-DZ/F020/F020_076.wav,frequency seven zero two
453,map,english/dzdm/X5/X5-20-DZ/M019/M019_164.wav,where is the amusement park
454,map,english/dzdm/X5/X5-12-DZ/F013/F013_184.wav,i want to go to beijing station east street one
455,map,english/dzdm/X5/X5-12-DZ/F013/F013_199.wav,destination is north west alley thirteen
456,traffic,english/dzdm/X5/X5-18-DZ/M015/M015_019.wav,check the traffic around my way home
457,map,english/dzdm/X5/X5-20-DZ/M020/M020_217.wav,i want to get some food near yangzhou restaurant
458,map,english/dzdm/X5/X5-16-DZ/M011/M011_160.wav,i want navigate to
459,telephone,english/dzdm/X5/X5-20-DZ/M019/M019_118.wav,please dial jessica williams
460,radio,english/dzdm/X5/X5-20-DZ/M019/M019_075.wav,would you mind going to one zero three point seven
461,telephone,english/dzdm/X5/X5-18-DZ/M015/M015_134.wav,i wanna call felton right now
462,meida,english/dzdm/X5/X5-18-DZ/M015/M015_098.wav,are there any songs by jay chou in usb
463,wether,english/dzdm/X5/X5-13-DZ/F016/F016_059.wav,what is the weather like in peking
464,map,english/dzdm/X5/X5-17-DZ/M013/M013_204.wav,navigate to latitude second road administration west street longitude fourth stree
465,meida,english/dzdm/X5/X5-13-DZ/F015/F015_101.wav,are there any songs by jacky cheung
466,radio,english/dzdm/X5/X5-19-DZ/M017/M017_071.wav,play the radio to am six hundred and seventy five
467,map,english/dzdm/X5/X5-17-DZ/M013/M013_172.wav,navigate to shanghai road three thousand and one
468,map,english/dzdm/X5/X5-12-DZ/F013/F013_209.wav,drive to intersection
469,cmd,english/dzdm/X5/X5-13-DZ/F015/F015_041.wav,choose the sixth line
470,map,english/dzdm/X5/X5-15-DZ/F020/F020_168.wav,where is the nearest gas station
471,telephone,english/dzdm/X5/X5-19-DZ/M018/M018_115.wav,i want to show the missed calls
472,wether,english/dzdm/X5/X5-18-DZ/M016/M016_059.wav,what is the weather like in peking
473,wether,english/dzdm/X5/X5-18-DZ/M015/M015_047.wav,what s the high temperature in wuhan
474,map,english/dzdm/X5/X5-20-DZ/M020/M020_156.wav,help me locate the position of the nearest library
475,meida,english/dzdm/X5/X5-19-DZ/M017/M017_096.wav,a song by avril lavigne
476,map,english/dzdm/X5/X5-18-DZ/M015/M015_147.wav,drive me to the intersection of south fifth road and chengdu avenue
477,traffic,english/dzdm/X5/X5-18-DZ/M015/M015_020.wav,show me the traffic on my trip to xi an
478,telephone,english/dzdm/X5/X5-12-DZ/F014/F014_139.wav,could you call steven for me
479,telephone,english/dzdm/X5/X5-14-DZ/F017/F017_114.wav,call luisa's number starting with one eight nine
480,map,english/dzdm/X5/X5-12-DZ/F013/F013_194.wav,destination is west ring road south ten
481,map,english/dzdm/X5/X5-14-DZ/F017/F017_209.wav,help me navigate to panda pet house
482,telephone,english/dzdm/X5/X5-19-DZ/M018/M018_144.wav,i would like to give james green a call
483,map,english/dzdm/X5/X5-18-DZ/M015/M015_190.wav,navigate to my company
484,help,english/dzdm/X5/X5-16-DZ/M011/M011_032.wav,how to use the function
485,map,english/dzdm/X5/X5-18-DZ/M015/M015_166.wav,navigate to the intersection between wuhan road east section and beijing lady's street
486,map,english/dzdm/X5/X5-20-DZ/M019/M019_202.wav,any electronics store nearby
487,radio,english/dzdm/X5/X5-18-DZ/M015/M015_083.wav,turn on the radio station am nine hundred and eighteen
488,telephone,english/dzdm/X5/X5-17-DZ/M013/M013_106.wav,please make a phone call to matin new
489,scheduled_destination,english/dzdm/X5/X5-13-DZ/F016/F016_005.wav,i need to check my agenda on may fourteenth
490,meida,english/dzdm/X5/X5-11-DZ/F011/F011_094.wav,open bt audio media source please
491,meida,english/dzdm/X5/X5-13-DZ/F016/F016_090.wav,listen to the cranberries's dying in the sun in usb
492,map,english/dzdm/X5/X5-17-DZ/M014/M014_192.wav,i want to go to the intersection between shenzhen street and chongqing south street
493,wether,english/dzdm/X5/X5-20-DZ/M019/M019_052.wav,what s the weather like in beijing on march eighteenth
494,map,english/dzdm/X5/X5-13-DZ/F016/F016_154.wav,any convenience store nearby
495,help,english/dzdm/X5/X5-16-DZ/M011/M011_024.wav,how to use the telephone
496,map,english/dzdm/X5/X5-16-DZ/M011/M011_151.wav,start the route guidance
497,map,english/dzdm/X5/X5-19-DZ/M017/M017_193.wav,how do i go to seven star
498,traffic,english/dzdm/X5/X5-15-DZ/F019/F019_018.wav,how is the traffic at the intersection of twelfth road and tianjin avenue
499,map,english/dzdm/X5/X5-19-DZ/M017/M017_155.wav,i want to find the prada along the route
500,radio,english/dzdm/X5/X5-13-DZ/F015/F015_074.wav,tune into am six eight four
501,telephone,english/dzdm/X5/X5-14-DZ/F018/F018_106.wav,open the call list
502,telephone,english/dzdm/X5/X5-20-DZ/M019/M019_129.wav,please make a call to amanda giles
503,scheduled_destination,english/dzdm/X5/X5-12-DZ/F013/F013_001.wav,i want to check agenda on spring festival
504,help,english/dzdm/X5/X5-20-DZ/M019/M019_025.wav,could you tell me how to use the voice
505,wether,english/dzdm/X5/X5-11-DZ/F012/F012_058.wav,how should i dress on february eleventh
506,wether,english/dzdm/X5/X5-19-DZ/M017/M017_057.wav,should i carry an umbrella
507,meida,english/dzdm/X5/X5-19-DZ/M018/M018_094.wav,i want to hear the live session in usb
508,news,english/dzdm/X5/X5-19-DZ/M018/M018_012.wav,i want to check some news about politics news
509,wether,english/dzdm/X5/X5-14-DZ/F018/F018_062.wav,what s the weather like in chengdu next week
510,scheduled_destination,english/dzdm/X5/X5-13-DZ/F015/F015_003.wav,i want to check my agenda on january ninth
511,telephone,english/dzdm/X5/X5-11-DZ/F012/F012_137.wav,dial lisa
512,help,english/dzdm/X5/X5-19-DZ/M018/M018_025.wav,can you tell me how to use the radio
513,telephone,english/dzdm/X5/X5-19-DZ/M018/M018_124.wav,check the call records
514,news,english/dzdm/X5/X5-13-DZ/F015/F015_012.wav,i want to read some news about sports news
515,radio,english/dzdm/X5/X5-20-DZ/M019/M019_072.wav,would you mind going to fm ninety three
516,news,english/dzdm/X5/X5-11-DZ/F012/F012_007.wav,i want to read some politics news
517,wether,english/dzdm/X5/X5-13-DZ/F015/F015_058.wav,what s the temperature in chengdu now
518,map,english/dzdm/X5/X5-14-DZ/F017/F017_180.wav,hangzhou
519,meida,english/dzdm/X5/X5-13-DZ/F016/F016_095.wav,listen to miley cyrus's wreckingball
520,news,english/dzdm/X5/X5-14-DZ/F017/F017_013.wav,i want to check some news about comprehensive news
521,traffic,english/dzdm/X5/X5-19-DZ/M017/M017_022.wav,how's the traffic at the intersection of beijing road and third middle alley
522,telephone,english/dzdm/X5/X5-14-DZ/F017/F017_109.wav,i would also like to call one eight six one one eight five three three nine six
523,telephone,english/dzdm/X5/X5-16-DZ/M012/M012_109.wav,call fedex
524,telephone,english/dzdm/X5/X5-16-DZ/M011/M011_138.wav,i would like to give danny a call
525,map,english/dzdm/X5/X5-16-DZ/M011/M011_186.wav,i want to go to beijing friendship store parking lot
526,radio,english/dzdm/X5/X5-18-DZ/M016/M016_067.wav,turn on the radio station fm nine nine point six
527,wether,english/dzdm/X5/X5-19-DZ/M018/M018_045.wav,is there rain in nanjing next week
528,telephone,english/dzdm/X5/X5-12-DZ/F013/F013_132.wav,i want to call zoey
529,help,english/dzdm/X5/X5-11-DZ/F012/F012_027.wav,instructions for music
530,map,english/dzdm/X5/X5-13-DZ/F015/F015_178.wav,drive me to the intersection between suzhou north alley and beijing middle road first alley
531,wether,english/dzdm/X5/X5-15-DZ/F020/F020_058.wav,what is the pm two point five index in the next few days
532,map,english/dzdm/X5/X5-16-DZ/M011/M011_149.wav,start the navigation
533,map,english/dzdm/X5/X5-11-DZ/F012/F012_196.wav,take me to the nearest northwest flavor snack
534,map,english/dzdm/X5/X5-18-DZ/M015/M015_176.wav,i want to drive to the intersection of shenzhen street and chongqing south street
535,map,english/dzdm/X5/X5-13-DZ/F016/F016_191.wav,where is the kfc
536,radio,english/dzdm/X5/X5-15-DZ/F020/F020_082.wav,change the fm
537,map,english/dzdm/X5/X5-11-DZ/F012/F012_201.wav,take me to the nearest beijing
538,traffic,english/dzdm/X5/X5-11-DZ/F012/F012_016.wav,is there a traffic jam on shenzhen street
539,news,english/dzdm/X5/X5-11-DZ/F012/F012_008.wav,i want to read some entertainment news
540,map,english/dzdm/X5/X5-13-DZ/F016/F016_195.wav,so ho nearby
541,cmd,english/dzdm/X5/X5-11-DZ/F011/F011_035.wav,back to the main interface
542,telephone,english/dzdm/X5/X5-18-DZ/M016/M016_117.wav,dial nine five five five nine
543,traffic,english/dzdm/X5/X5-20-DZ/M019/M019_020.wav,how is the traffic at the intersection of area one main fourth road and shenzhen street
544,traffic,english/dzdm/X5/X5-12-DZ/F013/F013_023.wav,chongqing south street's traffic
545,map,english/dzdm/X5/X5-15-DZ/F019/F019_207.wav,craft and gift shop nearby
546,telephone,english/dzdm/X5/X5-19-DZ/M018/M018_131.wav,i want to show the call history
547,scheduled_destination,english/dzdm/X5/X5-20-DZ/M019/M019_003.wav,i want to check my agenda on wednesday
548,map,english/dzdm/X5/X5-12-DZ/F014/F014_168.wav,navigate to the crossroad between chongqing third ring expressway and suzhou bridge
549,telephone,english/dzdm/X5/X5-18-DZ/M016/M016_143.wav,please help me ring one three five eight five five eight zero eight five nine
550,wether,english/dzdm/X5/X5-17-DZ/M014/M014_044.wav,check nanjing's weather
551,help,english/dzdm/X5/X5-18-DZ/M016/M016_029.wav,could you show me how to use the traffic
552,telephone,english/dzdm/X5/X5-17-DZ/M014/M014_112.wav,help me to make a phone call to james green
553,map,english/dzdm/X5/X5-15-DZ/F020/F020_169.wav,where is the nearest general hospital
554,telephone,english/dzdm/X5/X5-15-DZ/F019/F019_115.wav,ring sarah smith
555,cmd,english/dzdm/X5/X5-19-DZ/M017/M017_041.wav,call the sixth number
556,radio,english/dzdm/X5/X5-18-DZ/M016/M016_066.wav,turn on the radio station fm eighty eight point five
557,wether,english/dzdm/X5/X5-19-DZ/M018/M018_055.wav,is there rain in chongqing on september fifteenth
558,telephone,english/dzdm/X5/X5-19-DZ/M017/M017_127.wav,call nokia careline's china unicom number
559,scheduled_destination,english/dzdm/X5/X5-20-DZ/M020/M020_010.wav,scheduled destination
560,map,english/dzdm/X5/X5-17-DZ/M013/M013_176.wav,drive me to west ring road south ten
561,map,english/dzdm/X5/X5-13-DZ/F016/F016_151.wav,any chinese restaurant nearby
562,map,english/dzdm/X5/X5-16-DZ/M011/M011_163.wav,start to guide
563,radio,english/dzdm/X5/X5-15-DZ/F019/F019_072.wav,would you mind going to fm ninety three
564,wether,english/dzdm/X5/X5-19-DZ/M018/M018_057.wav,is it raining in shanghai
565,radio,english/dzdm/X5/X5-15-DZ/F019/F019_075.wav,would you mind going to one zero three point seven
566,map,english/dzdm/X5/X5-11-DZ/F011/F011_200.wav,how do i get to shanghai volkswagen technology center east gate
567,traffic,english/dzdm/X5/X5-16-DZ/M012/M012_016.wav,is there a traffic jam on shenzhen street
568,telephone,english/dzdm/X5/X5-16-DZ/M012/M012_141.wav,ring up manoj ananta immediately
569,traffic,english/dzdm/X5/X5-13-DZ/F015/F015_019.wav,check the traffic around my way home
570,telephone,english/dzdm/X5/X5-13-DZ/F016/F016_121.wav,could you help me call four o o six o o six six five five
571,map,english/dzdm/X5/X5-20-DZ/M019/M019_149.wav,where is the nearest accommodation
572,map,english/dzdm/X5/X5-18-DZ/M015/M015_203.wav,take me home
573,map,english/dzdm/X5/X5-17-DZ/M013/M013_153.wav,where is the nearest embassy of the united states in china visa office
574,wether,english/dzdm/X5/X5-13-DZ/F015/F015_056.wav,what s the temperature in shenzhen now
575,cmd,english/dzdm/X5/X5-13-DZ/F015/F015_037.wav,choose the second line
576,traffic,english/dzdm/X5/X5-17-DZ/M013/M013_016.wav,is there a traffic jam on middle street second alley
577,radio,english/dzdm/X5/X5-20-DZ/M020/M020_070.wav,fm nine four
578,telephone,english/dzdm/X5/X5-11-DZ/F012/F012_135.wav,dial kitty
579,wether,english/dzdm/X5/X5-16-DZ/M011/M011_050.wav,what s the weather like on november fourth
580,help,english/dzdm/X5/X5-11-DZ/F011/F011_033.wav,instructions for media
581,news,english/dzdm/X5/X5-13-DZ/F016/F016_008.wav,i want to read some news about politics news
582,wether,english/dzdm/X5/X5-18-DZ/M016/M016_049.wav,can you tell me the weather in guangzhou february eleventh
583,map,english/dzdm/X5/X5-20-DZ/M020/M020_210.wav,ktv nearby
584,help,english/dzdm/X5/X5-18-DZ/M016/M016_031.wav,could you show me how to use the voice
585,map,english/dzdm/X5/X5-19-DZ/M018/M018_214.wav,where is the closest hilton hotel group
586,map,english/dzdm/X5/X5-20-DZ/M020/M020_160.wav,the nearest art gallery
587,map,english/dzdm/X5/X5-19-DZ/M018/M018_200.wav,go to the nearest chongqing
588,map,english/dzdm/X5/X5-19-DZ/M018/M018_182.wav,take me to the nearest united hotel
589,help,english/dzdm/X5/X5-14-DZ/F018/F018_030.wav,can you tell me how to use the voice function
590,help,english/dzdm/X5/X5-20-DZ/M020/M020_031.wav,help me
591,map,english/dzdm/X5/X5-19-DZ/M018/M018_172.wav,i want to drive to the seven star
592,telephone,english/dzdm/X5/X5-19-DZ/M017/M017_112.wav,i wanna call one five three nine seven three eight four three three four
593,map,english/dzdm/X5/X5-15-DZ/F020/F020_218.wav,i want to get some food near china welfare lottery
594,map,english/dzdm/X5/X5-20-DZ/M020/M020_198.wav,the nearest cinema
595,news,english/dzdm/X5/X5-15-DZ/F020/F020_014.wav,what s the latest headline today
596,radio,english/dzdm/X5/X5-16-DZ/M012/M012_066.wav,i want to hear am nine hundred and sixty three
597,news,english/dzdm/X5/X5-14-DZ/F018/F018_007.wav,i want to check some news about international news
598,scheduled_destination,english/dzdm/X5/X5-12-DZ/F014/F014_003.wav,i want to check agenda on july twenty fifth
599,meida,english/dzdm/X5/X5-16-DZ/M012/M012_099.wav,listen to ipod
600,radio,english/dzdm/X5/X5-20-DZ/M019/M019_067.wav,would you mind turning the radio to eighty eight point seven
601,map,english/dzdm/X5/X5-18-DZ/M016/M016_161.wav,help me locate the position of the nearest general hospital
602,telephone,english/dzdm/X5/X5-13-DZ/F016/F016_119.wav,phone number is one two three four five
603,map,english/dzdm/X5/X5-11-DZ/F011/F011_178.wav,take me to shenyang
604,map,english/dzdm/X5/X5-12-DZ/F014/F014_207.wav,i want to drive to the intersection between west ring road and seventh branch road
605,map,english/dzdm/X5/X5-12-DZ/F014/F014_212.wav,navigate to the intersection of chongqing middle road side road and chengdu road east first section
606,map,english/dzdm/X5/X5-19-DZ/M018/M018_160.wav,go to block d wanda plaza
607,wether,english/dzdm/X5/X5-15-DZ/F019/F019_046.wav,what s the weather like in chongqing on tuesday
608,meida,english/dzdm/X5/X5-11-DZ/F012/F012_090.wav,open bt media source
609,map,english/dzdm/X5/X5-13-DZ/F016/F016_198.wav,i want to find a brt near shanghai huangpu people's court
610,traffic,english/dzdm/X5/X5-13-DZ/F016/F016_023.wav,tell me the traffic around home
611,news,english/dzdm/X5/X5-16-DZ/M012/M012_013.wav,i want to view some international news
612,map,english/dzdm/X5/X5-14-DZ/F017/F017_174.wav,show me the skii near company
613,radio,english/dzdm/X5/X5-14-DZ/F017/F017_075.wav,play the radio to fm one hundred and two point five
614,telephone,english/dzdm/X5/X5-13-DZ/F016/F016_144.wav,please help me ring one three six five one four zero eight nine seven two
615,telephone,english/dzdm/X5/X5-13-DZ/F015/F015_129.wav,could you please call edwards
616,news,english/dzdm/X5/X5-12-DZ/F014/F014_011.wav,i want to check some social news
617,map,english/dzdm/X5/X5-14-DZ/F017/F017_211.wav,i want to find north west flavor snack
618,scheduled_destination,english/dzdm/X5/X5-19-DZ/M018/M018_005.wav,i want to check my agenda on saturday
619,map,english/dzdm/X5/X5-11-DZ/F012/F012_186.wav,i want to drive to the north america office park
620,cmd,english/dzdm/X5/X5-16-DZ/M011/M011_039.wav,choose the first
621,map,english/dzdm/X5/X5-18-DZ/M016/M016_198.wav,i want to find a brt near shanghai huangpu people's court
622,map,english/dzdm/X5/X5-14-DZ/F017/F017_188.wav,i want to go to spring garden
623,map,english/dzdm/X5/X5-14-DZ/F017/F017_183.wav,take me to block d wanda plaza
624,telephone,english/dzdm/X5/X5-19-DZ/M017/M017_113.wav,call love me's number starting with one eight nine
625,map,english/dzdm/X5/X5-17-DZ/M014/M014_159.wav,navigate to the intersection of guangzhou road and tianjin north road east first alley
626,news,english/dzdm/X5/X5-12-DZ/F013/F013_014.wav,i want to check some comprehensive news
627,map,english/dzdm/X5/X5-12-DZ/F014/F014_173.wav,navigate to the intersection between suzhou north alley and beijing middle road first alley
628,meida,english/dzdm/X5/X5-11-DZ/F011/F011_103.wav,open ipod media source
629,traffic,english/dzdm/X5/X5-12-DZ/F013/F013_020.wav,area one main fourth road's traffic
630,wether,english/dzdm/X5/X5-12-DZ/F014/F014_048.wav,is there rain in guangzhou
631,radio,english/dzdm/X5/X5-20-DZ/M020/M020_076.wav,frequency seven zero two
632,news,english/dzdm/X5/X5-19-DZ/M018/M018_011.wav,i want to check some news about society news
633,telephone,english/dzdm/X5/X5-14-DZ/F018/F018_123.wav,i want to check the call records
634,radio,english/dzdm/X5/X5-19-DZ/M018/M018_083.wav,switch the radio to nine one point nine
635,help,english/dzdm/X5/X5-17-DZ/M014/M014_029.wav,can you tell me how to use the traffic
636,traffic,english/dzdm/X5/X5-18-DZ/M016/M016_015.wav,is there traffic along the route
637,telephone,english/dzdm/X5/X5-11-DZ/F012/F012_134.wav,dial kiel
638,radio,english/dzdm/X5/X5-20-DZ/M019/M019_079.wav,could you go to am nine one eight
639,telephone,english/dzdm/X5/X5-16-DZ/M011/M011_137.wav,i would like to give daddy a call
640,map,english/dzdm/X5/X5-11-DZ/F012/F012_149.wav,navigate to post and telecommunication industry products quality supervision and inspection center
641,map,english/dzdm/X5/X5-17-DZ/M014/M014_190.wav,i want to go to the intersection of beijing ring road and tianjin north road east first alley
642,map,english/dzdm/X5/X5-11-DZ/F012/F012_199.wav,take me to the nearest palace museum
643,map,english/dzdm/X5/X5-18-DZ/M015/M015_189.wav,navigate to my office
644,map,english/dzdm/X5/X5-18-DZ/M015/M015_145.wav,drive me to the intersection between area one main fourth road and shenzhen street
645,meida,english/dzdm/X5/X5-20-DZ/M020/M020_092.wav,play victoria acosta's could this be love in usb
646,meida,english/dzdm/X5/X5-18-DZ/M015/M015_101.wav,are there any songs by jacky cheung
647,news,english/dzdm/X5/X5-15-DZ/F019/F019_011.wav,what s new in today's economy news
648,map,english/dzdm/X5/X5-13-DZ/F016/F016_170.wav,tell me which is the nearest ktv
649,telephone,english/dzdm/X5/X5-18-DZ/M015/M015_114.wav,connect to bell
650,wether,english/dzdm/X5/X5-12-DZ/F013/F013_047.wav,excuse me what s the weather like in chongqing
651,map,english/dzdm/X5/X5-20-DZ/M020/M020_176.wav,any local delicacy and popular restaurant nearby
652,map,english/dzdm/X5/X5-13-DZ/F016/F016_182.wav,which parking lot nearby has a vacancy
653,wether,english/dzdm/X5/X5-16-DZ/M012/M012_049.wav,will it snow july twenty fifth
654,telephone,english/dzdm/X5/X5-16-DZ/M011/M011_134.wav,i want to give chase a call
655,cmd,english/dzdm/X5/X5-15-DZ/F019/F019_038.wav,sixth line
656,radio,english/dzdm/X5/X5-13-DZ/F015/F015_069.wav,please switch to fm eighty nine point nine
657,map,english/dzdm/X5/X5-14-DZ/F018/F018_209.wav,where is the nearest people's square southwest gate
658,news,english/dzdm/X5/X5-18-DZ/M015/M015_009.wav,i want to read some news about comprehensive news
659,cmd,english/dzdm/X5/X5-20-DZ/M019/M019_035.wav,fifth line
660,telephone,english/dzdm/X5/X5-18-DZ/M015/M015_142.wav,francis
661,traffic,english/dzdm/X5/X5-13-DZ/F016/F016_018.wav,check the traffic around my home
662,telephone,english/dzdm/X5/X5-12-DZ/F013/F013_109.wav,please make a phone call to mohsin
663,traffic,english/dzdm/X5/X5-17-DZ/M013/M013_021.wav,number one road's traffic
664,help,english/dzdm/X5/X5-16-DZ/M011/M011_027.wav,how to use the music
665,traffic,english/dzdm/X5/X5-11-DZ/F011/F011_017.wav,how is the traffic around destination
666,telephone,english/dzdm/X5/X5-17-DZ/M013/M013_111.wav,please make a call to niki
667,cmd,english/dzdm/X5/X5-12-DZ/F014/F014_037.wav,the sixth line
668,telephone,english/dzdm/X5/X5-20-DZ/M020/M020_144.wav,i wanna call elijah leslie right now
669,radio,english/dzdm/X5/X5-15-DZ/F019/F019_078.wav,could you go to am nine zero nine
670,meida,english/dzdm/X5/X5-18-DZ/M015/M015_099.wav,are there any songs by jay chou
671,map,english/dzdm/X5/X5-15-DZ/F020/F020_176.wav,any local delicacy and popular restaurant nearby
672,radio,english/dzdm/X5/X5-17-DZ/M014/M014_071.wav,i wanna to hear the radio station fm eighty nine
673,map,english/dzdm/X5/X5-19-DZ/M018/M018_171.wav,i want to drive to the right way real estate
674,scheduled_destination,english/dzdm/X5/X5-12-DZ/F014/F014_004.wav,i want to check schedule on june thirteenth
675,wether,english/dzdm/X5/X5-12-DZ/F014/F014_055.wav,is it raining in hangzhou
676,map,english/dzdm/X5/X5-16-DZ/M012/M012_170.wav,i want to get to third space homeland parking lot
677,telephone,english/dzdm/X5/X5-19-DZ/M017/M017_115.wav,call mamam's number starting with one eight nine
678,wether,english/dzdm/X5/X5-15-DZ/F019/F019_052.wav,what s the weather like in beijing on march eighteenth
679,help,english/dzdm/X5/X5-15-DZ/F019/F019_033.wav,could you show me how to use the telephone function
680,cmd,english/dzdm/X5/X5-15-DZ/F019/F019_036.wav,fifth one
681,wether,english/dzdm/X5/X5-13-DZ/F016/F016_049.wav,can you tell me the weather in guangzhou february eleventh
682,map,english/dzdm/X5/X5-13-DZ/F016/F016_205.wav,i want to get some coffee near research institute of tv and electro acoustics
683,wether,english/dzdm/X5/X5-19-DZ/M017/M017_048.wav,what is the low temperature in nanjing
684,help,english/dzdm/X5/X5-12-DZ/F014/F014_029.wav,can you tell me how to use the traffic
685,radio,english/dzdm/X5/X5-16-DZ/M012/M012_078.wav,i want to listen to the radio station fm one zero three point seven
686,meida,english/dzdm/X5/X5-19-DZ/M018/M018_099.wav,i want to hear the this is us
687,telephone,english/dzdm/X5/X5-14-DZ/F017/F017_142.wav,help me redial
688,wether,english/dzdm/X5/X5-19-DZ/M018/M018_062.wav,what s the weather like in chengdu next week
689,help,english/dzdm/X5/X5-15-DZ/F019/F019_030.wav,can you tell me how to use the telephone function
690,meida,english/dzdm/X5/X5-16-DZ/M011/M011_086.wav,open usb media source please
691,radio,english/dzdm/X5/X5-15-DZ/F019/F019_067.wav,would you mind turning the radio to eighty eight point seven
692,map,english/dzdm/X5/X5-16-DZ/M012/M012_178.wav,find tourism institute of beijing union university
693,telephone,english/dzdm/X5/X5-14-DZ/F018/F018_119.wav,i want to show the accepted calls
694,map,english/dzdm/X5/X5-16-DZ/M012/M012_188.wav,i want to drive to the green vision gallery
695,scheduled_destination,english/dzdm/X5/X5-16-DZ/M011/M011_002.wav,i want to check schedule tomorrow
696,telephone,english/dzdm/X5/X5-16-DZ/M011/M011_141.wav,i would like to give doge a call
697,wether,english/dzdm/X5/X5-14-DZ/F018/F018_052.wav,is there rain in chengdu on december second
698,news,english/dzdm/X5/X5-17-DZ/M014/M014_009.wav,i want to check some sports news
699,radio,english/dzdm/X5/X5-20-DZ/M019/M019_064.wav,would you mind turning the radio to am nine hundred and sixty three
700,telephone,english/dzdm/X5/X5-16-DZ/M012/M012_130.wav,please dial julian
701,map,english/dzdm/X5/X5-19-DZ/M017/M017_184.wav,take me to site tech hotel
702,map,english/dzdm/X5/X5-15-DZ/F020/F020_205.wav,where is the general hospital
703,cmd,english/dzdm/X5/X5-19-DZ/M017/M017_042.wav,call the last number
704,traffic,english/dzdm/X5/X5-15-DZ/F019/F019_022.wav,how is the traffic at the intersection of west ring road and chongqing third ring expressway
705,map,english/dzdm/X5/X5-19-DZ/M018/M018_173.wav,i want to drive to the yangzhou restaurant
706,map,english/dzdm/X5/X5-14-DZ/F018/F018_194.wav,the nearest the palace museum
707,map,english/dzdm/X5/X5-18-DZ/M015/M015_174.wav,i want to drive to the intersection between wuhan road east section and beijing lady's street
708,map,english/dzdm/X5/X5-11-DZ/F011/F011_187.wav,i want to go to site tech plaza south gate
709,map,english/dzdm/X5/X5-17-DZ/M014/M014_176.wav,navigate to the crossroad between beijing middle road first alley and middle street second alley
710,map,english/dzdm/X5/X5-18-DZ/M016/M016_178.wav,tell me which is the nearest parking lot
711,radio,english/dzdm/X5/X5-12-DZ/F013/F013_077.wav,i would like to listen to am seven one one
712,map,english/dzdm/X5/X5-13-DZ/F016/F016_181.wav,the nearest parking lot
713,cmd,english/dzdm/X5/X5-19-DZ/M017/M017_037.wav,call the second number
714,map,english/dzdm/X5/X5-16-DZ/M011/M011_173.wav,chongqing
715,help,english/dzdm/X5/X5-15-DZ/F019/F019_026.wav,could you show me how to use the voice function
716,traffic,english/dzdm/X5/X5-11-DZ/F012/F012_018.wav,is there a traffic jam on chongqing third ring expressway
717,map,english/dzdm/X5/X5-19-DZ/M017/M017_169.wav,show me the reebok near home
718,traffic,english/dzdm/X5/X5-15-DZ/F019/F019_021.wav,how's the traffic at the intersection of number one road and chongqing south street
719,meida,english/dzdm/X5/X5-11-DZ/F012/F012_100.wav,play the usb
720,news,english/dzdm/X5/X5-16-DZ/M011/M011_011.wav,i want to read some sports news
721,map,english/dzdm/X5/X5-12-DZ/F014/F014_199.wav,navigate to the intersection between nanjing road and south second road
722,map,english/dzdm/X5/X5-19-DZ/M017/M017_202.wav,how do i get to united hotel
723,telephone,english/dzdm/X5/X5-12-DZ/F013/F013_135.wav,i would like to call betty
724,map,english/dzdm/X5/X5-19-DZ/M017/M017_152.wav,i want to get some food near korean fast food restaurant
725,map,english/dzdm/X5/X5-16-DZ/M011/M011_170.wav,navigate to guangzhou
726,cmd,english/dzdm/X5/X5-20-DZ/M019/M019_038.wav,sixth line
727,map,english/dzdm/X5/X5-13-DZ/F015/F015_174.wav,i want to drive to the intersection between wuhan road east section and beijing lady's street
728,meida,english/dzdm/X5/X5-13-DZ/F016/F016_098.wav,play the song by bon jovi in usb
729,map,english/dzdm/X5/X5-13-DZ/F016/F016_188.wav,where is the public toilets
730,meida,english/dzdm/X5/X5-12-DZ/F013/F013_086.wav,play song from a secret garden
731,help,english/dzdm/X5/X5-19-DZ/M017/M017_024.wav,could you show me how to use the telephone
732,cmd,english/dzdm/X5/X5-12-DZ/F013/F013_035.wav,choose the first one
733,news,english/dzdm/X5/X5-20-DZ/M019/M019_008.wav,what s new in today's national news
734,scheduled_destination,english/dzdm/X5/X5-15-DZ/F020/F020_009.wav,open scheduled destination
735,,english/dzdm/X5/X5-11-DZ/F011/F011_025.wav,how to use the navigation
736,help,english/dzdm/X5/X5-15-DZ/F020/F020_029.wav,what functions do you have
737,radio,english/dzdm/X5/X5-15-DZ/F020/F020_073.wav,am eight eight eight
738,telephone,english/dzdm/X5/X5-14-DZ/F018/F018_126.wav,check the call history
739,wether,english/dzdm/X5/X5-13-DZ/F016/F016_051.wav,what is the weather like in tianjin now
740,map,english/dzdm/X5/X5-17-DZ/M014/M014_208.wav,i want to drive to the intersection of beijing road and beijing ring road
741,map,english/dzdm/X5/X5-12-DZ/F014/F014_201.wav,navigate to the intersection of beijing east road and beijing middle road
742,map,english/dzdm/X5/X5-20-DZ/M019/M019_166.wav,where is the automobile
743,map,english/dzdm/X5/X5-17-DZ/M013/M013_193.wav,how do i go to back street east road three four
744,telephone,english/dzdm/X5/X5-12-DZ/F013/F013_122.wav,make a call to shiv kumar
745,telephone,english/dzdm/X5/X5-13-DZ/F015/F015_117.wav,connect to bass
746,map,english/dzdm/X5/X5-14-DZ/F017/F017_170.wav,show me the honda near home
747,cmd,english/dzdm/X5/X5-14-DZ/F018/F018_039.wav,third line
748,map,english/dzdm/X5/X5-13-DZ/F016/F016_212.wav,i want to grab some coffee near old beijing tradition clay oven rolls
749,map,english/dzdm/X5/X5-11-DZ/F011/F011_176.wav,wuhan
750,wether,english/dzdm/X5/X5-15-DZ/F019/F019_058.wav,how's the weather in wuhan tomorrow
751,help,english/dzdm/X5/X5-16-DZ/M011/M011_030.wav,how to use the agenda
752,cmd,english/dzdm/X5/X5-16-DZ/M011/M011_041.wav,the third
753,telephone,english/dzdm/X5/X5-18-DZ/M016/M016_109.wav,call four o o eight one o five eight five eight
754,telephone,english/dzdm/X5/X5-20-DZ/M019/M019_143.wav,give iverson a call back
755,meida,english/dzdm/X5/X5-16-DZ/M011/M011_102.wav,open ipod media source please
756,radio,english/dzdm/X5/X5-14-DZ/F017/F017_067.wav,turn the radio to nine hundred and ninety nine
757,map,english/dzdm/X5/X5-19-DZ/M017/M017_158.wav,i want to find the google along the route
758,map,english/dzdm/X5/X5-15-DZ/F020/F020_211.wav,library nearby
759,telephone,english/dzdm/X5/X5-18-DZ/M015/M015_109.wav,help me call raul please
760,traffic,english/dzdm/X5/X5-12-DZ/F013/F013_015.wav,is there a traffic jam on beijing middle road first alley
761,radio,english/dzdm/X5/X5-12-DZ/F014/F014_068.wav,i wanna to hear am nine hundred and eighty one
762,map,english/dzdm/X5/X5-18-DZ/M016/M016_173.wav,the nearest lodging
763,scheduled_destination,english/dzdm/X5/X5-11-DZ/F011/F011_006.wav,i need to check schedule today
764,telephone,english/dzdm/X5/X5-11-DZ/F012/F012_124.wav,ring jason
765,map,english/dzdm/X5/X5-13-DZ/F015/F015_207.wav,cancel
766,map,english/dzdm/X5/X5-16-DZ/M012/M012_162.wav,i want to go to seven star
767,telephone,english/dzdm/X5/X5-20-DZ/M020/M020_123.wav,can you call ricky
768,telephone,english/dzdm/X5/X5-19-DZ/M017/M017_110.wav,i would also like to call one four five two four one nine seven two three four
769,radio,english/dzdm/X5/X5-12-DZ/F013/F013_081.wav,i would like to listen to the radio station fm eighty nine point five
770,map,english/dzdm/X5/X5-18-DZ/M015/M015_178.wav,drive me to the intersection between suzhou north alley and beijing middle road first alley
771,telephone,english/dzdm/X5/X5-12-DZ/F013/F013_134.wav,i would like to call jack
772,map,english/dzdm/X5/X5-13-DZ/F016/F016_148.wav,where is the nearest gas station
773,map,english/dzdm/X5/X5-14-DZ/F018/F018_188.wav,the nearest china women's university
774,cmd,english/dzdm/X5/X5-13-DZ/F015/F015_042.wav,choose the last line
775,meida,english/dzdm/X5/X5-11-DZ/F011/F011_087.wav,open usb media source
776,map,english/dzdm/X5/X5-12-DZ/F014/F014_210.wav,navigate to the intersection between guangzhou road and tianjin north street
777,help,english/dzdm/X5/X5-17-DZ/M013/M013_030.wav,instructions about agenda
778,map,english/dzdm/X5/X5-19-DZ/M018/M018_180.wav,i want to drive to sunny new trunk
779,map,english/dzdm/X5/X5-17-DZ/M013/M013_174.wav,navigate to south ring road two
780,telephone,english/dzdm/X5/X5-15-DZ/F020/F020_130.wav,could you call wafer
781,telephone,english/dzdm/X5/X5-14-DZ/F017/F017_141.wav,help me redial back
782,map,english/dzdm/X5/X5-20-DZ/M020/M020_196.wav,the nearest chinese restaurant
783,telephone,english/dzdm/X5/X5-13-DZ/F016/F016_126.wav,please help me dial o five five one six two two o six one one o
784,radio,english/dzdm/X5/X5-13-DZ/F015/F015_071.wav,please switch to one hundred and six point four
785,help,english/dzdm/X5/X5-16-DZ/M012/M012_030.wav,instructions for agenda
786,traffic,english/dzdm/X5/X5-15-DZ/F019/F019_015.wav,how is the traffic at the intersection of south suzhou road and south suzhou road
787,meida,english/dzdm/X5/X5-13-DZ/F015/F015_096.wav,are there any songs by taylor swift
788,map,english/dzdm/X5/X5-17-DZ/M014/M014_210.wav,navigate to the intersection between guangzhou road and tianjin north street
789,telephone,english/dzdm/X5/X5-19-DZ/M017/M017_133.wav,help me call back
790,map,english/dzdm/X5/X5-20-DZ/M020/M020_195.wav,the nearest car rental
791,map,english/dzdm/X5/X5-14-DZ/F018/F018_214.wav,where is the closest hilton hotel group
792,news,english/dzdm/X5/X5-13-DZ/F015/F015_007.wav,i want to check some technology news
793,telephone,english/dzdm/X5/X5-13-DZ/F016/F016_129.wav,please dial the number nine five five one six
794,radio,english/dzdm/X5/X5-19-DZ/M018/M018_078.wav,switch the radio to am eight hundred and ninety one
795,map,english/dzdm/X5/X5-13-DZ/F016/F016_161.wav,help me locate the position of the nearest general hospital
796,telephone,english/dzdm/X5/X5-17-DZ/M013/M013_114.wav,please make a call to philip
797,telephone,english/dzdm/X5/X5-11-DZ/F012/F012_136.wav,dial laura
798,wether,english/dzdm/X5/X5-14-DZ/F018/F018_044.wav,is there rain in shenyang this week
799,map,english/dzdm/X5/X5-19-DZ/M018/M018_161.wav,find site tech hotel
800,meida,english/dzdm/X5/X5-13-DZ/F016/F016_094.wav,listen to nightwish's i want my tears back
