列表,业务,云端标注,本地标注
chinese/dzdm/X5/X5-5-DZ/M005/M005_116.wav,map,给我显示银泰的超市,给我显示银泰的超市
chinese/dzdm/X5/X5-5-DZ/M005/M005_195.wav,scheduled_destination,我想检查这周五的日程,我想检查这周五的日程
chinese/dzdm/X5/X5-5-DZ/M004/M004_009.wav,radio,播放fm频率九幺点四,播放fm频率九幺点四
chinese/dzdm/X5/X5-7-DZ/M009/M009_063.wav,telephone,打电话给苏州阳澄湖维景国际度假酒店,打电话给苏州阳澄湖维景国际度假酒店
chinese/dzdm/X5/X5-2-DZ/F005/F005_010.wav,radio,打开fm频率九一点七,打开fm频率九一点七
chinese/dzdm/X5/X5-6-DZ/M007/M007_057.wav,telephone,接通华硕钱经理,接通华硕钱经理
chinese/dzdm/X5/X5-6-DZ/M006/M006_054.wav,telephone,请拨打王平,请拨打王平
chinese/dzdm/X5/X5-5-DZ/M003/M003_171.wav,wether,敦煌有没有沙尘暴,敦煌有没有沙尘暴
chinese/dzdm/X5/X5-1-DZ/F002/F002_211.wav,,我想听亲宝儿歌,我想听亲宝儿歌
chinese/dzdm/X5/X5-1-DZ/F001/F001_180.wav,wether,星期六会下雨吗,星期六会下雨吗
chinese/dzdm/X5/X5-5-DZ/M004/M004_172.wav,wether,明天的雨是不是很大,明天的雨是不是很大
chinese/dzdm/X5/X5-7-DZ/M010/M010_171.wav,new,上个星期三的新闻,上个星期三的新闻
chinese/dzdm/X5/X5-5-DZ/M005/M005_198.wav,scheduled_destination,我想检查十二月二号的日程,我想检查十二月二号的日程
chinese/dzdm/X5/X5-7-DZ/M009/M009_031.wav,meida,我要听hold不住的爱,我要听hold不住的爱
chinese/dzdm/X5/X5-3-DZ/F009/F009_215.wav,,播放李阳疯狂英语突破对话,播放李阳疯狂英语突破对话
chinese/dzdm/X5/X5-2-DZ/F004/F004_144.wav,map,我想找目的地附近的酒吧,我想找目的地附近的酒吧
chinese/dzdm/X5/X5-6-DZ/M006/M006_095.wav,map,把我带到我的单位,把我带到我的单位
chinese/dzdm/X5/X5-4-DZ/M002/M002_216.wav,,打开晓松奇谈2014,打开晓松奇谈2014
chinese/dzdm/X5/X5-1-DZ/F001/F001_207.wav,cmd,下一页,下一页
chinese/dzdm/X5/X5-2-DZ/F005/F005_192.wav,new,我想阅读关于国际新闻的新闻,我想阅读关于国际新闻的新闻
chinese/dzdm/X5/X5-4-DZ/M002/M002_163.wav,traffic,城中路上向东方向交通状况,城中路上向东方向交通状况
chinese/dzdm/X5/X5-5-DZ/M004/M004_159.wav,traffic,大通路上向南方向路况,大通路上向南方向路况
chinese/dzdm/X5/X5-6-DZ/M006/M006_165.wav,traffic,打开实时交通,打开实时交通
chinese/dzdm/X5/X5-7-DZ/M010/M010_097.wav,map,导航到阿盟造型,导航到阿盟造型
chinese/dzdm/X5/X5-4-DZ/F010/F010_122.wav,map,导航到仁和街与白鹤街路口,导航到仁和街与白鹤街路口
chinese/dzdm/X5/X5-6-DZ/M006/M006_141.wav,map,怎么去白兰路上的公交站,怎么去白兰路上的公交站
chinese/dzdm/X5/X5-3-DZ/F008/F008_021.wav,meida,我想听闹够了没有,我想听闹够了没有
chinese/dzdm/X5/X5-1-DZ/F001/F001_161.wav,traffic,马连洼北路上堵车吗,马连洼北路上堵车吗
chinese/dzdm/X5/X5-1-DZ/F002/F002_104.wav,map,我要到安西路与利西路交口,我要到安西路与利西路交口
chinese/dzdm/X5/X5-4-DZ/M001/M001_052.wav,cmd,拨打,拨打
chinese/dzdm/X5/X5-1-DZ/F001/F001_187.wav,new,我想读一些社会新闻,我想读一些社会新闻
chinese/dzdm/X5/X5-2-DZ/F004/F004_057.wav,telephone,我还想呼叫幺三三五四七八九零二幺,我还想呼叫幺三三五四七八九零二幺
chinese/dzdm/X5/X5-3-DZ/F009/F009_174.wav,wether,明天刮风吗用不用穿衣服,明天刮风吗用不用穿衣服
chinese/dzdm/X5/X5-5-DZ/M004/M004_209.wav,,打开在线广播波波有理,打开在线广播波波有理
chinese/dzdm/X5/X5-2-DZ/F004/F004_124.wav,map,我想找森林海附近的银行,我想找森林海附近的银行
chinese/dzdm/X5/X5-2-DZ/F004/F004_047.wav,telephone,请帮我拨打幺八五五六五二幺四四四,请帮我拨打幺八五五六五二幺四四四
chinese/dzdm/X5/X5-4-DZ/M002/M002_219.wav,,打开治愈系,打开治愈系
chinese/dzdm/X5/X5-5-DZ/M005/M005_068.wav,telephone,我想给冯海峰打电话,我想给冯海峰打电话
chinese/dzdm/X5/X5-3-DZ/F007/F007_113.wav,map,导航到风剪,导航到风剪
chinese/dzdm/X5/X5-4-DZ/M002/M002_172.wav,wether,青岛后天啥天气,青岛后天啥天气
chinese/dzdm/X5/X5-5-DZ/M003/M003_055.wav,telephone,拨打麦扣的家庭号码,拨打麦扣的家庭号码
chinese/dzdm/X5/X5-6-DZ/M008/M008_202.wav,help,有哪些多媒体的命令,有哪些多媒体的命令
chinese/dzdm/X5/X5-6-DZ/M007/M007_059.wav,telephone,接通郭春禹,接通郭春禹
chinese/dzdm/X5/X5-1-DZ/F002/F002_123.wav,map,聚源路与长寿路交口,聚源路与长寿路交口
chinese/dzdm/X5/X5-6-DZ/M006/M006_196.wav,scheduled_destination,我想检查八月二十号的日程,我想检查八月二十号的日程
chinese/dzdm/X5/X5-2-DZ/F006/F006_135.wav,map,我想去北兰路上的kfc,我想去北兰路上的kfc
chinese/dzdm/X5/X5-5-DZ/M003/M003_026.wav,meida,王菲的匆匆那年,王菲的匆匆那年
chinese/dzdm/X5/X5-5-DZ/M003/M003_065.wav,telephone,拨打幺八七五五幺五九五九九,拨打幺八七五五幺五九五九九
chinese/dzdm/X5/X5-4-DZ/M002/M002_022.wav,meida,打开音源,打开音源
chinese/dzdm/X5/X5-6-DZ/M006/M006_088.wav,map,去办公室,去办公室
chinese/dzdm/X5/X5-5-DZ/M004/M004_047.wav,telephone,请帮我拨打幺八五五六五二幺四四四,请帮我拨打幺八五五六五二幺四四四
chinese/dzdm/X5/X5-6-DZ/M006/M006_217.wav,,在线广播蓝迪四季歌,在线广播蓝迪四季歌
chinese/dzdm/X5/X5-4-DZ/M002/M002_030.wav,meida,随便来几首,随便来几首
chinese/dzdm/X5/X5-1-DZ/F001/F001_023.wav,meida,听usb,听usb
chinese/dzdm/X5/X5-2-DZ/F005/F005_001.wav,radio,打开am七百七十四,打开am七百七十四
chinese/dzdm/X5/X5-3-DZ/F008/F008_196.wav,scheduled_destination,我想检查下周五的日程,我想检查下周五的日程
chinese/dzdm/X5/X5-4-DZ/F010/F010_102.wav,map,导航到安庄村,导航到安庄村
chinese/dzdm/X5/X5-4-DZ/M001/M001_195.wav,scheduled_destination,我想检查后天的日程,我想检查后天的日程
chinese/dzdm/X5/X5-1-DZ/F003/F003_090.wav,map,我要去安东路与大叶公路交叉口,我要去安东路与大叶公路交叉口
chinese/dzdm/X5/X5-4-DZ/M001/M001_034.wav,meida,媒体源切换,媒体源切换
chinese/dzdm/X5/X5-2-DZ/F005/F005_066.wav,telephone,我想给总监打电话,我想给总监打电话
chinese/dzdm/X5/X5-1-DZ/F002/F002_094.wav,map,福建路,福建路
chinese/dzdm/X5/X5-2-DZ/F006/F006_085.wav,map,回办公室,回办公室
chinese/dzdm/X5/X5-3-DZ/F007/F007_209.wav,,在线广播今晚80后脱口秀2013,在线广播今晚80后脱口秀2013
chinese/dzdm/X5/X5-1-DZ/F002/F002_172.wav,wether,青岛后天啥天气,青岛后天啥天气
chinese/dzdm/X5/X5-2-DZ/F005/F005_072.wav,telephone,我想打电话给孙磊,我想打电话给孙磊
chinese/dzdm/X5/X5-4-DZ/M002/M002_117.wav,map,我要去爱德路与灯明路交叉路口,我要去爱德路与灯明路交叉路口
chinese/dzdm/X5/X5-6-DZ/M006/M006_096.wav,map,开始引导,开始引导
chinese/dzdm/X5/X5-4-DZ/F010/F010_073.wav,telephone,拨打杜先生insert,拨打杜先生insert
chinese/dzdm/X5/X5-3-DZ/F009/F009_006.wav,radio,调频六一二,调频六一二
chinese/dzdm/X5/X5-5-DZ/M005/M005_006.wav,radio,打开fm九幺点五,打开fm九幺点五
chinese/dzdm/X5/X5-2-DZ/F004/F004_039.wav,meida,播放歌曲明天你好,播放歌曲明天你好
chinese/dzdm/X5/X5-5-DZ/M004/M004_120.wav,map,我想找艾比客附近的wc,我想找艾比客附近的wc
chinese/dzdm/X5/X5-2-DZ/F004/F004_062.wav,telephone,我想呼叫幺三三七八六六七七八零,我想呼叫幺三三七八六六七七八零
chinese/dzdm/X5/X5-2-DZ/F006/F006_128.wav,map,带我去望江西路上的麦当劳,带我去望江西路上的麦当劳
chinese/dzdm/X5/X5-1-DZ/F002/F002_136.wav,map,带我去爱辉路与长江西路十字口,带我去爱辉路与长江西路十字口
chinese/dzdm/X5/X5-7-DZ/M010/M010_118.wav,map,导航到二十四区三坊六巷一号首层,导航到二十四区三坊六巷一号首层
chinese/dzdm/X5/X5-3-DZ/F007/F007_095.wav,map,到西环中路的银行怎么走,到西环中路的银行怎么走
chinese/dzdm/X5/X5-2-DZ/F006/F006_098.wav,map,开始路线引导,开始路线引导
chinese/dzdm/X5/X5-4-DZ/M001/M001_214.wav,,最喜爱的电台,最喜爱的电台
chinese/dzdm/X5/X5-5-DZ/M003/M003_192.wav,new,我想读关于经济新闻,我想读关于经济新闻
chinese/dzdm/X5/X5-5-DZ/M003/M003_091.wav,map,我要去安东路与大叶公路交叉路口,我要去安东路与大叶公路交叉路口
chinese/dzdm/X5/X5-5-DZ/M005/M005_056.wav,telephone,拨打马军伟电话,拨打马军伟电话
chinese/dzdm/X5/X5-7-DZ/M010/M010_029.wav,meida,播放上一个歌曲名,播放上一个歌曲名
chinese/dzdm/X5/X5-6-DZ/M008/M008_060.wav,telephone,呼出记录,呼出记录
chinese/dzdm/X5/X5-5-DZ/M005/M005_222.wav,,接着播放口语天天练,接着播放口语天天练
chinese/dzdm/X5/X5-7-DZ/M009/M009_136.wav,map,周围的白云大厦万达广场a座,周围的白云大厦万达广场a座
chinese/dzdm/X5/X5-6-DZ/M007/M007_189.wav,new,军事相关的新闻,军事相关的新闻
chinese/dzdm/X5/X5-3-DZ/F007/F007_040.wav,meida,听一首默,听一首默
chinese/dzdm/X5/X5-3-DZ/F009/F009_118.wav,map,周围的ems快递,周围的ems快递
chinese/dzdm/X5/X5-7-DZ/M010/M010_156.wav,traffic,交通信息,交通信息
chinese/dzdm/X5/X5-5-DZ/M004/M004_100.wav,map,我要找艾比客附近的停车位,我要找艾比客附近的停车位
chinese/dzdm/X5/X5-6-DZ/M006/M006_166.wav,traffic,开启路况,开启路况
chinese/dzdm/X5/X5-1-DZ/F002/F002_087.wav,map,带我去前竖公路八百号,带我去前竖公路八百号
chinese/dzdm/X5/X5-5-DZ/M004/M004_155.wav,traffic,碧云路上向北方向路况通畅吗,碧云路上向北方向路况通畅吗
chinese/dzdm/X5/X5-3-DZ/F007/F007_216.wav,,收听在线广播麻衣世家,收听在线广播麻衣世家
chinese/dzdm/X5/X5-6-DZ/M006/M006_215.wav,,在线广播晚安心语,在线广播晚安心语
chinese/dzdm/X5/X5-1-DZ/F001/F001_189.wav,new,我想读一些娱乐新闻,我想读一些娱乐新闻
chinese/dzdm/X5/X5-3-DZ/F007/F007_148.wav,map,导航到农行绥化海伦华丰支行,导航到农行绥化海伦华丰支行
chinese/dzdm/X5/X5-6-DZ/M007/M007_061.wav,telephone,接通李长林,接通李长林
chinese/dzdm/X5/X5-5-DZ/M003/M003_096.wav,map,我要去安福路与乌鲁木齐中路十字路,我要去安福路与乌鲁木齐中路十字路
chinese/dzdm/X5/X5-3-DZ/F007/F007_082.wav,telephone,我想查看所有通话,我想查看所有通话
chinese/dzdm/X5/X5-3-DZ/F008/F008_080.wav,telephone,拨打申通快递的电话,拨打申通快递的电话
chinese/dzdm/X5/X5-6-DZ/M007/M007_089.wav,map,到北三环中路的公交站怎么走,到北三环中路的公交站怎么走
chinese/dzdm/X5/X5-6-DZ/M006/M006_167.wav,wether,未来一周北京的天气怎么样,未来一周北京的天气怎么样
chinese/dzdm/X5/X5-6-DZ/M008/M008_093.wav,map,导航到中国移动强胜指定专营店,导航到中国移动强胜指定专营店
chinese/dzdm/X5/X5-2-DZ/F006/F006_035.wav,meida,来首我爱他,来首我爱他
chinese/dzdm/X5/X5-2-DZ/F006/F006_218.wav,,在线广播世界-?睾?,在线广播世界-?睾?
chinese/dzdm/X5/X5-5-DZ/M003/M003_111.wav,map,我要去爱辉路和岭南路交叉路口,我要去爱辉路和岭南路交叉路口
chinese/dzdm/X5/X5-4-DZ/F010/F010_106.wav,map,导航到芭蕉坞,导航到芭蕉坞
chinese/dzdm/X5/X5-4-DZ/M002/M002_138.wav,map,带我去爱都路与美桂北路十字路口,带我去爱都路与美桂北路十字路口
chinese/dzdm/X5/X5-7-DZ/M009/M009_064.wav,telephone,打电话给上海绿地豪生全套房酒店,打电话给上海绿地豪生全套房酒店
chinese/dzdm/X5/X5-5-DZ/M005/M005_122.wav,map,公司附近的酒吧,公司附近的酒吧
chinese/dzdm/X5/X5-7-DZ/M009/M009_207.wav,,我想听今晚80后脱口秀2014,我想听今晚80后脱口秀2014
chinese/dzdm/X5/X5-4-DZ/M002/M002_012.wav,radio,听am,听am
chinese/dzdm/X5/X5-1-DZ/F002/F002_117.wav,map,我要去爱德路与灯明路交叉路口,我要去爱德路与灯明路交叉路口
chinese/dzdm/X5/X5-6-DZ/M006/M006_068.wav,telephone,拨打蔡先才,拨打蔡先才
chinese/dzdm/X5/X5-2-DZ/F005/F005_178.wav,wether,最近北海会不会有雨,最近北海会不会有雨
chinese/dzdm/X5/X5-2-DZ/F006/F006_191.wav,new,我想看关于国际新闻的新闻,我想看关于国际新闻的新闻
chinese/dzdm/X5/X5-3-DZ/F007/F007_190.wav,new,给我读今天最新的头条,给我读今天最新的头条
chinese/dzdm/X5/X5-2-DZ/F004/F004_175.wav,wether,星期一六安下雨吗,星期一六安下雨吗
chinese/dzdm/X5/X5-2-DZ/F006/F006_027.wav,meida,打开专辑其实我还好,打开专辑其实我还好
chinese/dzdm/X5/X5-1-DZ/F001/F001_130.wav,map,我想找堡镇大众商场五金经营部,我想找堡镇大众商场五金经营部
chinese/dzdm/X5/X5-6-DZ/M008/M008_129.wav,map,导航到抚顺德泰汽车修配有限公司,导航到抚顺德泰汽车修配有限公司
chinese/dzdm/X5/X5-3-DZ/F007/F007_094.wav,map,到西四环中路的邮局怎么走,到西四环中路的邮局怎么走
chinese/dzdm/X5/X5-5-DZ/M005/M005_071.wav,telephone,我想给王世航打电话,我想给王世航打电话
chinese/dzdm/X5/X5-5-DZ/M005/M005_113.wav,map,给我显示银泰的停车位,给我显示银泰的停车位
chinese/dzdm/X5/X5-1-DZ/F002/F002_002.wav,radio,我要听广播电台,我要听广播电台
chinese/dzdm/X5/X5-6-DZ/M008/M008_145.wav,map,导航到章光幺零幺发生发防脱发广中店,导航到章光幺零幺发生发防脱发广中店
chinese/dzdm/X5/X5-5-DZ/M004/M004_174.wav,wether,明晨泰山的气温如何,明晨泰山的气温如何
chinese/dzdm/X5/X5-3-DZ/F007/F007_222.wav,,打开葫芦娃,打开葫芦娃
chinese/dzdm/X5/X5-6-DZ/M008/M008_001.wav,radio,调到一零七点八,调到一零七点八
chinese/dzdm/X5/X5-2-DZ/F006/F006_042.wav,telephone,打个电话给王世航,打个电话给王世航
chinese/dzdm/X5/X5-5-DZ/M005/M005_024.wav,meida,播放歌曲年轮,播放歌曲年轮
chinese/dzdm/X5/X5-7-DZ/M009/M009_091.wav,map,导航到市场路口,导航到市场路口
chinese/dzdm/X5/X5-1-DZ/F001/F001_179.wav,wether,大后天的天气,大后天的天气
chinese/dzdm/X5/X5-6-DZ/M007/M007_019.wav,radio,调到一百零七点四,调到一百零七点四
chinese/dzdm/X5/X5-5-DZ/M003/M003_092.wav,map,我要去安义路与铜仁路交叉路口,我要去安义路与铜仁路交叉路口
chinese/dzdm/X5/X5-6-DZ/M007/M007_202.wav,help,我能说什么,我能说什么
chinese/dzdm/X5/X5-6-DZ/M007/M007_209.wav,,在线广播今晚80后脱口秀2013,在线广播今晚80后脱口秀2013
chinese/dzdm/X5/X5-6-DZ/M008/M008_030.wav,meida,我想听苏打绿的歌,我想听苏打绿的歌
chinese/dzdm/X5/X5-5-DZ/M003/M003_009.wav,radio,fm九十一点六,fm九十一点六
chinese/dzdm/X5/X5-6-DZ/M007/M007_076.wav,,我想立刻呼叫刘少伟,我想立刻呼叫刘少伟
chinese/dzdm/X5/X5-7-DZ/M010/M010_176.wav,help,有哪些新闻的说法,有哪些新闻的说法
chinese/dzdm/X5/X5-6-DZ/M008/M008_072.wav,telephone,呼叫谢春虎,呼叫谢春虎
chinese/dzdm/X5/X5-3-DZ/F009/F009_012.wav,radio,我想听广播频道五百三十三,我想听广播频道五百三十三
chinese/dzdm/X5/X5-7-DZ/M009/M009_157.wav,traffic,到目的地堵不堵,到目的地堵不堵
chinese/dzdm/X5/X5-2-DZ/F004/F004_111.wav,map,我想找加油站附近的wc,我想找加油站附近的wc
chinese/dzdm/X5/X5-2-DZ/F004/F004_117.wav,map,我想找肯德基附近的厕所,我想找肯德基附近的厕所
chinese/dzdm/X5/X5-3-DZ/F007/F007_058.wav,telephone,接通赵志纯,接通赵志纯
chinese/dzdm/X5/X5-1-DZ/F001/F001_162.wav,traffic,人民北路上堵车吗,人民北路上堵车吗
chinese/dzdm/X5/X5-2-DZ/F005/F005_118.wav,map,给我显示银泰的饭店,给我显示银泰的饭店
chinese/dzdm/X5/X5-2-DZ/F005/F005_142.wav,map,目的地附近的咖啡厅,目的地附近的咖啡厅
chinese/dzdm/X5/X5-6-DZ/M008/M008_152.wav,map,导航到中国人民银行英吉沙县支行,导航到中国人民银行英吉沙县支行
chinese/dzdm/X5/X5-7-DZ/M010/M010_153.wav,traffic,目的地附近的交通情况,目的地附近的交通情况
chinese/dzdm/X5/X5-6-DZ/M008/M008_201.wav,help,有哪些收音机的命令,有哪些收音机的命令
chinese/dzdm/X5/X5-2-DZ/F005/F005_041.wav,meida,打开专辑范特西,打开专辑范特西
chinese/dzdm/X5/X5-5-DZ/M004/M004_027.wav,meida,播放刘德华的回家的路,播放刘德华的回家的路
chinese/dzdm/X5/X5-5-DZ/M003/M003_033.wav,meida,筷子兄弟的奔跑吧兄弟,筷子兄弟的奔跑吧兄弟
chinese/dzdm/X5/X5-1-DZ/F003/F003_127.wav,map,带我去安仁街和人民路交口,带我去安仁街和人民路交口
chinese/dzdm/X5/X5-6-DZ/M006/M006_131.wav,map,我想去黄山路上的必胜客,我想去黄山路上的必胜客
chinese/dzdm/X5/X5-7-DZ/M009/M009_144.wav,map,附近哪个停车场有位置,附近哪个停车场有位置
chinese/dzdm/X5/X5-1-DZ/F001/F001_061.wav,telephone,拨打章继东电话,拨打章继东电话
chinese/dzdm/X5/X5-4-DZ/M001/M001_181.wav,wether,昨天有没有下雨,昨天有没有下雨
chinese/dzdm/X5/X5-7-DZ/M009/M009_188.wav,new,劳动节的新闻,劳动节的新闻
chinese/dzdm/X5/X5-6-DZ/M007/M007_014.wav,radio,调到五三五,调到五三五
chinese/dzdm/X5/X5-4-DZ/M002/M002_035.wav,meida,我想听音乐,我想听音乐
chinese/dzdm/X5/X5-5-DZ/M003/M003_141.wav,map,我想开车去安驰路和于田南路交叉路口,我想开车去安驰路和于田南路交叉路口
chinese/dzdm/X5/X5-3-DZ/F008/F008_184.wav,new,今天有什么头条新闻,今天有什么头条新闻
chinese/dzdm/X5/X5-6-DZ/M008/M008_005.wav,radio,调到am一千零七十一,调到am一千零七十一
chinese/dzdm/X5/X5-6-DZ/M007/M007_026.wav,meida,来一首邓紫棋的歌,来一首邓紫棋的歌
chinese/dzdm/X5/X5-6-DZ/M006/M006_208.wav,cmd,呼叫第六个号码,呼叫第六个号码
chinese/dzdm/X5/X5-1-DZ/F003/F003_198.wav,scheduled_destination,我想检查劳动节的日程,我想检查劳动节的日程
chinese/dzdm/X5/X5-1-DZ/F002/F002_160.wav,traffic,上庄路上向东方向堵吗,上庄路上向东方向堵吗
chinese/dzdm/X5/X5-3-DZ/F008/F008_033.wav,meida,我想听雷佳的歌,我想听雷佳的歌
chinese/dzdm/X5/X5-7-DZ/M010/M010_082.wav,map,导航到东街路口,导航到东街路口
chinese/dzdm/X5/X5-4-DZ/M001/M001_036.wav,meida,请帮我打开媒体源,请帮我打开媒体源
chinese/dzdm/X5/X5-6-DZ/M008/M008_103.wav,map,导航到龙洞路口,导航到龙洞路口
chinese/dzdm/X5/X5-5-DZ/M005/M005_066.wav,telephone,我想给总监打电话,我想给总监打电话
chinese/dzdm/X5/X5-3-DZ/F007/F007_033.wav,meida,来一首王菲的歌,来一首王菲的歌
chinese/dzdm/X5/X5-6-DZ/M008/M008_154.wav,map,导航到指媚美甲,导航到指媚美甲
chinese/dzdm/X5/X5-5-DZ/M004/M004_041.wav,meida,播放歌曲南山南,播放歌曲南山南
chinese/dzdm/X5/X5-4-DZ/F010/F010_006.wav,radio,转到广播频道fm九一六,转到广播频道fm九一六
chinese/dzdm/X5/X5-4-DZ/M002/M002_048.wav,telephone,给李鹏维去电话,给李鹏维去电话
chinese/dzdm/X5/X5-4-DZ/M001/M001_016.wav,radio,听电台,听电台
chinese/dzdm/X5/X5-5-DZ/M005/M005_070.wav,telephone,我想给王婕打电话,我想给王婕打电话
chinese/dzdm/X5/X5-1-DZ/F001/F001_153.wav,map,导航到振业路九十号,导航到振业路九十号
chinese/dzdm/X5/X5-7-DZ/M009/M009_044.wav,telephone,给湖南佳程酒店打电话,给湖南佳程酒店打电话
chinese/dzdm/X5/X5-1-DZ/F001/F001_127.wav,map,我想到中国石化加油站陕西南路,我想到中国石化加油站陕西南路
chinese/dzdm/X5/X5-2-DZ/F004/F004_017.wav,radio,播放广播到fm九幺六,播放广播到fm九幺六
chinese/dzdm/X5/X5-7-DZ/M009/M009_025.wav,meida,我想听专辑出塞曲,我想听专辑出塞曲
chinese/dzdm/X5/X5-6-DZ/M006/M006_132.wav,map,我想去青年路上的银行,我想去青年路上的银行
chinese/dzdm/X5/X5-6-DZ/M008/M008_165.wav,traffic,长春市二道区自由大路和临河街交口的路况,长春市二道区自由大路和临河街交口的路况
chinese/dzdm/X5/X5-3-DZ/F009/F009_136.wav,map,周围的白云大厦万达广场a座,周围的白云大厦万达广场a座
chinese/dzdm/X5/X5-5-DZ/M004/M004_015.wav,radio,播放广播到fm九幺点幺,播放广播到fm九幺点幺
chinese/dzdm/X5/X5-1-DZ/F002/F002_159.wav,traffic,人民路上路况好不好,人民路上路况好不好
chinese/dzdm/X5/X5-3-DZ/F008/F008_201.wav,help,有哪些收音机的命令,有哪些收音机的命令
chinese/dzdm/X5/X5-1-DZ/F001/F001_167.wav,wether,查一下合肥的天气,查一下合肥的天气
chinese/dzdm/X5/X5-2-DZ/F005/F005_203.wav,help,你会干什么,你会干什么
chinese/dzdm/X5/X5-3-DZ/F007/F007_078.wav,telephone,我要显示所有通话,我要显示所有通话
chinese/dzdm/X5/X5-2-DZ/F004/F004_139.wav,map,我要找目的地附近的书店,我要找目的地附近的书店
chinese/dzdm/X5/X5-3-DZ/F007/F007_067.wav,,哦请呼叫黄炳明,哦请呼叫黄炳明
chinese/dzdm/X5/X5-7-DZ/M010/M010_135.wav,map,导航到牛心屯五街与熊家岗路路口,导航到牛心屯五街与熊家岗路路口
chinese/dzdm/X5/X5-6-DZ/M007/M007_104.wav,map,导航到六号路和一号路路口,导航到六号路和一号路路口
chinese/dzdm/X5/X5-5-DZ/M005/M005_039.wav,meida,打开专辑所以变快乐,打开专辑所以变快乐
chinese/dzdm/X5/X5-4-DZ/M002/M002_017.wav,radio,am五百七十六,am五百七十六
chinese/dzdm/X5/X5-2-DZ/F004/F004_075.wav,telephone,拨打鑫华通的幺三三号码,拨打鑫华通的幺三三号码
chinese/dzdm/X5/X5-6-DZ/M006/M006_082.wav,telephone,你可以呼叫润众徐总吗,你可以呼叫润众徐总吗
chinese/dzdm/X5/X5-6-DZ/M008/M008_148.wav,map,导航到张家屯,导航到张家屯
chinese/dzdm/X5/X5-5-DZ/M004/M004_018.wav,radio,播放广播到fm九幺三,播放广播到fm九幺三
chinese/dzdm/X5/X5-5-DZ/M004/M004_214.wav,,打开在线广播吴晓波频道,打开在线广播吴晓波频道
chinese/dzdm/X5/X5-2-DZ/F005/F005_097.wav,map,给我显示融侨天骏的健身馆,给我显示融侨天骏的健身馆
chinese/dzdm/X5/X5-5-DZ/M003/M003_085.wav,map,我要到安辰路与a五高速公路十字路口,我要到安辰路与a五高速公路十字路口
chinese/dzdm/X5/X5-1-DZ/F001/F001_080.wav,telephone,给立彬去电话,给立彬去电话
chinese/dzdm/X5/X5-5-DZ/M004/M004_081.wav,telephone,帮我重拨回去,帮我重拨回去
chinese/dzdm/X5/X5-3-DZ/F009/F009_111.wav,map,导航到李青街和中华路路口,导航到李青街和中华路路口
chinese/dzdm/X5/X5-1-DZ/F003/F003_156.wav,traffic,城中路上向西方向堵车吗,城中路上向西方向堵车吗
chinese/dzdm/X5/X5-5-DZ/M005/M005_196.wav,scheduled_destination,我想检查这周六的日程,我想检查这周六的日程
chinese/dzdm/X5/X5-6-DZ/M006/M006_081.wav,telephone,你可以呼叫谢小东吗,你可以呼叫谢小东吗
chinese/dzdm/X5/X5-1-DZ/F003/F003_020.wav,radio,播放fm九十一点七,播放fm九十一点七
chinese/dzdm/X5/X5-4-DZ/M001/M001_202.wav,help,如何使用导航,如何使用导航
chinese/dzdm/X5/X5-6-DZ/M007/M007_147.wav,map,导航到最近的大型超市,导航到最近的大型超市
chinese/dzdm/X5/X5-6-DZ/M006/M006_032.wav,meida,来首蜀绣,来首蜀绣
chinese/dzdm/X5/X5-1-DZ/F003/F003_011.wav,radio,播放am六二一,播放am六二一
chinese/dzdm/X5/X5-1-DZ/F002/F002_063.wav,telephone,给陈柳燕回个电话,给陈柳燕回个电话
chinese/dzdm/X5/X5-6-DZ/M008/M008_079.wav,telephone,拨打广州昊银凯莱酒店的电话,拨打广州昊银凯莱酒店的电话
chinese/dzdm/X5/X5-6-DZ/M008/M008_219.wav,,我想听郭德纲于谦相声全集,我想听郭德纲于谦相声全集
chinese/dzdm/X5/X5-1-DZ/F002/F002_152.wav,map,我要到鞍山支路与鞍山路交叉口,我要到鞍山支路与鞍山路交叉口
chinese/dzdm/X5/X5-5-DZ/M004/M004_218.wav,,我想听在线广播沥川往事,我想听在线广播沥川往事
chinese/dzdm/X5/X5-7-DZ/M009/M009_182.wav,new,二零一三年四月十四号的新闻,二零一三年四月十四号的新闻
chinese/dzdm/X5/X5-6-DZ/M007/M007_190.wav,new,给我读今天最新的头条,给我读今天最新的头条
chinese/dzdm/X5/X5-1-DZ/F003/F003_006.wav,radio,fm八七点一,fm八七点一
chinese/dzdm/X5/X5-5-DZ/M005/M005_205.wav,cmd,选择第五个,选择第五个
chinese/dzdm/X5/X5-6-DZ/M006/M006_086.wav,map,回公司,回公司
chinese/dzdm/X5/X5-4-DZ/M001/M001_210.wav,,打开电台,打开电台
chinese/dzdm/X5/X5-6-DZ/M006/M006_116.wav,map,沿金寨路上的邮局,沿金寨路上的邮局
chinese/dzdm/X5/X5-2-DZ/F004/F004_212.wav,,打开在线广播非常不着调,打开在线广播非常不着调
chinese/dzdm/X5/X5-5-DZ/M005/M005_181.wav,wether,有太阳吗,有太阳吗
chinese/dzdm/X5/X5-5-DZ/M004/M004_138.wav,map,我要找目的地附近的糕点房,我要找目的地附近的糕点房
chinese/dzdm/X5/X5-3-DZ/F008/F008_117.wav,map,导航到佛山市禅城区教育局,导航到佛山市禅城区教育局
chinese/dzdm/X5/X5-2-DZ/F006/F006_106.wav,map,停止路线引导,停止路线引导
chinese/dzdm/X5/X5-5-DZ/M003/M003_172.wav,wether,无锡下午天气怎样,无锡下午天气怎样
chinese/dzdm/X5/X5-4-DZ/M001/M001_173.wav,wether,查一下兰州后天会不会下雨,查一下兰州后天会不会下雨
chinese/dzdm/X5/X5-6-DZ/M006/M006_017.wav,radio,请切换到一千四百六十一,请切换到一千四百六十一
chinese/dzdm/X5/X5-4-DZ/M002/M002_072.wav,telephone,给吴碧澜回电话,给吴碧澜回电话
chinese/dzdm/X5/X5-1-DZ/F003/F003_067.wav,telephone,拨打一八一四七八三七二三五,拨打一八一四七八三七二三五
chinese/dzdm/X5/X5-5-DZ/M003/M003_110.wav,map,我要去安澜路和西藏南路交叉口,我要去安澜路和西藏南路交叉口
chinese/dzdm/X5/X5-2-DZ/F005/F005_003.wav,radio,打开am频率八一零,打开am频率八一零
chinese/dzdm/X5/X5-4-DZ/M001/M001_217.wav,,我想听郭德纲相声十年经典,我想听郭德纲相声十年经典
chinese/dzdm/X5/X5-6-DZ/M008/M008_205.wav,cmd,拨打第五个号码,拨打第五个号码
chinese/dzdm/X5/X5-4-DZ/M002/M002_207.wav,cmd,确定,确定
chinese/dzdm/X5/X5-6-DZ/M008/M008_178.wav,wether,合肥昨天有没有下雨,合肥昨天有没有下雨
chinese/dzdm/X5/X5-7-DZ/M010/M010_159.wav,wether,能告诉我一下明后天的长春什么天气吗,能告诉我一下明后天的长春什么天气吗
chinese/dzdm/X5/X5-7-DZ/M009/M009_027.wav,meida,我要听hold住你的心,我要听hold住你的心
chinese/dzdm/X5/X5-2-DZ/F005/F005_170.wav,wether,最近几天合肥的天气,最近几天合肥的天气
chinese/dzdm/X5/X5-1-DZ/F002/F002_021.wav,meida,请打开音源,请打开音源
chinese/dzdm/X5/X5-7-DZ/M009/M009_214.wav,,播放晚上十点周一―诉说心情聆听你我,播放晚上十点周一―诉说心情聆听你我
chinese/dzdm/X5/X5-2-DZ/F005/F005_200.wav,help,你会做什么,你会做什么
chinese/dzdm/X5/X5-1-DZ/F002/F002_190.wav,new,我想查看一些国内新闻,我想查看一些国内新闻
chinese/dzdm/X5/X5-5-DZ/M005/M005_207.wav,cmd,呼叫第一个号码,呼叫第一个号码
chinese/dzdm/X5/X5-4-DZ/F010/F010_043.wav,telephone,全部通话记录,全部通话记录
chinese/dzdm/X5/X5-3-DZ/F009/F009_165.wav,wether,查看天气预报,查看天气预报
chinese/dzdm/X5/X5-5-DZ/M004/M004_054.wav,telephone,请拨打幺八六四幺二幺二零零四,请拨打幺八六四幺二幺二零零四
chinese/dzdm/X5/X5-2-DZ/F005/F005_160.wav,traffic,前面堵车吗,前面堵车吗
chinese/dzdm/X5/X5-3-DZ/F009/F009_108.wav,map,导航到诚信路九百五十九号,导航到诚信路九百五十九号
chinese/dzdm/X5/X5-1-DZ/F002/F002_125.wav,map,带我到安福路与武康路交叉口,带我到安福路与武康路交叉口
chinese/dzdm/X5/X5-1-DZ/F001/F001_182.wav,new,今天的新闻,今天的新闻
chinese/dzdm/X5/X5-5-DZ/M004/M004_149.wav,map,我想找目的地附近的小学,我想找目的地附近的小学
chinese/dzdm/X5/X5-2-DZ/F004/F004_195.wav,scheduled_destination,我想检查元旦的日程,我想检查元旦的日程
chinese/dzdm/X5/X5-4-DZ/M001/M001_047.wav,telephone,帮我打电话,帮我打电话
chinese/dzdm/X5/X5-2-DZ/F004/F004_088.wav,map,我要去安辰路和a五高速公路交叉口,我要去安辰路和a五高速公路交叉口
chinese/dzdm/X5/X5-1-DZ/F002/F002_131.wav,map,带我去安东南路与大叶公路交叉口,带我去安东南路与大叶公路交叉口
chinese/dzdm/X5/X5-1-DZ/F001/F001_135.wav,map,到沁园村小区西北门,到沁园村小区西北门
chinese/dzdm/X5/X5-7-DZ/M010/M010_102.wav,map,导航到安庄村,导航到安庄村
chinese/dzdm/X5/X5-4-DZ/F010/F010_059.wav,telephone,包chris,包chris
chinese/dzdm/X5/X5-2-DZ/F005/F005_086.wav,map,我想找目的地附近的电脑城,我想找目的地附近的电脑城
chinese/dzdm/X5/X5-2-DZ/F005/F005_046.wav,telephone,帮我拨,帮我拨
chinese/dzdm/X5/X5-4-DZ/M001/M001_063.wav,telephone,拨打车险电话,拨打车险电话
chinese/dzdm/X5/X5-5-DZ/M004/M004_083.wav,telephone,帮我打回去,帮我打回去
chinese/dzdm/X5/X5-1-DZ/F003/F003_038.wav,meida,播放匆匆那年,播放匆匆那年
chinese/dzdm/X5/X5-6-DZ/M006/M006_142.wav,map,怎么去长江路上的汽车站,怎么去长江路上的汽车站
chinese/dzdm/X5/X5-2-DZ/F004/F004_150.wav,map,我想找目的地附近的中学,我想找目的地附近的中学
chinese/dzdm/X5/X5-4-DZ/F010/F010_030.wav,meida,切换到下一个歌曲名,切换到下一个歌曲名
chinese/dzdm/X5/X5-2-DZ/F005/F005_091.wav,map,我想找目的地附近的高中,我想找目的地附近的高中
chinese/dzdm/X5/X5-5-DZ/M003/M003_057.wav,telephone,拨打幺三八幺两三六四六七九,拨打幺三八幺两三六四六七九
chinese/dzdm/X5/X5-2-DZ/F005/F005_053.wav,telephone,帮我拨打刚才的电话,帮我拨打刚才的电话
chinese/dzdm/X5/X5-5-DZ/M004/M004_203.wav,help,电话语音指令有哪些,电话语音指令有哪些
chinese/dzdm/X5/X5-3-DZ/F008/F008_032.wav,meida,我想听beyond的歌,我想听beyond的歌
chinese/dzdm/X5/X5-5-DZ/M004/M004_087.wav,map,我要去安泽路和保德路交口,我要去安泽路和保德路交口
chinese/dzdm/X5/X5-4-DZ/M001/M001_097.wav,map,带我到龙威大药房申北路店,带我到龙威大药房申北路店
chinese/dzdm/X5/X5-1-DZ/F002/F002_016.wav,radio,am五百六十七,am五百六十七
chinese/dzdm/X5/X5-5-DZ/M004/M004_012.wav,radio,播放广播到am七百二十九,播放广播到am七百二十九
chinese/dzdm/X5/X5-3-DZ/F008/F008_208.wav,cmd,否,否
chinese/dzdm/X5/X5-3-DZ/F007/F007_005.wav,radio,请切换到fm幺零七六,请切换到fm幺零七六
chinese/dzdm/X5/X5-4-DZ/F010/F010_039.wav,meida,上一曲,上一曲
chinese/dzdm/X5/X5-4-DZ/M001/M001_127.wav,map,我想到中国石化加油站陕西南路,我想到中国石化加油站陕西南路
chinese/dzdm/X5/X5-1-DZ/F002/F002_210.wav,,我想听十点读书,我想听十点读书
chinese/dzdm/X5/X5-1-DZ/F001/F001_132.wav,map,去怡祥居西苑东南门,去怡祥居西苑东南门
chinese/dzdm/X5/X5-5-DZ/M005/M005_168.wav,wether,普陀山天气如何,普陀山天气如何
chinese/dzdm/X5/X5-6-DZ/M006/M006_125.wav,map,导航去金寨路上的地铁一号线,导航去金寨路上的地铁一号线
chinese/dzdm/X5/X5-3-DZ/F007/F007_024.wav,meida,来一首匆匆那年,来一首匆匆那年
chinese/dzdm/X5/X5-2-DZ/F004/F004_213.wav,,打开在线广播晓松奇谈2015,打开在线广播晓松奇谈2015
chinese/dzdm/X5/X5-6-DZ/M007/M007_066.wav,,哦请呼叫平版朱,哦请呼叫平版朱
chinese/dzdm/X5/X5-3-DZ/F008/F008_055.wav,telephone,我要显示呼出列表,我要显示呼出列表
chinese/dzdm/X5/X5-4-DZ/M001/M001_045.wav,telephone,拨打电话,拨打电话
chinese/dzdm/X5/X5-2-DZ/F004/F004_126.wav,map,我要找目的地附近的咖啡厅,我要找目的地附近的咖啡厅
chinese/dzdm/X5/X5-4-DZ/M002/M002_063.wav,telephone,给陈柳燕回个电话,给陈柳燕回个电话
chinese/dzdm/X5/X5-6-DZ/M008/M008_003.wav,radio,调到am一千零三十五,调到am一千零三十五
chinese/dzdm/X5/X5-2-DZ/F006/F006_014.wav,radio,切换广播到fm九一点二,切换广播到fm九一点二
chinese/dzdm/X5/X5-1-DZ/F002/F002_167.wav,wether,明天啥天气,明天啥天气
chinese/dzdm/X5/X5-6-DZ/M007/M007_072.wav,,我想立刻呼叫杨鸿钧,我想立刻呼叫杨鸿钧
chinese/dzdm/X5/X5-5-DZ/M004/M004_179.wav,wether,星期四黄山风景区会刮风么,星期四黄山风景区会刮风么
chinese/dzdm/X5/X5-5-DZ/M003/M003_120.wav,map,带我到安塞路和宜君路交叉口,带我到安塞路和宜君路交叉口
chinese/dzdm/X5/X5-1-DZ/F003/F003_141.wav,map,我想开车去安驰路和于田南路交叉路口,我想开车去安驰路和于田南路交叉路口
chinese/dzdm/X5/X5-4-DZ/F010/F010_141.wav,map,导航到棒约翰亦庄店,导航到棒约翰亦庄店
chinese/dzdm/X5/X5-1-DZ/F001/F001_124.wav,map,我想去中共三星镇委,我想去中共三星镇委
chinese/dzdm/X5/X5-2-DZ/F005/F005_013.wav,radio,打开fm频率九一点五,打开fm频率九一点五
chinese/dzdm/X5/X5-2-DZ/F005/F005_171.wav,wether,最近几天合肥高新区的天气,最近几天合肥高新区的天气
chinese/dzdm/X5/X5-4-DZ/F010/F010_038.wav,meida,上一首,上一首
chinese/dzdm/X5/X5-3-DZ/F008/F008_105.wav,map,导航到中山南二路五百五十七号,导航到中山南二路五百五十七号
chinese/dzdm/X5/X5-6-DZ/M008/M008_112.wav,map,导航到鑫得利好运发超市,导航到鑫得利好运发超市
chinese/dzdm/X5/X5-4-DZ/M002/M002_199.wav,help,音乐帮助,音乐帮助
chinese/dzdm/X5/X5-6-DZ/M007/M007_058.wav,telephone,接通赵志纯,接通赵志纯
chinese/dzdm/X5/X5-3-DZ/F009/F009_106.wav,map,导航到子龙路三十一号a栋一楼,导航到子龙路三十一号a栋一楼
chinese/dzdm/X5/X5-6-DZ/M006/M006_129.wav,map,带我去望江西路上的必胜客,带我去望江西路上的必胜客
chinese/dzdm/X5/X5-6-DZ/M008/M008_168.wav,wether,合肥啥天气,合肥啥天气
chinese/dzdm/X5/X5-2-DZ/F006/F006_025.wav,meida,打开专辑魔杰座,打开专辑魔杰座
chinese/dzdm/X5/X5-4-DZ/M002/M002_160.wav,traffic,上庄路上向东方向堵吗,上庄路上向东方向堵吗
chinese/dzdm/X5/X5-1-DZ/F001/F001_088.wav,map,导航打开,导航打开
chinese/dzdm/X5/X5-2-DZ/F004/F004_048.wav,telephone,请帮我拨打幺八五五四四五七八八七,请帮我拨打幺八五五四四五七八八七
chinese/dzdm/X5/X5-2-DZ/F005/F005_210.wav,,我想听在线广播马上有未来,我想听在线广播马上有未来
chinese/dzdm/X5/X5-3-DZ/F007/F007_060.wav,telephone,接通应维昊,接通应维昊
chinese/dzdm/X5/X5-6-DZ/M007/M007_185.wav,new,今天在社会方面有什么新闻,今天在社会方面有什么新闻
chinese/dzdm/X5/X5-3-DZ/F008/F008_222.wav,,我想听晚安心语,我想听晚安心语
chinese/dzdm/X5/X5-7-DZ/M010/M010_079.wav,telephone,打电话给jack章,打电话给jack章
chinese/dzdm/X5/X5-5-DZ/M003/M003_131.wav,map,带我去安边路和铜川路交叉路口,带我去安边路和铜川路交叉路口
chinese/dzdm/X5/X5-1-DZ/F001/F001_177.wav,wether,查一下明天的天气,查一下明天的天气
chinese/dzdm/X5/X5-1-DZ/F002/F002_179.wav,wether,明天阜阳会刮风么,明天阜阳会刮风么
chinese/dzdm/X5/X5-6-DZ/M008/M008_065.wav,telephone,已接电话,已接电话
chinese/dzdm/X5/X5-1-DZ/F002/F002_040.wav,meida,beyond,beyond
chinese/dzdm/X5/X5-2-DZ/F006/F006_107.wav,map,停止引导,停止引导
chinese/dzdm/X5/X5-1-DZ/F003/F003_019.wav,radio,播放am频率六九三,播放am频率六九三
chinese/dzdm/X5/X5-5-DZ/M004/M004_016.wav,radio,播放广播到fm九幺二,播放广播到fm九幺二
chinese/dzdm/X5/X5-4-DZ/F010/F010_164.wav,wether,今天的洗车指数怎么样,今天的洗车指数怎么样
chinese/dzdm/X5/X5-5-DZ/M005/M005_166.wav,traffic,我的路前方是否有交通堵塞,我的路前方是否有交通堵塞
chinese/dzdm/X5/X5-4-DZ/F010/F010_112.wav,map,导航到宝善路口,导航到宝善路口
chinese/dzdm/X5/X5-3-DZ/F009/F009_141.wav,map,附近有没有加油站,附近有没有加油站
chinese/dzdm/X5/X5-4-DZ/M002/M002_195.wav,scheduled_destination,我要检查下周的日程,我要检查下周的日程
chinese/dzdm/X5/X5-6-DZ/M008/M008_206.wav,cmd,拨打第六个号码,拨打第六个号码
chinese/dzdm/X5/X5-2-DZ/F005/F005_217.wav,,接着播放催眠故事汇,接着播放催眠故事汇
chinese/dzdm/X5/X5-5-DZ/M005/M005_167.wav,wether,昨天的合肥的天气怎么样,昨天的合肥的天气怎么样
chinese/dzdm/X5/X5-6-DZ/M007/M007_035.wav,meida,听一首回家的路,听一首回家的路
chinese/dzdm/X5/X5-1-DZ/F001/F001_209.wav,,电台,电台
chinese/dzdm/X5/X5-4-DZ/M002/M002_053.wav,telephone,给中兴吕工去电话,给中兴吕工去电话
chinese/dzdm/X5/X5-6-DZ/M008/M008_190.wav,new,今天有什么新闻,今天有什么新闻
chinese/dzdm/X5/X5-6-DZ/M006/M006_198.wav,scheduled_destination,我想检查六月十三号的日程,我想检查六月十三号的日程
chinese/dzdm/X5/X5-2-DZ/F004/F004_095.wav,map,我要找kfc附近的停车位,我要找kfc附近的停车位
chinese/dzdm/X5/X5-1-DZ/F003/F003_082.wav,telephone,请帮我拨打号码幺三二二七八四四五六六,请帮我拨打号码幺三二二七八四四五六六
chinese/dzdm/X5/X5-1-DZ/F001/F001_076.wav,telephone,给朱峰去个电话,给朱峰去个电话
chinese/dzdm/X5/X5-3-DZ/F008/F008_064.wav,telephone,我想查看已接电话,我想查看已接电话
chinese/dzdm/X5/X5-1-DZ/F001/F001_051.wav,telephone,拨号,拨号
chinese/dzdm/X5/X5-1-DZ/F002/F002_196.wav,scheduled_destination,我要检查这个星期的日程,我要检查这个星期的日程
chinese/dzdm/X5/X5-2-DZ/F005/F005_152.wav,map,沿途的加油站,沿途的加油站
chinese/dzdm/X5/X5-6-DZ/M008/M008_015.wav,radio,调幅一零七五,调幅一零七五
chinese/dzdm/X5/X5-1-DZ/F003/F003_037.wav,meida,播放宠爱,播放宠爱
chinese/dzdm/X5/X5-2-DZ/F006/F006_151.wav,map,去百子湾路上的公交站怎么走,去百子湾路上的公交站怎么走
chinese/dzdm/X5/X5-3-DZ/F007/F007_012.wav,radio,是否可以帮我打开收音机fm一百零七点六,是否可以帮我打开收音机fm一百零七点六
chinese/dzdm/X5/X5-3-DZ/F009/F009_143.wav,map,找一家最快到达的停车场,找一家最快到达的停车场
chinese/dzdm/X5/X5-2-DZ/F006/F006_117.wav,map,沿兴福路上的银行,沿兴福路上的银行
chinese/dzdm/X5/X5-1-DZ/F001/F001_109.wav,map,我要到唐记快餐店裕城路,我要到唐记快餐店裕城路
chinese/dzdm/X5/X5-3-DZ/F007/F007_046.wav,telephone,立刻拨打李振,立刻拨打李振
chinese/dzdm/X5/X5-1-DZ/F003/F003_065.wav,telephone,拨打幺八七五五幺五九五九九,拨打幺八七五五幺五九五九九
chinese/dzdm/X5/X5-6-DZ/M007/M007_041.wav,meida,听一首南山南,听一首南山南
chinese/dzdm/X5/X5-6-DZ/M006/M006_013.wav,radio,切换广播到fm九幺二,切换广播到fm九幺二
chinese/dzdm/X5/X5-4-DZ/F010/F010_154.wav,traffic,导航路径上堵车吗,导航路径上堵车吗
chinese/dzdm/X5/X5-7-DZ/M010/M010_092.wav,map,导航到箭道巷天井拐巷交叉口,导航到箭道巷天井拐巷交叉口
chinese/dzdm/X5/X5-2-DZ/F005/F005_222.wav,,接着播放口语天天练,接着播放口语天天练
chinese/dzdm/X5/X5-6-DZ/M006/M006_182.wav,new,我想阅读关于体育新闻的新闻,我想阅读关于体育新闻的新闻
chinese/dzdm/X5/X5-1-DZ/F001/F001_185.wav,new,我想阅读一些国内新闻,我想阅读一些国内新闻
chinese/dzdm/X5/X5-4-DZ/F010/F010_014.wav,radio,转广播到fm九一五,转广播到fm九一五
chinese/dzdm/X5/X5-1-DZ/F001/F001_069.wav,telephone,给高通胡去个电话,给高通胡去个电话
chinese/dzdm/X5/X5-2-DZ/F006/F006_200.wav,help,求帮助,求帮助
chinese/dzdm/X5/X5-7-DZ/M009/M009_191.wav,scheduled_destination,查看日程,查看日程
chinese/dzdm/X5/X5-5-DZ/M005/M005_176.wav,wether,最近几点合肥的天气,最近几点合肥的天气
chinese/dzdm/X5/X5-2-DZ/F006/F006_170.wav,wether,查一下中山星期三的温度,查一下中山星期三的温度
chinese/dzdm/X5/X5-2-DZ/F005/F005_062.wav,telephone,拨打王旭辉电话,拨打王旭辉电话
chinese/dzdm/X5/X5-7-DZ/M010/M010_021.wav,meida,不再联系,不再联系
chinese/dzdm/X5/X5-4-DZ/M001/M001_146.wav,map,怎么去新建公路六幺幺号,怎么去新建公路六幺幺号
chinese/dzdm/X5/X5-1-DZ/F001/F001_056.wav,telephone,拨打朱先生电话,拨打朱先生电话
chinese/dzdm/X5/X5-4-DZ/F010/F010_036.wav,meida,我想听下一个歌曲,我想听下一个歌曲
chinese/dzdm/X5/X5-7-DZ/M009/M009_092.wav,map,导航到紫荆花路二百五十号,导航到紫荆花路二百五十号
chinese/dzdm/X5/X5-2-DZ/F006/F006_052.wav,telephone,请打电话给范冰冰,请打电话给范冰冰
chinese/dzdm/X5/X5-5-DZ/M005/M005_183.wav,new,我想看关于政治新闻,我想看关于政治新闻
chinese/dzdm/X5/X5-6-DZ/M006/M006_043.wav,telephone,打个电话给柳房东,打个电话给柳房东
chinese/dzdm/X5/X5-6-DZ/M008/M008_128.wav,map,导航到福悦茶行,导航到福悦茶行
chinese/dzdm/X5/X5-5-DZ/M005/M005_072.wav,telephone,我想打电话给孙磊,我想打电话给孙磊
chinese/dzdm/X5/X5-6-DZ/M007/M007_082.wav,telephone,我想查看所有通话,我想查看所有通话
chinese/dzdm/X5/X5-4-DZ/M002/M002_059.wav,telephone,给胡英回个电话,给胡英回个电话
chinese/dzdm/X5/X5-7-DZ/M010/M010_072.wav,telephone,请拨打李总aone,请拨打李总aone
chinese/dzdm/X5/X5-3-DZ/F007/F007_088.wav,map,到西三环中路的天之骄子怎么走,到西三环中路的天之骄子怎么走
chinese/dzdm/X5/X5-1-DZ/F001/F001_075.wav,telephone,给曾毅去个电话,给曾毅去个电话
chinese/dzdm/X5/X5-5-DZ/M004/M004_111.wav,map,我想找加油站附近的wc,我想找加油站附近的wc
chinese/dzdm/X5/X5-4-DZ/M001/M001_089.wav,map,启动路线导航,启动路线导航
chinese/dzdm/X5/X5-5-DZ/M005/M005_079.wav,telephone,请打个电话给杨勇,请打个电话给杨勇
chinese/dzdm/X5/X5-5-DZ/M004/M004_219.wav,,我想听在线广播魔天记,我想听在线广播魔天记
chinese/dzdm/X5/X5-2-DZ/F006/F006_019.wav,radio,请切换到am九百五十四,请切换到am九百五十四
chinese/dzdm/X5/X5-7-DZ/M010/M010_006.wav,radio,转到广播频道fm九一六,转到广播频道fm九一六
chinese/dzdm/X5/X5-4-DZ/M002/M002_091.wav,map,墨魁路,墨魁路
chinese/dzdm/X5/X5-3-DZ/F008/F008_025.wav,meida,我想听千千阙歌,我想听千千阙歌
chinese/dzdm/X5/X5-2-DZ/F005/F005_112.wav,map,给我显示恒大华府的汽车站,给我显示恒大华府的汽车站
chinese/dzdm/X5/X5-4-DZ/F010/F010_023.wav,meida,沧浪之歌,沧浪之歌
chinese/dzdm/X5/X5-1-DZ/F003/F003_133.wav,map,带我去安图路和靖宇东路十字,带我去安图路和靖宇东路十字
chinese/dzdm/X5/X5-1-DZ/F002/F002_068.wav,telephone,给曾晓宇回电话,给曾晓宇回电话
chinese/dzdm/X5/X5-3-DZ/F007/F007_114.wav,map,导航到最近的温泉,导航到最近的温泉
chinese/dzdm/X5/X5-6-DZ/M006/M006_121.wav,map,导航去望江路上的地铁一号线,导航去望江路上的地铁一号线
chinese/dzdm/X5/X5-2-DZ/F006/F006_034.wav,meida,来首为爱付出,来首为爱付出
chinese/dzdm/X5/X5-2-DZ/F005/F005_083.wav,telephone,打个电话给曹豪,打个电话给曹豪
chinese/dzdm/X5/X5-7-DZ/M010/M010_016.wav,radio,转广播到fm幺零六九,转广播到fm幺零六九
chinese/dzdm/X5/X5-5-DZ/M005/M005_136.wav,map,家附近的厕所,家附近的厕所
chinese/dzdm/X5/X5-4-DZ/M002/M002_153.wav,map,我要到安图路与松花江路交叉路口,我要到安图路与松花江路交叉路口
chinese/dzdm/X5/X5-7-DZ/M010/M010_132.wav,map,导航到学院北路与浴新南大街路口,导航到学院北路与浴新南大街路口
chinese/dzdm/X5/X5-3-DZ/F009/F009_129.wav,map,附近的htc智尊服务体验中心,附近的htc智尊服务体验中心
chinese/dzdm/X5/X5-3-DZ/F007/F007_128.wav,map,导航到北山路和沿河路路口,导航到北山路和沿河路路口
chinese/dzdm/X5/X5-4-DZ/F010/F010_076.wav,telephone,拨打harris戚的电话,拨打harris戚的电话
chinese/dzdm/X5/X5-6-DZ/M006/M006_122.wav,map,导航去翡翠路上的地铁二号线,导航去翡翠路上的地铁二号线
chinese/dzdm/X5/X5-3-DZ/F008/F008_089.wav,map,导航到叶问咏春功夫窑菜,导航到叶问咏春功夫窑菜
chinese/dzdm/X5/X5-1-DZ/F001/F001_004.wav,radio,我想听fm,我想听fm
chinese/dzdm/X5/X5-3-DZ/F009/F009_078.wav,telephone,拨打mike朱的私人电话,拨打mike朱的私人电话
chinese/dzdm/X5/X5-1-DZ/F002/F002_155.wav,traffic,习友路上路况怎么样,习友路上路况怎么样
chinese/dzdm/X5/X5-6-DZ/M007/M007_198.wav,scheduled_destination,我想检查下周一的日程,我想检查下周一的日程
chinese/dzdm/X5/X5-3-DZ/F009/F009_201.wav,cmd,拨打,拨打
chinese/dzdm/X5/X5-1-DZ/F001/F001_203.wav,help,导航说明,导航说明
chinese/dzdm/X5/X5-4-DZ/F010/F010_015.wav,radio,转广播到fm九一一,转广播到fm九一一
chinese/dzdm/X5/X5-1-DZ/F003/F003_134.wav,map,带我去爱辉路和呼兰路十字,带我去爱辉路和呼兰路十字
chinese/dzdm/X5/X5-5-DZ/M004/M004_148.wav,map,我想找目的地附近的学校,我想找目的地附近的学校
chinese/dzdm/X5/X5-7-DZ/M010/M010_144.wav,map,导航到宝安新厨厨房设备公司,导航到宝安新厨厨房设备公司
chinese/dzdm/X5/X5-3-DZ/F008/F008_085.wav,map,导航到响水北路和永盛路交口,导航到响水北路和永盛路交口
chinese/dzdm/X5/X5-4-DZ/M001/M001_035.wav,meida,音源切换,音源切换
chinese/dzdm/X5/X5-7-DZ/M010/M010_168.wav,new,八一建军节的新闻,八一建军节的新闻
chinese/dzdm/X5/X5-4-DZ/M002/M002_109.wav,map,我要到爱国路与平凉路十字口,我要到爱国路与平凉路十字口
chinese/dzdm/X5/X5-4-DZ/M002/M002_040.wav,meida,beyond,beyond
chinese/dzdm/X5/X5-3-DZ/F008/F008_168.wav,wether,合肥啥天气,合肥啥天气
chinese/dzdm/X5/X5-3-DZ/F009/F009_053.wav,telephone,给杨鸿钧打电话,给杨鸿钧打电话
chinese/dzdm/X5/X5-3-DZ/F009/F009_021.wav,meida,我想听专辑十一月的肖邦,我想听专辑十一月的肖邦
chinese/dzdm/X5/X5-2-DZ/F004/F004_186.wav,new,我想听关于科技新闻,我想听关于科技新闻
chinese/dzdm/X5/X5-5-DZ/M005/M005_040.wav,,打开专辑jay,打开专辑jay
chinese/dzdm/X5/X5-1-DZ/F003/F003_060.wav,telephone,拨打一八一九九零零一二三四,拨打一八一九九零零一二三四
chinese/dzdm/X5/X5-1-DZ/F001/F001_220.wav,,我想听罗辑思维全集,我想听罗辑思维全集
chinese/dzdm/X5/X5-3-DZ/F008/F008_097.wav,map,导航到真善美养生馆,导航到真善美养生馆
chinese/dzdm/X5/X5-2-DZ/F005/F005_196.wav,scheduled_destination,我想检查这周六的日程,我想检查这周六的日程
chinese/dzdm/X5/X5-5-DZ/M005/M005_153.wav,map,沿途的加气站,沿途的加气站
chinese/dzdm/X5/X5-3-DZ/F009/F009_008.wav,radio,调频八零一,调频八零一
chinese/dzdm/X5/X5-4-DZ/F010/F010_010.wav,radio,转广播到am一千一百七十,转广播到am一千一百七十
chinese/dzdm/X5/X5-6-DZ/M006/M006_219.wav,,在线广播michael钱儿绘本故事,在线广播michael钱儿绘本故事
chinese/dzdm/X5/X5-7-DZ/M009/M009_033.wav,meida,我要听一下卡拉ok这首歌,我要听一下卡拉ok这首歌
chinese/dzdm/X5/X5-6-DZ/M006/M006_113.wav,map,退出导航,退出导航
chinese/dzdm/X5/X5-2-DZ/F004/F004_100.wav,map,我要找艾比客附近的停车位,我要找艾比客附近的停车位
chinese/dzdm/X5/X5-7-DZ/M010/M010_090.wav,map,导航到岐山中路珠江街交叉口,导航到岐山中路珠江街交叉口
chinese/dzdm/X5/X5-3-DZ/F008/F008_112.wav,map,导航到鑫得利好运发超市,导航到鑫得利好运发超市
chinese/dzdm/X5/X5-1-DZ/F001/F001_133.wav,map,去合兴村上海为农综合服务站,去合兴村上海为农综合服务站
chinese/dzdm/X5/X5-1-DZ/F002/F002_051.wav,telephone,给老聂去电话,给老聂去电话
chinese/dzdm/X5/X5-7-DZ/M009/M009_112.wav,map,导航到环湖北路和云山北路路口,导航到环湖北路和云山北路路口
chinese/dzdm/X5/X5-5-DZ/M005/M005_193.wav,scheduled_destination,我想检查这周三的日程,我想检查这周三的日程
chinese/dzdm/X5/X5-5-DZ/M003/M003_157.wav,traffic,大镜路上向西方向路况,大镜路上向西方向路况
chinese/dzdm/X5/X5-6-DZ/M006/M006_072.wav,telephone,拨打蔡坚,拨打蔡坚
chinese/dzdm/X5/X5-7-DZ/M009/M009_004.wav,radio,调频一千六百零二,调频一千六百零二
chinese/dzdm/X5/X5-4-DZ/M001/M001_084.wav,map,导航,导航
chinese/dzdm/X5/X5-3-DZ/F009/F009_035.wav,meida,我要听一下callmebaby这首歌,我要听一下callmebaby这首歌
chinese/dzdm/X5/X5-6-DZ/M006/M006_057.wav,telephone,请呼叫方海斌,请呼叫方海斌
chinese/dzdm/X5/X5-2-DZ/F005/F005_150.wav,map,沿途的服务中心,沿途的服务中心
chinese/dzdm/X5/X5-5-DZ/M003/M003_007.wav,radio,fm九十点八,fm九十点八
chinese/dzdm/X5/X5-5-DZ/M005/M005_032.wav,meida,播放专辑七里香,播放专辑七里香
chinese/dzdm/X5/X5-7-DZ/M010/M010_110.wav,map,导航到最近的克莱斯勒四s店,导航到最近的克莱斯勒四s店
chinese/dzdm/X5/X5-7-DZ/M009/M009_016.wav,radio,中波九百四十五,中波九百四十五
chinese/dzdm/X5/X5-2-DZ/F004/F004_134.wav,map,我要找目的地附近的大学,我要找目的地附近的大学
chinese/dzdm/X5/X5-4-DZ/F010/F010_134.wav,map,导航到金龙路与章贡王路路口,导航到金龙路与章贡王路路口
chinese/dzdm/X5/X5-7-DZ/M010/M010_121.wav,map,导航到太乙路与铁永坊路口,导航到太乙路与铁永坊路口
chinese/dzdm/X5/X5-7-DZ/M009/M009_118.wav,map,周围的ems快递,周围的ems快递
chinese/dzdm/X5/X5-3-DZ/F007/F007_137.wav,map,导航到丰泽路和临麒路路口,导航到丰泽路和临麒路路口
chinese/dzdm/X5/X5-7-DZ/M009/M009_088.wav,map,导航到最近的玛莎拉蒂四s店,导航到最近的玛莎拉蒂四s店
chinese/dzdm/X5/X5-5-DZ/M004/M004_129.wav,map,我要找目的地附近的健身房,我要找目的地附近的健身房
chinese/dzdm/X5/X5-5-DZ/M005/M005_108.wav,map,给我显示恒大华府的书店,给我显示恒大华府的书店
chinese/dzdm/X5/X5-3-DZ/F008/F008_218.wav,,我想听音乐大明星,我想听音乐大明星
chinese/dzdm/X5/X5-2-DZ/F005/F005_024.wav,,播放歌曲年轮,播放歌曲年轮
chinese/dzdm/X5/X5-2-DZ/F006/F006_017.wav,radio,请切换到一千四百六十一,请切换到一千四百六十一
chinese/dzdm/X5/X5-4-DZ/F010/F010_027.wav,meida,多远都要在一起,多远都要在一起
chinese/dzdm/X5/X5-1-DZ/F001/F001_107.wav,map,我要去农业银行横沙支行,我要去农业银行横沙支行
chinese/dzdm/X5/X5-7-DZ/M009/M009_129.wav,map,附近的htc智尊服务体验中心,附近的htc智尊服务体验中心
chinese/dzdm/X5/X5-3-DZ/F007/F007_160.wav,traffic,后海周围堵吗,后海周围堵吗
chinese/dzdm/X5/X5-4-DZ/F010/F010_050.wav,telephone,给gasol袁去个电话,给gasol袁去个电话
chinese/dzdm/X5/X5-1-DZ/F003/F003_081.wav,telephone,我想你帮我拨打幺七七五五幺四二四幺二,我想你帮我拨打幺七七五五幺四二四幺二
chinese/dzdm/X5/X5-5-DZ/M004/M004_035.wav,meida,听tfboys的青春修炼手册,听tfboys的青春修炼手册
chinese/dzdm/X5/X5-3-DZ/F007/F007_197.wav,scheduled_destination,我想检查一月九号的日程,我想检查一月九号的日程
chinese/dzdm/X5/X5-5-DZ/M003/M003_122.wav,map,带我到安辰路和a五高速公路交叉路口,带我到安辰路和a五高速公路交叉路口
chinese/dzdm/X5/X5-1-DZ/F001/F001_108.wav,map,我要到崇明城桥分所,我要到崇明城桥分所
chinese/dzdm/X5/X5-6-DZ/M008/M008_117.wav,map,导航到佛山市禅城区教育局,导航到佛山市禅城区教育局
chinese/dzdm/X5/X5-2-DZ/F005/F005_033.wav,meida,播放专辑十一月的肖邦,播放专辑十一月的肖邦
chinese/dzdm/X5/X5-1-DZ/F002/F002_142.wav,map,我想开车去安澜路与西藏南路交叉口,我想开车去安澜路与西藏南路交叉口
chinese/dzdm/X5/X5-3-DZ/F008/F008_081.wav,telephone,拨打小米的电话,拨打小米的电话
chinese/dzdm/X5/X5-3-DZ/F007/F007_163.wav,traffic,丰泽路由南向北方向堵不堵,丰泽路由南向北方向堵不堵
chinese/dzdm/X5/X5-7-DZ/M010/M010_074.wav,telephone,帮我给蔡晓玲shelly打个电话,帮我给蔡晓玲shelly打个电话
chinese/dzdm/X5/X5-5-DZ/M005/M005_110.wav,map,给我显示恒大华府的咖啡厅,给我显示恒大华府的咖啡厅
chinese/dzdm/X5/X5-6-DZ/M007/M007_111.wav,map,导航到风笛,导航到风笛
chinese/dzdm/X5/X5-4-DZ/M001/M001_048.wav,telephone,帮我打个电话,帮我打个电话
chinese/dzdm/X5/X5-7-DZ/M010/M010_050.wav,telephone,给gasol袁去个电话,给gasol袁去个电话
chinese/dzdm/X5/X5-4-DZ/M002/M002_027.wav,meida,打开我的音乐,打开我的音乐
chinese/dzdm/X5/X5-6-DZ/M006/M006_044.wav,telephone,打个电话给汤知蕴,打个电话给汤知蕴
chinese/dzdm/X5/X5-3-DZ/F009/F009_056.wav,telephone,给北京饭店打个电话,给北京饭店打个电话
chinese/dzdm/X5/X5-1-DZ/F001/F001_211.wav,,查看播放历史,查看播放历史
chinese/dzdm/X5/X5-2-DZ/F004/F004_171.wav,wether,明天温度咋样,明天温度咋样
chinese/dzdm/X5/X5-6-DZ/M008/M008_102.wav,map,导航到繁文路口,导航到繁文路口
chinese/dzdm/X5/X5-2-DZ/F005/F005_021.wav,meida,播放歌曲闹够了没有,播放歌曲闹够了没有
chinese/dzdm/X5/X5-1-DZ/F002/F002_148.wav,map,我想开车去安化路与凯旋路十字路口,我想开车去安化路与凯旋路十字路口
chinese/dzdm/X5/X5-2-DZ/F005/F005_139.wav,map,目的地附近的公交站,目的地附近的公交站
chinese/dzdm/X5/X5-6-DZ/M006/M006_071.wav,telephone,拨打张伟,拨打张伟
chinese/dzdm/X5/X5-7-DZ/M010/M010_017.wav,radio,上一台,上一台
chinese/dzdm/X5/X5-7-DZ/M010/M010_124.wav,map,导航到华元路与相城大道路口,导航到华元路与相城大道路口
chinese/dzdm/X5/X5-5-DZ/M004/M004_212.wav,,打开在线广播非常不着调,打开在线广播非常不着调
chinese/dzdm/X5/X5-2-DZ/F006/F006_066.wav,telephone,拨打钟新龙,拨打钟新龙
chinese/dzdm/X5/X5-5-DZ/M005/M005_157.wav,traffic,显示我的天柱山之旅的交通状况,显示我的天柱山之旅的交通状况
chinese/dzdm/X5/X5-1-DZ/F001/F001_128.wav,map,我想到上海烟草集团烟酒专卖店北门一村西南,我想到上海烟草集团烟酒专卖店北门一村西南
chinese/dzdm/X5/X5-2-DZ/F005/F005_138.wav,map,目的地附近的超市,目的地附近的超市
chinese/dzdm/X5/X5-1-DZ/F002/F002_189.wav,new,我想查看一些综合新闻,我想查看一些综合新闻
chinese/dzdm/X5/X5-5-DZ/M004/M004_142.wav,map,我想找目的地附近的酒店,我想找目的地附近的酒店
chinese/dzdm/X5/X5-6-DZ/M008/M008_122.wav,map,导航到福来酒家,导航到福来酒家
chinese/dzdm/X5/X5-3-DZ/F009/F009_049.wav,telephone,给沈阳黎明国际酒店打电话,给沈阳黎明国际酒店打电话
chinese/dzdm/X5/X5-6-DZ/M007/M007_145.wav,map,导航到凤凰窗帘灯饰总汇,导航到凤凰窗帘灯饰总汇
chinese/dzdm/X5/X5-2-DZ/F005/F005_208.wav,cmd,呼叫第二个号码,呼叫第二个号码
chinese/dzdm/X5/X5-1-DZ/F001/F001_058.wav,telephone,拨打蔡德宣电话,拨打蔡德宣电话
chinese/dzdm/X5/X5-7-DZ/M009/M009_017.wav,radio,中波九百五十四,中波九百五十四
chinese/dzdm/X5/X5-5-DZ/M003/M003_081.wav,telephone,我想你帮我拨打幺七七五五幺四二四幺二,我想你帮我拨打幺七七五五幺四二四幺二
chinese/dzdm/X5/X5-2-DZ/F004/F004_072.wav,telephone,呼叫零四三幺八七零六八八八八,呼叫零四三幺八七零六八八八八
chinese/dzdm/X5/X5-5-DZ/M003/M003_121.wav,map,带我到安福路和武康路交叉路口,带我到安福路和武康路交叉路口
chinese/dzdm/X5/X5-7-DZ/M010/M010_185.wav,cmd,取消拨打,取消拨打
chinese/dzdm/X5/X5-2-DZ/F004/F004_149.wav,map,我想找目的地附近的小学,我想找目的地附近的小学
chinese/dzdm/X5/X5-1-DZ/F002/F002_150.wav,map,我要到安新路与宝钱公路交口,我要到安新路与宝钱公路交口
chinese/dzdm/X5/X5-3-DZ/F009/F009_014.wav,radio,中波九二七,中波九二七
chinese/dzdm/X5/X5-2-DZ/F006/F006_076.wav,telephone,帮我给刘华打个电话,帮我给刘华打个电话
chinese/dzdm/X5/X5-1-DZ/F001/F001_006.wav,radio,打开am,打开am
chinese/dzdm/X5/X5-4-DZ/F010/F010_041.wav,telephone,拨打matt陶的工作电话,拨打matt陶的工作电话
chinese/dzdm/X5/X5-6-DZ/M006/M006_199.wav,help,介绍一下功能,介绍一下功能
chinese/dzdm/X5/X5-5-DZ/M004/M004_152.wav,map,我想找目的地附近的饭店,我想找目的地附近的饭店
chinese/dzdm/X5/X5-3-DZ/F007/F007_022.wav,meida,来一首不可说,来一首不可说
chinese/dzdm/X5/X5-1-DZ/F002/F002_132.wav,map,带我去安达路与逸仙路交叉口,带我去安达路与逸仙路交叉口
chinese/dzdm/X5/X5-3-DZ/F009/F009_115.wav,map,导航到大营子后街,导航到大营子后街
chinese/dzdm/X5/X5-4-DZ/M002/M002_127.wav,map,带我到安澜路与西藏南路十字口,带我到安澜路与西藏南路十字口
chinese/dzdm/X5/X5-6-DZ/M006/M006_126.wav,map,带我去望江西路上的kfc,带我去望江西路上的kfc
chinese/dzdm/X5/X5-7-DZ/M009/M009_198.wav,help,有哪些收音机的说法,有哪些收音机的说法
chinese/dzdm/X5/X5-6-DZ/M008/M008_146.wav,map,导航到张掖综合经营部,导航到张掖综合经营部
chinese/dzdm/X5/X5-7-DZ/M010/M010_007.wav,radio,转到广播频道fm九一七,转到广播频道fm九一七
chinese/dzdm/X5/X5-2-DZ/F004/F004_160.wav,traffic,船厂路上向南方向交通状况,船厂路上向南方向交通状况
chinese/dzdm/X5/X5-5-DZ/M004/M004_205.wav,cmd,选择第一个,选择第一个
chinese/dzdm/X5/X5-2-DZ/F005/F005_111.wav,map,给我显示恒大华府的饭店,给我显示恒大华府的饭店
chinese/dzdm/X5/X5-6-DZ/M008/M008_220.wav,,我想听风水鬼师,我想听风水鬼师
chinese/dzdm/X5/X5-3-DZ/F009/F009_184.wav,new,上上个星期的新闻,上上个星期的新闻
chinese/dzdm/X5/X5-4-DZ/M001/M001_157.wav,traffic,金寨路的路况好不好,金寨路的路况好不好
chinese/dzdm/X5/X5-6-DZ/M008/M008_039.wav,meida,我想听专辑八度空间,我想听专辑八度空间
chinese/dzdm/X5/X5-4-DZ/M002/M002_055.wav,telephone,给搬家陈师傅去电话,给搬家陈师傅去电话
chinese/dzdm/X5/X5-2-DZ/F004/F004_211.wav,,打开在线广播雪中悍刀行,打开在线广播雪中悍刀行
chinese/dzdm/X5/X5-2-DZ/F006/F006_056.wav,telephone,请拨打查志伟,请拨打查志伟
chinese/dzdm/X5/X5-5-DZ/M003/M003_015.wav,radio,播放am频率六五七,播放am频率六五七
chinese/dzdm/X5/X5-5-DZ/M003/M003_084.wav,map,我要到安仁街与人民路十字,我要到安仁街与人民路十字
chinese/dzdm/X5/X5-4-DZ/F010/F010_131.wav,map,导航到渤海街与丰乐路路口,导航到渤海街与丰乐路路口
chinese/dzdm/X5/X5-4-DZ/F010/F010_162.wav,wether,查看最近几天的pm二点五指数,查看最近几天的pm二点五指数
chinese/dzdm/X5/X5-5-DZ/M004/M004_103.wav,map,我要找麦当劳附近的酒吧,我要找麦当劳附近的酒吧
chinese/dzdm/X5/X5-2-DZ/F005/F005_037.wav,meida,播放专辑出塞曲,播放专辑出塞曲
chinese/dzdm/X5/X5-2-DZ/F005/F005_004.wav,radio,打开am频率八二八,打开am频率八二八
chinese/dzdm/X5/X5-6-DZ/M007/M007_086.wav,map,到东三环中路的天之骄子怎么走,到东三环中路的天之骄子怎么走
chinese/dzdm/X5/X5-2-DZ/F004/F004_208.wav,cmd,选择第四个,选择第四个
chinese/dzdm/X5/X5-3-DZ/F009/F009_018.wav,radio,中波九百七十二,中波九百七十二
chinese/dzdm/X5/X5-7-DZ/M009/M009_065.wav,telephone,打电话给南京索菲特银河大酒店,打电话给南京索菲特银河大酒店
chinese/dzdm/X5/X5-6-DZ/M007/M007_004.wav,radio,请切换到fm幺零七点五,请切换到fm幺零七点五
chinese/dzdm/X5/X5-5-DZ/M004/M004_096.wav,map,我要找麦当劳附近的停车位,我要找麦当劳附近的停车位
chinese/dzdm/X5/X5-2-DZ/F004/F004_001.wav,radio,播放fm九十一点三,播放fm九十一点三
chinese/dzdm/X5/X5-7-DZ/M010/M010_049.wav,telephone,给simmons方去个电话,给simmons方去个电话
chinese/dzdm/X5/X5-5-DZ/M005/M005_182.wav,new,我想看关于社会新闻,我想看关于社会新闻
chinese/dzdm/X5/X5-4-DZ/F010/F010_062.wav,telephone,拨打向douglas的家庭号码,拨打向douglas的家庭号码
chinese/dzdm/X5/X5-4-DZ/M001/M001_079.wav,telephone,给翁伟翔去电话,给翁伟翔去电话
chinese/dzdm/X5/X5-1-DZ/F003/F003_108.wav,map,我要去安图路和松花江路交口,我要去安图路和松花江路交口
chinese/dzdm/X5/X5-6-DZ/M006/M006_041.wav,meida,来一首小苹果,来一首小苹果
chinese/dzdm/X5/X5-4-DZ/M001/M001_129.wav,map,我想找合东村村委会,我想找合东村村委会
chinese/dzdm/X5/X5-1-DZ/F002/F002_166.wav,traffic,城中路上向东方向路况好不好,城中路上向东方向路况好不好
chinese/dzdm/X5/X5-3-DZ/F007/F007_054.wav,telephone,请帮我打电话给隋向阳,请帮我打电话给隋向阳
chinese/dzdm/X5/X5-7-DZ/M010/M010_052.wav,telephone,给nicholas宣去电话,给nicholas宣去电话
chinese/dzdm/X5/X5-6-DZ/M008/M008_091.wav,map,导航到伊盛百货,导航到伊盛百货
chinese/dzdm/X5/X5-6-DZ/M008/M008_063.wav,telephone,我要显示呼出记录,我要显示呼出记录
chinese/dzdm/X5/X5-7-DZ/M009/M009_127.wav,map,周围的coco奶茶专卖店,周围的coco奶茶专卖店
chinese/dzdm/X5/X5-4-DZ/M002/M002_169.wav,wether,哈尔滨大后天的气温如何,哈尔滨大后天的气温如何
chinese/dzdm/X5/X5-2-DZ/F006/F006_068.wav,telephone,拨打蔡先才,拨打蔡先才
chinese/dzdm/X5/X5-1-DZ/F003/F003_041.wav,meida,播放感到幸福你就拍拍手,播放感到幸福你就拍拍手
chinese/dzdm/X5/X5-1-DZ/F001/F001_064.wav,,拨打陈晓涛电话,拨打陈晓涛电话
chinese/dzdm/X5/X5-3-DZ/F008/F008_140.wav,map,导航到一品营销,导航到一品营销
chinese/dzdm/X5/X5-3-DZ/F008/F008_016.wav,radio,调广播到am一千零八十,调广播到am一千零八十
chinese/dzdm/X5/X5-6-DZ/M007/M007_136.wav,map,导航到滨河南路和青石巷路口,导航到滨河南路和青石巷路口
chinese/dzdm/X5/X5-5-DZ/M005/M005_036.wav,meida,播放专辑其实我还好,播放专辑其实我还好
chinese/dzdm/X5/X5-2-DZ/F004/F004_201.wav,help,电话怎么用,电话怎么用
chinese/dzdm/X5/X5-6-DZ/M007/M007_181.wav,wether,请问临沂的天气如何星期六,请问临沂的天气如何星期六
chinese/dzdm/X5/X5-6-DZ/M008/M008_028.wav,meida,我想听丁当的歌,我想听丁当的歌
chinese/dzdm/X5/X5-3-DZ/F008/F008_052.wav,telephone,我要显示呼出,我要显示呼出
chinese/dzdm/X5/X5-2-DZ/F005/F005_149.wav,map,沿途的商场,沿途的商场
chinese/dzdm/X5/X5-1-DZ/F002/F002_153.wav,map,我要到安图路与松花江路交叉路口,我要到安图路与松花江路交叉路口
chinese/dzdm/X5/X5-7-DZ/M009/M009_130.wav,map,周围的iphone长田专卖店,周围的iphone长田专卖店
chinese/dzdm/X5/X5-7-DZ/M009/M009_074.wav,telephone,拨打文亮幺三五的移动电话,拨打文亮幺三五的移动电话
chinese/dzdm/X5/X5-1-DZ/F003/F003_138.wav,map,我想开车去爱民支路和新奉公路交口,我想开车去爱民支路和新奉公路交口
chinese/dzdm/X5/X5-3-DZ/F008/F008_101.wav,map,导航到中国农业银行诏安南诏分理处,导航到中国农业银行诏安南诏分理处
chinese/dzdm/X5/X5-4-DZ/M002/M002_218.wav,,打开倾世皇妃穿越悬疑言情,打开倾世皇妃穿越悬疑言情
chinese/dzdm/X5/X5-1-DZ/F002/F002_045.wav,telephone,给杜娟去电话,给杜娟去电话
chinese/dzdm/X5/X5-1-DZ/F001/F001_035.wav,meida,音源切换,音源切换
chinese/dzdm/X5/X5-5-DZ/M003/M003_140.wav,map,我想开车去安宁路和鹤庆路交叉口,我想开车去安宁路和鹤庆路交叉口
chinese/dzdm/X5/X5-6-DZ/M007/M007_043.wav,telephone,立刻拨打方瑞中,立刻拨打方瑞中
chinese/dzdm/X5/X5-3-DZ/F009/F009_161.wav,traffic,目的地周围的交通状况,目的地周围的交通状况
chinese/dzdm/X5/X5-2-DZ/F005/F005_071.wav,telephone,我想给王世航打电话,我想给王世航打电话
chinese/dzdm/X5/X5-4-DZ/M002/M002_051.wav,telephone,给老聂去电话,给老聂去电话
chinese/dzdm/X5/X5-5-DZ/M005/M005_057.wav,telephone,拨打高玄电话,拨打高玄电话
chinese/dzdm/X5/X5-3-DZ/F008/F008_191.wav,new,今日新闻,今日新闻
chinese/dzdm/X5/X5-6-DZ/M008/M008_114.wav,map,导航到桔林路秋菊路交叉口,导航到桔林路秋菊路交叉口
chinese/dzdm/X5/X5-3-DZ/F007/F007_183.wav,new,今天在体育方面有什么新闻,今天在体育方面有什么新闻
chinese/dzdm/X5/X5-6-DZ/M007/M007_195.wav,scheduled_destination,我想检查三月十八号的日程,我想检查三月十八号的日程
chinese/dzdm/X5/X5-3-DZ/F007/F007_212.wav,,收听在线广播卓老板聊科技,收听在线广播卓老板聊科技
chinese/dzdm/X5/X5-7-DZ/M010/M010_039.wav,meida,上一曲,上一曲
chinese/dzdm/X5/X5-4-DZ/F010/F010_110.wav,map,导航到最近的克莱斯勒四s店,导航到最近的克莱斯勒四s店
chinese/dzdm/X5/X5-3-DZ/F009/F009_030.wav,meida,我要听onenightin北京,我要听onenightin北京
chinese/dzdm/X5/X5-2-DZ/F004/F004_217.wav,,打开在线广播小兔汤姆系列,打开在线广播小兔汤姆系列
chinese/dzdm/X5/X5-3-DZ/F008/F008_083.wav,telephone,拨打刁红喜的电话,拨打刁红喜的电话
chinese/dzdm/X5/X5-2-DZ/F005/F005_076.wav,telephone,请打个电话给王宝山,请打个电话给王宝山
chinese/dzdm/X5/X5-2-DZ/F004/F004_027.wav,meida,播放刘德华的回家的路,播放刘德华的回家的路
chinese/dzdm/X5/X5-2-DZ/F006/F006_216.wav,,在线广播海阳现场秀,在线广播海阳现场秀
chinese/dzdm/X5/X5-3-DZ/F008/F008_015.wav,radio,调幅一零七五,调幅一零七五
chinese/dzdm/X5/X5-3-DZ/F009/F009_137.wav,map,最近的ic公交卡充值点,最近的ic公交卡充值点
chinese/dzdm/X5/X5-2-DZ/F006/F006_196.wav,scheduled_destination,我想检查八月二十号的日程,我想检查八月二十号的日程
chinese/dzdm/X5/X5-4-DZ/M002/M002_023.wav,meida,我想打开媒体源,我想打开媒体源
chinese/dzdm/X5/X5-5-DZ/M004/M004_014.wav,radio,播放广播到fm九幺点五,播放广播到fm九幺点五
chinese/dzdm/X5/X5-2-DZ/F006/F006_051.wav,telephone,请打电话给沙莎,请打电话给沙莎
chinese/dzdm/X5/X5-2-DZ/F006/F006_157.wav,traffic,上海市浦东新区杨高中路和锦绣路交叉口的路况,上海市浦东新区杨高中路和锦绣路交叉口的路况
chinese/dzdm/X5/X5-6-DZ/M008/M008_181.wav,wether,合肥高新区的天气,合肥高新区的天气
chinese/dzdm/X5/X5-2-DZ/F006/F006_050.wav,telephone,请打电话给邓洪波,请打电话给邓洪波
chinese/dzdm/X5/X5-2-DZ/F006/F006_210.wav,,接着播放小王子,接着播放小王子
chinese/dzdm/X5/X5-5-DZ/M005/M005_149.wav,map,沿途的商场,沿途的商场
chinese/dzdm/X5/X5-5-DZ/M003/M003_127.wav,map,带我去安仁街和人民路交口,带我去安仁街和人民路交口
chinese/dzdm/X5/X5-7-DZ/M010/M010_119.wav,map,导航到丹巴路十号,导航到丹巴路十号
chinese/dzdm/X5/X5-3-DZ/F008/F008_113.wav,map,导航到富裕路和平街交叉口,导航到富裕路和平街交叉口
chinese/dzdm/X5/X5-3-DZ/F008/F008_134.wav,map,导航到春惠路和惠际路交口,导航到春惠路和惠际路交口
chinese/dzdm/X5/X5-4-DZ/M001/M001_123.wav,map,我想去海市崇明县明宝商场,我想去海市崇明县明宝商场
chinese/dzdm/X5/X5-5-DZ/M003/M003_115.wav,map,我要去安塞路和宜君路十字路口,我要去安塞路和宜君路十字路口
chinese/dzdm/X5/X5-3-DZ/F007/F007_131.wav,map,导航到金陵路和新美路路口,导航到金陵路和新美路路口
chinese/dzdm/X5/X5-6-DZ/M007/M007_184.wav,new,今天在经济方面有什么新闻,今天在经济方面有什么新闻
chinese/dzdm/X5/X5-7-DZ/M009/M009_151.wav,map,查找附近的atm取款机,查找附近的atm取款机
chinese/dzdm/X5/X5-3-DZ/F009/F009_092.wav,map,导航到紫荆花路二百五十号,导航到紫荆花路二百五十号
chinese/dzdm/X5/X5-6-DZ/M008/M008_162.wav,traffic,朝阳区南湖大路和开运街交口,朝阳区南湖大路和开运街交口
chinese/dzdm/X5/X5-5-DZ/M005/M005_170.wav,wether,最近几天合肥的天气,最近几天合肥的天气
chinese/dzdm/X5/X5-3-DZ/F007/F007_069.wav,,哦请呼叫志强,哦请呼叫志强
chinese/dzdm/X5/X5-3-DZ/F007/F007_101.wav,map,沿途的百子园社区,沿途的百子园社区
chinese/dzdm/X5/X5-4-DZ/M002/M002_203.wav,help,收音机帮助,收音机帮助
chinese/dzdm/X5/X5-7-DZ/M009/M009_035.wav,meida,我要听一下callmebaby这首歌,我要听一下callmebaby这首歌
chinese/dzdm/X5/X5-3-DZ/F009/F009_203.wav,cmd,接听,接听
chinese/dzdm/X5/X5-6-DZ/M008/M008_118.wav,map,导航到福宏堂药店,导航到福宏堂药店
chinese/dzdm/X5/X5-2-DZ/F004/F004_002.wav,radio,播放fm九十一点四,播放fm九十一点四
chinese/dzdm/X5/X5-5-DZ/M003/M003_150.wav,map,我要到爱都路和美桂北路交叉口,我要到爱都路和美桂北路交叉口
chinese/dzdm/X5/X5-4-DZ/M002/M002_041.wav,meida,张杰,张杰
chinese/dzdm/X5/X5-4-DZ/M001/M001_143.wav,map,我要开车去万隆驾校龙泉分校,我要开车去万隆驾校龙泉分校
chinese/dzdm/X5/X5-6-DZ/M008/M008_081.wav,telephone,拨打小米的电话,拨打小米的电话
chinese/dzdm/X5/X5-4-DZ/F010/F010_025.wav,meida,匆匆那年,匆匆那年
chinese/dzdm/X5/X5-1-DZ/F003/F003_152.wav,map,我要到安盛街和东明路交叉路口,我要到安盛街和东明路交叉路口
chinese/dzdm/X5/X5-6-DZ/M008/M008_002.wav,radio,调到一零七点六,调到一零七点六
chinese/dzdm/X5/X5-6-DZ/M007/M007_176.wav,wether,烟台的天气,烟台的天气
chinese/dzdm/X5/X5-3-DZ/F007/F007_129.wav,map,导航到民族大学南路和民族大学西路路口,导航到民族大学南路和民族大学西路路口
chinese/dzdm/X5/X5-1-DZ/F003/F003_218.wav,,播放财经郎眼2014,播放财经郎眼2014
chinese/dzdm/X5/X5-4-DZ/M002/M002_096.wav,map,女人街,女人街
chinese/dzdm/X5/X5-4-DZ/F010/F010_189.wav,cmd,最后一个,最后一个
chinese/dzdm/X5/X5-5-DZ/M003/M003_075.wav,telephone,打电话号码是一五三三五六四八七六三,打电话号码是一五三三五六四八七六三
chinese/dzdm/X5/X5-1-DZ/F002/F002_061.wav,telephone,给吴晓回个电话,给吴晓回个电话
chinese/dzdm/X5/X5-2-DZ/F005/F005_147.wav,map,沿途的美容美发,沿途的美容美发
chinese/dzdm/X5/X5-6-DZ/M007/M007_024.wav,meida,来一首匆匆那年,来一首匆匆那年
chinese/dzdm/X5/X5-4-DZ/M001/M001_008.wav,radio,听收音机,听收音机
chinese/dzdm/X5/X5-6-DZ/M006/M006_066.wav,telephone,拨打钟新龙,拨打钟新龙
chinese/dzdm/X5/X5-5-DZ/M005/M005_163.wav,traffic,前方路况,前方路况
chinese/dzdm/X5/X5-1-DZ/F002/F002_192.wav,new,我想查看一些体育新闻,我想查看一些体育新闻
chinese/dzdm/X5/X5-5-DZ/M004/M004_157.wav,traffic,松青路上向南方向堵吗,松青路上向南方向堵吗
chinese/dzdm/X5/X5-6-DZ/M007/M007_062.wav,telephone,接通刘佳,接通刘佳
chinese/dzdm/X5/X5-1-DZ/F001/F001_009.wav,radio,我想听收音机,我想听收音机
chinese/dzdm/X5/X5-7-DZ/M010/M010_129.wav,map,导航到人民路与绿洲路路口,导航到人民路与绿洲路路口
chinese/dzdm/X5/X5-6-DZ/M007/M007_110.wav,map,导航到枫桦景苑北门,导航到枫桦景苑北门
chinese/dzdm/X5/X5-4-DZ/M002/M002_205.wav,cmd,往下翻,往下翻
chinese/dzdm/X5/X5-4-DZ/M001/M001_056.wav,telephone,拨打朱先生电话,拨打朱先生电话
chinese/dzdm/X5/X5-7-DZ/M009/M009_001.wav,radio,调广播到fm九十一点七,调广播到fm九十一点七
chinese/dzdm/X5/X5-1-DZ/F001/F001_119.wav,map,我想到夏普生活馆崇明南门路,我想到夏普生活馆崇明南门路
chinese/dzdm/X5/X5-7-DZ/M009/M009_197.wav,help,有哪些日程的命令,有哪些日程的命令
chinese/dzdm/X5/X5-2-DZ/F005/F005_082.wav,telephone,请打个电话给李经理,请打个电话给李经理
chinese/dzdm/X5/X5-1-DZ/F003/F003_095.wav,map,我要去安辰路与a五高速公路十字路,我要去安辰路与a五高速公路十字路
chinese/dzdm/X5/X5-7-DZ/M009/M009_024.wav,meida,我想听专辑其实我还好,我想听专辑其实我还好
chinese/dzdm/X5/X5-2-DZ/F004/F004_029.wav,meida,播放李健的假如爱有天意,播放李健的假如爱有天意
chinese/dzdm/X5/X5-2-DZ/F004/F004_115.wav,map,我想找金鹰购物中心附近的厕所,我想找金鹰购物中心附近的厕所
chinese/dzdm/X5/X5-3-DZ/F009/F009_027.wav,meida,我要听hold住你的心,我要听hold住你的心
chinese/dzdm/X5/X5-3-DZ/F007/F007_038.wav,meida,听一首李白,听一首李白
chinese/dzdm/X5/X5-4-DZ/F010/F010_065.wav,telephone,我想给akf林先生打电话,我想给akf林先生打电话
chinese/dzdm/X5/X5-6-DZ/M006/M006_039.wav,meida,来首喜欢你,来首喜欢你
chinese/dzdm/X5/X5-5-DZ/M003/M003_119.wav,map,带我到澳尼路和德堡路交叉口,带我到澳尼路和德堡路交叉口
chinese/dzdm/X5/X5-3-DZ/F009/F009_133.wav,map,周围的万隆visa广场,周围的万隆visa广场
chinese/dzdm/X5/X5-2-DZ/F006/F006_020.wav,radio,请切换到am九百六十三,请切换到am九百六十三
chinese/dzdm/X5/X5-5-DZ/M005/M005_160.wav,traffic,前面堵车吗,前面堵车吗
chinese/dzdm/X5/X5-4-DZ/M002/M002_148.wav,map,我想开车去安化路与凯旋路十字路口,我想开车去安化路与凯旋路十字路口
chinese/dzdm/X5/X5-7-DZ/M010/M010_175.wav,help,有哪些导航的说法,有哪些导航的说法
chinese/dzdm/X5/X5-2-DZ/F004/F004_135.wav,map,我要找目的地附近的饭店,我要找目的地附近的饭店
chinese/dzdm/X5/X5-7-DZ/M009/M009_057.wav,telephone,给北京嘉里大酒店打个电话,给北京嘉里大酒店打个电话
chinese/dzdm/X5/X5-1-DZ/F001/F001_120.wav,map,我想找红星邮政储蓄,我想找红星邮政储蓄
chinese/dzdm/X5/X5-2-DZ/F005/F005_129.wav,map,家附近的加油站,家附近的加油站
chinese/dzdm/X5/X5-5-DZ/M003/M003_087.wav,map,我要去爱都路与日樱北路交口,我要去爱都路与日樱北路交口
chinese/dzdm/X5/X5-6-DZ/M008/M008_182.wav,new,今天有什么体育新闻,今天有什么体育新闻
chinese/dzdm/X5/X5-2-DZ/F005/F005_140.wav,map,目的地附近的atm,目的地附近的atm
chinese/dzdm/X5/X5-2-DZ/F004/F004_078.wav,telephone,重拨,重拨
chinese/dzdm/X5/X5-6-DZ/M008/M008_064.wav,telephone,我想查看已接电话,我想查看已接电话
chinese/dzdm/X5/X5-3-DZ/F009/F009_061.wav,telephone,打电话给孙夜明,打电话给孙夜明
chinese/dzdm/X5/X5-5-DZ/M005/M005_107.wav,map,给我显示恒大华府的电影院,给我显示恒大华府的电影院
chinese/dzdm/X5/X5-1-DZ/F001/F001_050.wav,telephone,电话,电话
chinese/dzdm/X5/X5-2-DZ/F006/F006_149.wav,map,去澳门路上的澳门园社区怎么走,去澳门路上的澳门园社区怎么走
chinese/dzdm/X5/X5-5-DZ/M005/M005_221.wav,,接着播放青音,接着播放青音
chinese/dzdm/X5/X5-2-DZ/F004/F004_119.wav,map,我想找加油站附近的商店,我想找加油站附近的商店
chinese/dzdm/X5/X5-1-DZ/F003/F003_079.wav,telephone,你可以帮忙呼叫一八一五二三一零七八九,你可以帮忙呼叫一八一五二三一零七八九
chinese/dzdm/X5/X5-7-DZ/M009/M009_058.wav,telephone,给天天网打个电话,给天天网打个电话
chinese/dzdm/X5/X5-3-DZ/F007/F007_003.wav,radio,请切换到fm幺零七点四,请切换到fm幺零七点四
chinese/dzdm/X5/X5-2-DZ/F005/F005_040.wav,meida,打开专辑jay,打开专辑jay
chinese/dzdm/X5/X5-7-DZ/M010/M010_115.wav,map,导航到南河路口,导航到南河路口
chinese/dzdm/X5/X5-3-DZ/F007/F007_116.wav,map,导航到最近的收费站,导航到最近的收费站
chinese/dzdm/X5/X5-4-DZ/F010/F010_080.wav,telephone,打电话给jefferson潘,打电话给jefferson潘
chinese/dzdm/X5/X5-7-DZ/M009/M009_106.wav,map,导航到子龙路三十一号a栋一楼,导航到子龙路三十一号a栋一楼
chinese/dzdm/X5/X5-3-DZ/F007/F007_196.wav,scheduled_destination,我想检查二月十一号的日程,我想检查二月十一号的日程
chinese/dzdm/X5/X5-4-DZ/F010/F010_179.wav,help,有哪些日程的说法,有哪些日程的说法
chinese/dzdm/X5/X5-1-DZ/F003/F003_117.wav,map,带我到安盛街和环林东路交口,带我到安盛街和环林东路交口
chinese/dzdm/X5/X5-2-DZ/F004/F004_051.wav,telephone,请拨打幺八幺二五七八七八九三,请拨打幺八幺二五七八七八九三
chinese/dzdm/X5/X5-3-DZ/F009/F009_177.wav,wether,明天的穿衣指数怎么样,明天的穿衣指数怎么样
chinese/dzdm/X5/X5-2-DZ/F006/F006_213.wav,,在线广播风水鬼师,在线广播风水鬼师
chinese/dzdm/X5/X5-3-DZ/F007/F007_001.wav,radio,请切换到am九百七十二,请切换到am九百七十二
chinese/dzdm/X5/X5-6-DZ/M007/M007_146.wav,map,导航到最近的书店,导航到最近的书店
chinese/dzdm/X5/X5-2-DZ/F004/F004_200.wav,help,电话帮助,电话帮助
chinese/dzdm/X5/X5-2-DZ/F006/F006_094.wav,map,把我带到我的公司,把我带到我的公司
chinese/dzdm/X5/X5-2-DZ/F005/F005_159.wav,traffic,前方堵吗,前方堵吗
chinese/dzdm/X5/X5-2-DZ/F006/F006_137.wav,map,我想去北京路上的必胜客,我想去北京路上的必胜客
chinese/dzdm/X5/X5-5-DZ/M003/M003_039.wav,meida,播放多远都要在一起,播放多远都要在一起
chinese/dzdm/X5/X5-6-DZ/M007/M007_121.wav,map,导航到乙烯路二百零四号,导航到乙烯路二百零四号
chinese/dzdm/X5/X5-4-DZ/M001/M001_105.wav,map,我要去上海云悦酒店,我要去上海云悦酒店
chinese/dzdm/X5/X5-3-DZ/F008/F008_087.wav,map,导航到水西大道燕山路交口,导航到水西大道燕山路交口
chinese/dzdm/X5/X5-6-DZ/M008/M008_176.wav,wether,合肥星期三的天气怎么样,合肥星期三的天气怎么样
chinese/dzdm/X5/X5-5-DZ/M003/M003_156.wav,traffic,城中路上向西方向堵车吗,城中路上向西方向堵车吗
chinese/dzdm/X5/X5-6-DZ/M008/M008_116.wav,map,导航到凤营乡施家湾加油站,导航到凤营乡施家湾加油站
chinese/dzdm/X5/X5-4-DZ/M002/M002_201.wav,help,音乐功能怎么用,音乐功能怎么用
chinese/dzdm/X5/X5-4-DZ/M001/M001_206.wav,cmd,上一页,上一页
chinese/dzdm/X5/X5-7-DZ/M010/M010_160.wav,wether,今天的pm二点五是多少,今天的pm二点五是多少
chinese/dzdm/X5/X5-6-DZ/M006/M006_220.wav,,在线广播乐创梦工场,在线广播乐创梦工场
chinese/dzdm/X5/X5-5-DZ/M004/M004_034.wav,meida,听庾澄庆的春泥,听庾澄庆的春泥
chinese/dzdm/X5/X5-2-DZ/F006/F006_158.wav,traffic,普陀区梅川路和中环路交口交口的路况,普陀区梅川路和中环路交口交口的路况
chinese/dzdm/X5/X5-5-DZ/M004/M004_017.wav,radio,播放广播到fm九幺六,播放广播到fm九幺六
chinese/dzdm/X5/X5-4-DZ/M002/M002_128.wav,map,带我到安达路与胡家桥路十字路口,带我到安达路与胡家桥路十字路口
chinese/dzdm/X5/X5-1-DZ/F002/F002_200.wav,help,音乐怎么用,音乐怎么用
chinese/dzdm/X5/X5-5-DZ/M003/M003_031.wav,meida,庄心妍爱囚,庄心妍爱囚
chinese/dzdm/X5/X5-4-DZ/M001/M001_031.wav,meida,切换音源,切换音源
chinese/dzdm/X5/X5-6-DZ/M006/M006_204.wav,help,天气帮助,天气帮助
chinese/dzdm/X5/X5-6-DZ/M008/M008_089.wav,map,导航到叶问咏春功夫窑菜,导航到叶问咏春功夫窑菜
chinese/dzdm/X5/X5-5-DZ/M004/M004_163.wav,traffic,车站北路上向南方向路况好不好,车站北路上向南方向路况好不好
chinese/dzdm/X5/X5-4-DZ/M001/M001_098.wav,map,带我到德国卡柏健康干洗宝岛世纪园南,带我到德国卡柏健康干洗宝岛世纪园南
chinese/dzdm/X5/X5-2-DZ/F004/F004_083.wav,telephone,帮我打回去,帮我打回去
chinese/dzdm/X5/X5-5-DZ/M005/M005_003.wav,radio,打开am频率八一零,打开am频率八一零
chinese/dzdm/X5/X5-3-DZ/F008/F008_028.wav,meida,我想听丁当的歌,我想听丁当的歌
chinese/dzdm/X5/X5-7-DZ/M009/M009_070.wav,telephone,拨打bonna李的公司电话,拨打bonna李的公司电话
chinese/dzdm/X5/X5-4-DZ/M002/M002_019.wav,radio,am五百九十四,am五百九十四
chinese/dzdm/X5/X5-5-DZ/M005/M005_023.wav,meida,播放歌曲逆战,播放歌曲逆战
chinese/dzdm/X5/X5-2-DZ/F005/F005_174.wav,wether,最近几天的气温,最近几天的气温
chinese/dzdm/X5/X5-4-DZ/M002/M002_014.wav,radio,频率幺零幺点七,频率幺零幺点七
chinese/dzdm/X5/X5-2-DZ/F006/F006_015.wav,radio,请切换到九一点三,请切换到九一点三
chinese/dzdm/X5/X5-4-DZ/M001/M001_024.wav,meida,听ipod,听ipod
chinese/dzdm/X5/X5-4-DZ/M001/M001_081.wav,telephone,给许源去电话,给许源去电话
chinese/dzdm/X5/X5-5-DZ/M004/M004_192.wav,new,我想看关于经济新闻,我想看关于经济新闻
chinese/dzdm/X5/X5-3-DZ/F008/F008_004.wav,radio,调到am一千零五十三,调到am一千零五十三
chinese/dzdm/X5/X5-6-DZ/M006/M006_136.wav,map,我想去金寨路上的银行,我想去金寨路上的银行
chinese/dzdm/X5/X5-6-DZ/M008/M008_019.wav,radio,调广播到fm九十一点二,调广播到fm九十一点二
chinese/dzdm/X5/X5-3-DZ/F007/F007_103.wav,map,沿途的麦当劳,沿途的麦当劳
chinese/dzdm/X5/X5-6-DZ/M007/M007_052.wav,telephone,请帮我打电话给尹玉玲,请帮我打电话给尹玉玲
chinese/dzdm/X5/X5-7-DZ/M010/M010_008.wav,radio,转到广播频道fm九一三,转到广播频道fm九一三
chinese/dzdm/X5/X5-6-DZ/M008/M008_107.wav,map,导航到崔北工业园区通港路一号,导航到崔北工业园区通港路一号
chinese/dzdm/X5/X5-6-DZ/M006/M006_030.wav,meida,来首时间煮雨,来首时间煮雨
chinese/dzdm/X5/X5-4-DZ/M002/M002_082.wav,telephone,卢卓冰,卢卓冰
chinese/dzdm/X5/X5-2-DZ/F005/F005_087.wav,map,我想找目的地附近的电影院,我想找目的地附近的电影院
chinese/dzdm/X5/X5-1-DZ/F001/F001_066.wav,telephone,我想给打电话,我想给打电话
chinese/dzdm/X5/X5-2-DZ/F006/F006_045.wav,telephone,打个电话给高宇,打个电话给高宇
chinese/dzdm/X5/X5-4-DZ/M001/M001_038.wav,meida,请打开媒体源,请打开媒体源
chinese/dzdm/X5/X5-5-DZ/M005/M005_175.wav,wether,最近几天的温度,最近几天的温度
chinese/dzdm/X5/X5-4-DZ/M001/M001_130.wav,map,我想找堡镇大众商场五金经营部,我想找堡镇大众商场五金经营部
chinese/dzdm/X5/X5-7-DZ/M009/M009_205.wav,,我想听凯叔讲故事,我想听凯叔讲故事
chinese/dzdm/X5/X5-7-DZ/M010/M010_196.wav,,播放小王子,播放小王子
chinese/dzdm/X5/X5-1-DZ/F003/F003_056.wav,telephone,拨打杨亮的家庭号码,拨打杨亮的家庭号码
chinese/dzdm/X5/X5-4-DZ/M002/M002_178.wav,wether,昨天合肥的气温多少,昨天合肥的气温多少
chinese/dzdm/X5/X5-5-DZ/M003/M003_105.wav,map,我要到安达路和胡家桥路十字路口,我要到安达路和胡家桥路十字路口
chinese/dzdm/X5/X5-3-DZ/F008/F008_169.wav,wether,合肥天气状况,合肥天气状况
chinese/dzdm/X5/X5-2-DZ/F006/F006_091.wav,map,把我带到我公司,把我带到我公司
chinese/dzdm/X5/X5-4-DZ/M001/M001_039.wav,meida,打开媒体源,打开媒体源
chinese/dzdm/X5/X5-5-DZ/M003/M003_133.wav,map,带我去安图路和靖宇东路十字口,带我去安图路和靖宇东路十字口
chinese/dzdm/X5/X5-6-DZ/M008/M008_213.wav,,我想听蓝迪四季歌,我想听蓝迪四季歌
chinese/dzdm/X5/X5-4-DZ/M002/M002_074.wav,telephone,给孙明回电话,给孙明回电话
chinese/dzdm/X5/X5-2-DZ/F004/F004_188.wav,new,我想查看关于国内新闻,我想查看关于国内新闻
chinese/dzdm/X5/X5-4-DZ/F010/F010_150.wav,map,导航到抱溪细院子,导航到抱溪细院子
chinese/dzdm/X5/X5-7-DZ/M010/M010_032.wav,meida,切换到上一个歌曲,切换到上一个歌曲
